league,season,date,game_week,home_team,away_team,home_goals,away_goals,home_xg,away_xg,is_crowds,miss_xg
Championship,2018/2019,2018-08-03,1,Reading,Derby_County,1,2,0.9282,0.7231,1,0
League One,2018/2019,2018-08-04,1,Sunderland,Charlton_Athletic,2,1,,,1,1
Championship,2018/2019,2018-08-04,1,Birmingham_City,Norwich_City,2,2,1.30576,1.79621,1,0
Championship,2018/2019,2018-08-04,1,Brentford,Rotherham_United,5,1,2.46905,0.6497,1,0
Championship,2018/2019,2018-08-04,1,Bristol_City,Nottingham_Forest,1,1,0.3572,0.7257,1,0
Championship,2018/2019,2018-08-04,1,Ipswich_Town,Blackburn_Rovers,2,2,0.6304,1.84022,1,0
Championship,2018/2019,2018-08-04,1,Millwall,Middlesbrough,2,2,2.2444,1.85202,1,0
Championship,2018/2019,2018-08-04,1,Preston_North_End,Queens_Park_Rangers,1,0,0.5895,0.4574,1,0
Championship,2018/2019,2018-08-04,1,West_Bromwich_Albion,Bolton_Wanderers,1,2,1.5088,1.26309,1,0
Championship,2018/2019,2018-08-04,1,Wigan_Athletic,Sheffield_Wednesday,3,2,2.24128,1.31208,1,0
Championship,2018/2019,2018-08-04,1,Sheffield_United,Swansea_City,1,2,0.6375,0.952,1,0
League One,2018/2019,2018-08-04,1,Accrington_Stanley,Gillingham,0,2,,,1,1
League One,2018/2019,2018-08-04,1,Barnsley,Oxford_United,4,0,,,1,1
League One,2018/2019,2018-08-04,1,Coventry_City,Scunthorpe_United,1,2,,,1,1
League One,2018/2019,2018-08-04,1,Fleetwood_Town,AFC_Wimbledon,0,1,,,1,1
League One,2018/2019,2018-08-04,1,Peterborough_United,Bristol_Rovers,2,1,,,1,1
League One,2018/2019,2018-08-04,1,Portsmouth,Luton_Town,1,0,,,1,1
League One,2018/2019,2018-08-04,1,Shrewsbury_Town,Bradford_City,0,1,,,1,1
League One,2018/2019,2018-08-04,1,Southend_United,Doncaster_Rovers,2,3,,,1,1
League One,2018/2019,2018-08-04,1,Walsall,Plymouth_Argyle,2,1,,,1,1
League One,2018/2019,2018-08-04,1,Wycombe_Wanderers,Blackpool,0,0,,,1,1
League One,2018/2019,2018-08-04,1,Burton_Albion,Rochdale,1,2,,,1,1
Championship,2018/2019,2018-08-05,1,Leeds_United,Stoke_City,3,1,1.6422,1.9168,1,0
Championship,2018/2019,2018-08-06,1,Hull_City,Aston_Villa,1,3,0.8278,0.9392,1,0
Championship,2018/2019,2018-08-07,4,Nottingham_Forest,West_Bromwich_Albion,1,1,1.07575,1.99877,1,0
Championship,2018/2019,2018-08-07,4,Middlesbrough,Sheffield_United,3,0,0.9211,1.1037,1,0
Premier League,2018/2019,2018-08-10,1,Manchester_United,Leicester_City,2,1,1.5109,1.7617,1,0
Premier League,2018/2019,2018-08-11,1,Wolverhampton_Wanderers,Everton,2,2,0.9902,0.9859,1,0
Premier League,2018/2019,2018-08-11,1,Watford,Brighton_&_Hove_Albion,2,0,1.22063,0.3127,1,0
Premier League,2018/2019,2018-08-11,1,Huddersfield_Town,Chelsea,0,3,0.2768,1.9416,1,0
Premier League,2018/2019,2018-08-11,1,Fulham,Crystal_Palace,0,2,0.683213,0.9805,1,0
Premier League,2018/2019,2018-08-11,1,AFC_Bournemouth,Cardiff_City,2,0,2.2033,1.58726,1,0
Premier League,2018/2019,2018-08-11,1,Newcastle_United,Tottenham_Hotspur,1,2,0.981675,2.0631,1,0
Championship,2018/2019,2018-08-11,2,Derby_County,Leeds_United,1,4,0.9614,1.70467,1,0
Championship,2018/2019,2018-08-11,2,Norwich_City,West_Bromwich_Albion,3,4,3.48414,1.44184,1,0
Championship,2018/2019,2018-08-11,2,Stoke_City,Brentford,1,1,1.3339,0.9018,1,0
Championship,2018/2019,2018-08-11,2,Sheffield_Wednesday,Hull_City,1,1,2.2884,2.04898,1,0
Championship,2018/2019,2018-08-11,2,Rotherham_United,Ipswich_Town,1,0,0.5485,0.802787,1,0
Championship,2018/2019,2018-08-11,2,Queens_Park_Rangers,Sheffield_United,1,2,0.6986,1.8779,1,0
Championship,2018/2019,2018-08-11,2,Nottingham_Forest,Reading,1,0,1.23122,0.9942,1,0
Championship,2018/2019,2018-08-11,2,Middlesbrough,Birmingham_City,1,0,1.5874,0.4743,1,0
Championship,2018/2019,2018-08-11,2,Bolton_Wanderers,Bristol_City,2,2,0.598,1.25444,1,0
Championship,2018/2019,2018-08-11,2,Blackburn_Rovers,Millwall,0,0,1.2984,0.4346,1,0
Championship,2018/2019,2018-08-11,2,Aston_Villa,Wigan_Athletic,3,2,1.8801,1.1618,1,0
Championship,2018/2019,2018-08-11,2,Swansea_City,Preston_North_End,1,0,1.6426,0.65597,1,0
League One,2018/2019,2018-08-11,2,AFC_Wimbledon,Coventry_City,0,0,,,1,1
League One,2018/2019,2018-08-11,2,Blackpool,Portsmouth,1,2,,,1,1
League One,2018/2019,2018-08-11,2,Plymouth_Argyle,Southend_United,1,1,,,1,1
League One,2018/2019,2018-08-11,2,Bradford_City,Barnsley,0,2,,,1,1
League One,2018/2019,2018-08-11,2,Bristol_Rovers,Accrington_Stanley,1,2,,,1,1
League One,2018/2019,2018-08-11,2,Charlton_Athletic,Shrewsbury_Town,2,1,,,1,1
League One,2018/2019,2018-08-11,2,Doncaster_Rovers,Wycombe_Wanderers,3,0,,,1,1
League One,2018/2019,2018-08-11,2,Gillingham,Burton_Albion,3,1,,,1,1
League One,2018/2019,2018-08-11,2,Luton_Town,Sunderland,1,1,,,1,1
League One,2018/2019,2018-08-11,2,Oxford_United,Fleetwood_Town,0,2,,,1,1
League One,2018/2019,2018-08-11,2,Rochdale,Peterborough_United,1,4,,,1,1
League One,2018/2019,2018-08-11,2,Scunthorpe_United,Walsall,1,1,,,1,1
Premier League,2018/2019,2018-08-12,1,Southampton,Burnley,0,0,1.1035,1.40831,1,0
Premier League,2018/2019,2018-08-12,1,Liverpool,West_Ham_United,4,0,4.04272,0.6734,1,0
Premier League,2018/2019,2018-08-12,1,Arsenal,Manchester_City,0,2,0.476449,1.71708,1,0
Championship,2018/2019,2018-08-17,3,Birmingham_City,Swansea_City,0,0,1.5328,0.2389,1,0
Championship,2018/2019,2018-08-18,3,Reading,Bolton_Wanderers,0,1,1.1109,1.1202,1,0
Championship,2018/2019,2018-08-18,3,West_Bromwich_Albion,Queens_Park_Rangers,7,1,4.19661,0.7043,1,0
Championship,2018/2019,2018-08-18,3,Sheffield_United,Norwich_City,2,1,1.882,2.35985,1,0
Championship,2018/2019,2018-08-18,3,Wigan_Athletic,Nottingham_Forest,2,2,3.73218,1.754,1,0
Premier League,2018/2019,2018-08-18,2,Everton,Southampton,2,1,1.5078,1.75501,1,0
Premier League,2018/2019,2018-08-18,2,Chelsea,Arsenal,3,2,1.6194,2.38538,1,0
Premier League,2018/2019,2018-08-18,2,West_Ham_United,AFC_Bournemouth,1,2,1.1761,1.3563,1,0
Premier League,2018/2019,2018-08-18,2,Tottenham_Hotspur,Fulham,3,1,2.89396,1.58212,1,0
Premier League,2018/2019,2018-08-18,2,Leicester_City,Wolverhampton_Wanderers,2,0,0.223347,1.1074,1,0
Championship,2018/2019,2018-08-18,3,Leeds_United,Rotherham_United,2,0,1.84706,0.7929,1,0
Premier League,2018/2019,2018-08-18,2,Cardiff_City,Newcastle_United,0,0,0.901626,1.6052,1,0
Championship,2018/2019,2018-08-18,3,Preston_North_End,Stoke_City,2,2,2.27645,0.812,1,0
Championship,2018/2019,2018-08-18,3,Ipswich_Town,Aston_Villa,1,1,0.827209,0.509758,1,0
Championship,2018/2019,2018-08-18,3,Millwall,Derby_County,2,1,1.1378,0.652714,1,0
Championship,2018/2019,2018-08-18,3,Bristol_City,Middlesbrough,0,2,0.83043,1.88893,1,0
League One,2018/2019,2018-08-18,3,Accrington_Stanley,Charlton_Athletic,1,1,,,1,1
League One,2018/2019,2018-08-18,3,Barnsley,AFC_Wimbledon,0,0,,,1,1
League One,2018/2019,2018-08-18,3,Wycombe_Wanderers,Bristol_Rovers,1,2,,,1,1
League One,2018/2019,2018-08-18,3,Walsall,Gillingham,2,1,,,1,1
League One,2018/2019,2018-08-18,3,Southend_United,Bradford_City,2,0,,,1,1
League One,2018/2019,2018-08-18,3,Shrewsbury_Town,Blackpool,0,0,,,1,1
League One,2018/2019,2018-08-18,3,Burton_Albion,Doncaster_Rovers,1,0,,,1,1
Championship,2018/2019,2018-08-18,3,Hull_City,Blackburn_Rovers,0,1,0.5283,2.78703,1,0
League One,2018/2019,2018-08-18,3,Portsmouth,Oxford_United,4,1,,,1,1
League One,2018/2019,2018-08-18,3,Peterborough_United,Luton_Town,3,1,,,1,1
League One,2018/2019,2018-08-18,3,Fleetwood_Town,Rochdale,2,2,,,1,1
League One,2018/2019,2018-08-18,3,Coventry_City,Plymouth_Argyle,1,0,,,1,1
Premier League,2018/2019,2018-08-19,2,Burnley,Watford,1,3,0.590836,1.48144,1,0
Premier League,2018/2019,2018-08-19,2,Manchester_City,Huddersfield_Town,6,1,4.33938,0.6745,1,0
Premier League,2018/2019,2018-08-19,2,Brighton_&_Hove_Albion,Manchester_United,3,2,1.6642,1.38853,1,0
Championship,2018/2019,2018-08-19,3,Brentford,Sheffield_Wednesday,2,0,2.39527,0.2143,1,0
League One,2018/2019,2018-08-19,3,Sunderland,Scunthorpe_United,3,0,,,1,1
Premier League,2018/2019,2018-08-20,2,Crystal_Palace,Liverpool,0,2,0.413003,2.60403,1,0
League One,2018/2019,2018-08-21,4,Luton_Town,Southend_United,2,0,,,1,1
League One,2018/2019,2018-08-21,4,Doncaster_Rovers,Shrewsbury_Town,0,0,,,1,1
League One,2018/2019,2018-08-21,4,Charlton_Athletic,Peterborough_United,0,1,,,1,1
League One,2018/2019,2018-08-21,4,Bristol_Rovers,Portsmouth,1,2,,,1,1
League One,2018/2019,2018-08-21,4,Blackpool,Coventry_City,2,0,,,1,1
Championship,2018/2019,2018-08-21,4,Swansea_City,Leeds_United,2,2,0.8537,1.2404,1,0
Championship,2018/2019,2018-08-21,4,Rotherham_United,Hull_City,2,3,1.9673,1.47785,1,0
Championship,2018/2019,2018-08-21,4,Queens_Park_Rangers,Bristol_City,0,3,1.52811,1.46943,1,0
Championship,2018/2019,2018-08-21,4,Derby_County,Ipswich_Town,2,0,0.4325,0.4531,1,0
League One,2018/2019,2018-08-21,4,AFC_Wimbledon,Walsall,1,3,,,1,1
League One,2018/2019,2018-08-21,4,Oxford_United,Accrington_Stanley,2,3,,,1,1
League One,2018/2019,2018-08-21,4,Plymouth_Argyle,Wycombe_Wanderers,1,1,,,1,1
League One,2018/2019,2018-08-21,4,Bradford_City,Burton_Albion,1,0,,,1,1
League One,2018/2019,2018-08-21,4,Rochdale,Barnsley,0,4,,,1,1
Championship,2018/2019,2018-08-22,4,Sheffield_Wednesday,Millwall,2,1,2.0968,1.25244,1,0
Championship,2018/2019,2018-08-22,4,Bolton_Wanderers,Birmingham_City,1,0,0.928094,0.837565,1,0
Championship,2018/2019,2018-08-22,4,Aston_Villa,Brentford,2,2,1.0452,1.58153,1,0
League One,2018/2019,2018-08-22,4,Gillingham,Sunderland,1,4,,,1,1
Championship,2018/2019,2018-08-22,4,Stoke_City,Wigan_Athletic,0,3,0.4883,2.4929,1,0
Championship,2018/2019,2018-08-22,4,Blackburn_Rovers,Reading,2,2,2.28211,0.858124,1,0
Championship,2018/2019,2018-08-22,4,Norwich_City,Preston_North_End,2,0,0.5771,0.430841,1,0
League One,2018/2019,2018-08-22,4,Scunthorpe_United,Fleetwood_Town,0,5,,,1,1
Championship,2018/2019,2018-08-24,5,Middlesbrough,West_Bromwich_Albion,1,0,1.9282,0.611647,1,0
Championship,2018/2019,2018-08-25,5,Bolton_Wanderers,Sheffield_United,0,3,0.4591,1.0525,1,0
Championship,2018/2019,2018-08-25,5,Aston_Villa,Reading,1,1,1.7277,2.14275,1,0
Championship,2018/2019,2018-08-25,5,Derby_County,Preston_North_End,2,0,0.8027,0.4052,1,0
Championship,2018/2019,2018-08-25,5,Norwich_City,Leeds_United,0,3,0.515873,0.602688,1,0
Premier League,2018/2019,2018-08-25,3,Liverpool,Brighton_&_Hove_Albion,1,0,1.6343,0.5853,1,0
Championship,2018/2019,2018-08-25,5,Sheffield_Wednesday,Ipswich_Town,2,1,1.69949,0.722064,1,0
Championship,2018/2019,2018-08-25,5,Stoke_City,Hull_City,2,0,0.9666,0.1824,1,0
Championship,2018/2019,2018-08-25,5,Blackburn_Rovers,Brentford,1,0,0.3331,0.6955,1,0
Premier League,2018/2019,2018-08-25,3,Southampton,Leicester_City,1,2,0.5095,0.6533,1,0
League One,2018/2019,2018-08-25,5,Scunthorpe_United,Barnsley,2,2,,,1,1
League One,2018/2019,2018-08-25,5,Rochdale,Walsall,1,2,,,1,1
League One,2018/2019,2018-08-25,5,Plymouth_Argyle,Peterborough_United,1,5,,,1,1
League One,2018/2019,2018-08-25,5,Oxford_United,Burton_Albion,3,1,,,1,1
League One,2018/2019,2018-08-25,5,Luton_Town,Shrewsbury_Town,3,2,,,1,1
League One,2018/2019,2018-08-25,5,Gillingham,Coventry_City,1,1,,,1,1
League One,2018/2019,2018-08-25,5,Doncaster_Rovers,Portsmouth,0,0,,,1,1
League One,2018/2019,2018-08-25,5,Charlton_Athletic,Fleetwood_Town,0,0,,,1,1
League One,2018/2019,2018-08-25,5,Bristol_Rovers,Southend_United,0,1,,,1,1
League One,2018/2019,2018-08-25,5,Bradford_City,Wycombe_Wanderers,1,2,,,1,1
League One,2018/2019,2018-08-25,5,Blackpool,Accrington_Stanley,1,1,,,1,1
Championship,2018/2019,2018-08-25,5,Swansea_City,Bristol_City,0,1,0.5728,1.71413,1,0
Championship,2018/2019,2018-08-25,5,Nottingham_Forest,Birmingham_City,2,2,0.389991,0.6537,1,0
Championship,2018/2019,2018-08-25,5,Queens_Park_Rangers,Wigan_Athletic,1,0,0.6481,1.29829,1,0
League One,2018/2019,2018-08-25,5,AFC_Wimbledon,Sunderland,1,2,,,1,1
Premier League,2018/2019,2018-08-25,3,Huddersfield_Town,Cardiff_City,0,0,0.208929,0.90125,1,0
Premier League,2018/2019,2018-08-25,3,Arsenal,West_Ham_United,3,1,1.803,1.0768,1,0
Premier League,2018/2019,2018-08-25,3,AFC_Bournemouth,Everton,2,2,2.18237,0.6357,1,0
Premier League,2018/2019,2018-08-25,3,Wolverhampton_Wanderers,Manchester_City,1,1,1.1468,1.6128,1,0
Premier League,2018/2019,2018-08-26,3,Watford,Crystal_Palace,2,1,1.1605,1.0226,1,0
Premier League,2018/2019,2018-08-26,3,Fulham,Burnley,4,2,1.32156,1.48077,1,0
Premier League,2018/2019,2018-08-26,3,Newcastle_United,Chelsea,1,2,0.2339,1.4949,1,0
Championship,2018/2019,2018-08-26,5,Rotherham_United,Millwall,1,0,0.984547,0.6994,1,0
Premier League,2018/2019,2018-08-27,3,Manchester_United,Tottenham_Hotspur,0,3,1.4923,1.2964,1,0
Championship,2018/2019,2018-08-31,6,Leeds_United,Middlesbrough,0,0,0.4328,0.5507,1,0
Premier League,2018/2019,2018-09-01,4,Chelsea,AFC_Bournemouth,2,0,1.10518,0.8912,1,0
Premier League,2018/2019,2018-09-01,4,Everton,Huddersfield_Town,1,1,0.8476,0.4259,1,0
League One,2018/2019,2018-09-01,6,Wycombe_Wanderers,Luton_Town,1,1,,,1,1
League One,2018/2019,2018-09-01,6,Walsall,Blackpool,0,0,,,1,1
League One,2018/2019,2018-09-01,6,Sunderland,Oxford_United,1,1,,,1,1
League One,2018/2019,2018-09-01,6,Southend_United,Charlton_Athletic,1,2,,,1,1
League One,2018/2019,2018-09-01,6,Shrewsbury_Town,Bristol_Rovers,1,1,,,1,1
League One,2018/2019,2018-09-01,6,Portsmouth,Plymouth_Argyle,3,0,,,1,1
League One,2018/2019,2018-09-01,6,Peterborough_United,Doncaster_Rovers,1,1,,,1,1
League One,2018/2019,2018-09-01,6,Fleetwood_Town,Bradford_City,2,1,,,1,1
League One,2018/2019,2018-09-01,6,Coventry_City,Rochdale,0,1,,,1,1
League One,2018/2019,2018-09-01,6,Burton_Albion,AFC_Wimbledon,3,0,,,1,1
Premier League,2018/2019,2018-09-01,4,Leicester_City,Liverpool,1,2,1.0465,1.05109,1,0
Premier League,2018/2019,2018-09-01,4,West_Ham_United,Wolverhampton_Wanderers,0,1,1.087,1.0513,1,0
League One,2018/2019,2018-09-01,6,Barnsley,Gillingham,2,1,,,1,1
League One,2018/2019,2018-09-01,6,Accrington_Stanley,Scunthorpe_United,1,1,,,1,1
Premier League,2018/2019,2018-09-01,4,Brighton_&_Hove_Albion,Fulham,2,2,2.93384,1.646,1,0
Premier League,2018/2019,2018-09-01,4,Manchester_City,Newcastle_United,2,1,1.96647,0.487,1,0
Premier League,2018/2019,2018-09-01,4,Crystal_Palace,Southampton,0,2,2.38375,3.10276,1,0
Championship,2018/2019,2018-09-01,6,Birmingham_City,Queens_Park_Rangers,0,0,0.3124,1.9518,1,0
Championship,2018/2019,2018-09-01,6,Hull_City,Derby_County,1,2,1.36064,1.4216,1,0
Championship,2018/2019,2018-09-01,6,Preston_North_End,Bolton_Wanderers,2,2,1.213,0.618695,1,0
Championship,2018/2019,2018-09-01,6,Reading,Sheffield_Wednesday,1,2,0.9878,0.46727,1,0
Championship,2018/2019,2018-09-01,6,Sheffield_United,Aston_Villa,4,1,0.9152,0.40828,1,0
Championship,2018/2019,2018-09-01,6,Millwall,Swansea_City,1,2,1.3089,1.1858,1,0
Championship,2018/2019,2018-09-01,6,West_Bromwich_Albion,Stoke_City,2,1,1.542,1.7957,1,0
Championship,2018/2019,2018-09-01,6,Wigan_Athletic,Rotherham_United,1,0,1.11038,0.6756,1,0
Championship,2018/2019,2018-09-01,6,Brentford,Nottingham_Forest,2,1,1.9303,0.2039,1,0
Premier League,2018/2019,2018-09-02,4,Burnley,Manchester_United,0,2,0.8308,2.56704,1,0
Premier League,2018/2019,2018-09-02,4,Cardiff_City,Arsenal,2,3,1.0099,1.68887,1,0
Premier League,2018/2019,2018-09-02,4,Watford,Tottenham_Hotspur,2,1,0.4462,0.6344,1,0
Championship,2018/2019,2018-09-02,6,Bristol_City,Blackburn_Rovers,4,1,1.9241,1.2815,1,0
Championship,2018/2019,2018-09-02,6,Ipswich_Town,Norwich_City,1,1,1.53345,0.8671,1,0
League One,2018/2019,2018-09-08,7,Portsmouth,Shrewsbury_Town,1,1,,,1,1
League One,2018/2019,2018-09-08,7,Scunthorpe_United,Rochdale,3,3,,,1,1
League One,2018/2019,2018-09-08,7,Bristol_Rovers,Plymouth_Argyle,0,0,,,1,1
League One,2018/2019,2018-09-08,7,Sunderland,Fleetwood_Town,1,1,,,1,1
League One,2018/2019,2018-09-08,7,Barnsley,Walsall,1,1,,,1,1
League One,2018/2019,2018-09-08,7,Blackpool,Bradford_City,3,2,,,1,1
League One,2018/2019,2018-09-08,7,Charlton_Athletic,Wycombe_Wanderers,3,2,,,1,1
League One,2018/2019,2018-09-08,7,Southend_United,Peterborough_United,2,3,,,1,1
League One,2018/2019,2018-09-08,7,Gillingham,AFC_Wimbledon,0,1,,,1,1
League One,2018/2019,2018-09-08,7,Accrington_Stanley,Burton_Albion,1,1,,,1,1
League One,2018/2019,2018-09-08,7,Doncaster_Rovers,Luton_Town,2,1,,,1,1
League One,2018/2019,2018-09-09,7,Oxford_United,Coventry_City,1,2,,,1,1
Championship,2018/2019,2018-09-14,7,Birmingham_City,West_Bromwich_Albion,1,1,2.8638,1.69514,1,0
Championship,2018/2019,2018-09-15,7,Brentford,Wigan_Athletic,2,0,3.43538,0.695031,1,0
Premier League,2018/2019,2018-09-15,5,Manchester_City,Fulham,3,0,4.81126,0.3728,1,0
Championship,2018/2019,2018-09-15,7,Norwich_City,Middlesbrough,1,0,0.7503,0.6151,1,0
Championship,2018/2019,2018-09-15,7,Preston_North_End,Reading,2,3,2.4586,1.5722,1,0
Championship,2018/2019,2018-09-15,7,Rotherham_United,Derby_County,1,0,1.5481,0.5735,1,0
Championship,2018/2019,2018-09-15,7,Sheffield_Wednesday,Stoke_City,2,2,0.9796,1.94254,1,0
Championship,2018/2019,2018-09-15,7,Swansea_City,Nottingham_Forest,0,0,0.242,0.8529,1,0
Championship,2018/2019,2018-09-15,7,Blackburn_Rovers,Aston_Villa,1,1,1.00901,0.8765,1,0
Premier League,2018/2019,2018-09-15,5,Huddersfield_Town,Crystal_Palace,0,1,0.939,0.6526,1,0
Premier League,2018/2019,2018-09-15,5,Chelsea,Cardiff_City,4,1,2.6453,0.744,1,0
Championship,2018/2019,2018-09-15,7,Hull_City,Ipswich_Town,2,0,1.5432,0.2886,1,0
Premier League,2018/2019,2018-09-15,5,AFC_Bournemouth,Leicester_City,4,2,2.2554,2.31415,1,0
Premier League,2018/2019,2018-09-15,5,Watford,Manchester_United,1,2,1.253,1.8901,1,0
Premier League,2018/2019,2018-09-15,5,Newcastle_United,Arsenal,1,2,0.387,0.965841,1,0
Premier League,2018/2019,2018-09-15,5,Tottenham_Hotspur,Liverpool,1,2,1.0148,2.57598,1,0
Championship,2018/2019,2018-09-15,7,Millwall,Leeds_United,1,1,1.8245,1.4317,1,0
Championship,2018/2019,2018-09-15,7,Bristol_City,Sheffield_United,1,0,0.70195,0.553077,1,0
Championship,2018/2019,2018-09-15,7,Bolton_Wanderers,Queens_Park_Rangers,1,2,0.4791,1.5968,1,0
League One,2018/2019,2018-09-15,8,Peterborough_United,Portsmouth,1,2,,,1,1
League One,2018/2019,2018-09-15,8,AFC_Wimbledon,Scunthorpe_United,2,3,,,1,1
League One,2018/2019,2018-09-15,8,Bradford_City,Charlton_Athletic,0,2,,,1,1
League One,2018/2019,2018-09-15,8,Fleetwood_Town,Accrington_Stanley,1,1,,,1,1
League One,2018/2019,2018-09-15,8,Coventry_City,Barnsley,1,0,,,1,1
League One,2018/2019,2018-09-15,8,Burton_Albion,Sunderland,2,1,,,1,1
League One,2018/2019,2018-09-15,8,Plymouth_Argyle,Blackpool,0,1,,,1,1
League One,2018/2019,2018-09-15,8,Rochdale,Gillingham,3,0,,,1,1
League One,2018/2019,2018-09-15,8,Shrewsbury_Town,Southend_United,2,0,,,1,1
League One,2018/2019,2018-09-15,8,Walsall,Doncaster_Rovers,1,4,,,1,1
League One,2018/2019,2018-09-15,8,Wycombe_Wanderers,Oxford_United,0,0,,,1,1
League One,2018/2019,2018-09-15,8,Luton_Town,Bristol_Rovers,1,0,,,1,1
Premier League,2018/2019,2018-09-16,5,Wolverhampton_Wanderers,Burnley,1,0,2.78921,0.2919,1,0
Premier League,2018/2019,2018-09-16,5,Everton,West_Ham_United,1,3,1.35106,1.24606,1,0
Premier League,2018/2019,2018-09-17,5,Southampton,Brighton_&_Hove_Albion,2,2,2.02593,1.58134,1,0
Championship,2018/2019,2018-09-18,8,West_Bromwich_Albion,Bristol_City,4,2,2.6783,1.93197,1,0
Championship,2018/2019,2018-09-18,8,Derby_County,Blackburn_Rovers,0,0,1.30722,0.5931,1,0
Championship,2018/2019,2018-09-18,8,Leeds_United,Preston_North_End,3,0,2.266,0.1696,1,0
Championship,2018/2019,2018-09-18,8,Wigan_Athletic,Hull_City,2,1,1.661,0.6135,1,0
Championship,2018/2019,2018-09-18,8,Aston_Villa,Rotherham_United,2,0,1.3733,0.62,1,0
Championship,2018/2019,2018-09-18,8,Ipswich_Town,Brentford,1,1,0.744755,1.16257,1,0
Championship,2018/2019,2018-09-18,8,Stoke_City,Swansea_City,1,0,1.98208,0.8405,1,0
Championship,2018/2019,2018-09-19,8,Reading,Norwich_City,1,2,0.9503,0.629642,1,0
Championship,2018/2019,2018-09-19,8,Sheffield_United,Birmingham_City,0,0,0.6339,1.802,1,0
Championship,2018/2019,2018-09-19,8,Queens_Park_Rangers,Millwall,2,0,2.2771,0.8085,1,0
Championship,2018/2019,2018-09-19,8,Nottingham_Forest,Sheffield_Wednesday,2,1,1.4404,0.5353,1,0
Championship,2018/2019,2018-09-19,8,Middlesbrough,Bolton_Wanderers,2,0,1.23632,0.398152,1,0
Championship,2018/2019,2018-09-21,9,Wigan_Athletic,Bristol_City,1,0,0.5976,0.7643,1,0
Championship,2018/2019,2018-09-22,9,Queens_Park_Rangers,Norwich_City,0,1,0.514,1.0829,1,0
Championship,2018/2019,2018-09-22,9,West_Bromwich_Albion,Millwall,2,0,1.4257,0.431776,1,0
League One,2018/2019,2018-09-22,9,Sunderland,Rochdale,4,1,,,1,1
Championship,2018/2019,2018-09-22,9,Reading,Hull_City,3,0,1.95282,1.0267,1,0
Championship,2018/2019,2018-09-22,9,Sheffield_United,Preston_North_End,3,2,2.0579,0.8975,1,0
League One,2018/2019,2018-09-22,9,Southend_United,Fleetwood_Town,1,0,,,1,1
Championship,2018/2019,2018-09-22,9,Nottingham_Forest,Rotherham_United,1,0,1.2645,0.2675,1,0
Championship,2018/2019,2018-09-22,9,Middlesbrough,Swansea_City,0,0,0.6708,0.2575,1,0
Championship,2018/2019,2018-09-22,9,Leeds_United,Birmingham_City,1,2,1.0336,0.1709,1,0
Championship,2018/2019,2018-09-22,9,Ipswich_Town,Bolton_Wanderers,0,0,0.3637,0.33193,1,0
Championship,2018/2019,2018-09-22,9,Derby_County,Brentford,3,1,1.85589,0.4959,1,0
Championship,2018/2019,2018-09-22,9,Aston_Villa,Sheffield_Wednesday,1,2,1.4897,1.25574,1,0
Championship,2018/2019,2018-09-22,9,Stoke_City,Blackburn_Rovers,2,3,3.9107,1.35016,1,0
League One,2018/2019,2018-09-22,9,Scunthorpe_United,Shrewsbury_Town,1,0,,,1,1
League One,2018/2019,2018-09-22,9,Bristol_Rovers,Coventry_City,3,1,,,1,1
League One,2018/2019,2018-09-22,9,Oxford_United,Walsall,1,2,,,1,1
League One,2018/2019,2018-09-22,9,Blackpool,Luton_Town,0,0,,,1,1
League One,2018/2019,2018-09-22,9,Accrington_Stanley,AFC_Wimbledon,2,1,,,1,1
Premier League,2018/2019,2018-09-22,6,Fulham,Watford,1,1,1.71053,1.3811,1,0
Premier League,2018/2019,2018-09-22,6,Burnley,AFC_Bournemouth,4,0,2.14392,0.99978,1,0
Premier League,2018/2019,2018-09-22,6,Cardiff_City,Manchester_City,0,5,0.1276,2.53247,1,0
Premier League,2018/2019,2018-09-22,6,Crystal_Palace,Newcastle_United,0,0,0.8674,0.247,1,0
Premier League,2018/2019,2018-09-22,6,Leicester_City,Huddersfield_Town,3,1,1.6681,0.687,1,0
Premier League,2018/2019,2018-09-22,6,Manchester_United,Wolverhampton_Wanderers,1,1,0.585832,0.967666,1,0
Premier League,2018/2019,2018-09-22,6,Brighton_&_Hove_Albion,Tottenham_Hotspur,1,2,0.7523,2.0173,1,0
League One,2018/2019,2018-09-22,9,Charlton_Athletic,Plymouth_Argyle,2,1,,,1,1
Premier League,2018/2019,2018-09-22,6,Liverpool,Southampton,3,0,1.67521,0.3312,1,0
League One,2018/2019,2018-09-22,9,Doncaster_Rovers,Bradford_City,2,1,,,1,1
League One,2018/2019,2018-09-22,9,Gillingham,Peterborough_United,2,4,,,1,1
League One,2018/2019,2018-09-22,9,Portsmouth,Wycombe_Wanderers,2,2,,,1,1
Premier League,2018/2019,2018-09-23,6,Arsenal,Everton,2,0,0.785219,0.8548,1,0
Premier League,2018/2019,2018-09-23,6,West_Ham_United,Chelsea,0,0,0.9983,1.4951,1,0
Championship,2018/2019,2018-09-28,10,Sheffield_Wednesday,Leeds_United,1,1,0.394,1.60296,1,0
Championship,2018/2019,2018-09-28,10,Bristol_City,Aston_Villa,1,1,0.3436,0.4997,1,0
Championship,2018/2019,2018-09-29,10,Millwall,Sheffield_United,2,3,1.1501,3.4465,1,0
Championship,2018/2019,2018-09-29,10,Hull_City,Middlesbrough,1,1,1.4606,1.1395,1,0
Championship,2018/2019,2018-09-29,10,Brentford,Reading,2,2,2.4938,2.1184,1,0
Championship,2018/2019,2018-09-29,10,Bolton_Wanderers,Derby_County,1,0,0.3149,1.0729,1,0
Championship,2018/2019,2018-09-29,10,Blackburn_Rovers,Nottingham_Forest,2,2,2.0404,3.28977,1,0
Championship,2018/2019,2018-09-29,10,Birmingham_City,Ipswich_Town,2,2,2.34961,0.4724,1,0
Premier League,2018/2019,2018-09-29,7,Everton,Fulham,3,0,2.4005,0.4827,1,0
Premier League,2018/2019,2018-09-29,7,Chelsea,Liverpool,1,1,1.0911,1.6099,1,0
Premier League,2018/2019,2018-09-29,7,Wolverhampton_Wanderers,Southampton,2,0,1.6419,0.771615,1,0
Premier League,2018/2019,2018-09-29,7,Newcastle_United,Leicester_City,0,2,0.4106,1.68057,1,0
Premier League,2018/2019,2018-09-29,7,Manchester_City,Brighton_&_Hove_Albion,2,0,2.72434,0.2489,1,0
Premier League,2018/2019,2018-09-29,7,Huddersfield_Town,Tottenham_Hotspur,0,2,0.4288,2.1354,1,0
Championship,2018/2019,2018-09-29,10,Norwich_City,Wigan_Athletic,1,0,1.4457,0.489272,1,0
Premier League,2018/2019,2018-09-29,7,Arsenal,Watford,2,0,1.391,2.76445,1,0
Premier League,2018/2019,2018-09-29,7,West_Ham_United,Manchester_United,3,1,1.3606,0.6658,1,0
Championship,2018/2019,2018-09-29,10,Swansea_City,Queens_Park_Rangers,3,0,1.7509,0.758132,1,0
Championship,2018/2019,2018-09-29,10,Rotherham_United,Stoke_City,2,2,2.24825,1.30987,1,0
League One,2018/2019,2018-09-29,10,Coventry_City,Sunderland,1,1,,,1,1
League One,2018/2019,2018-09-29,10,AFC_Wimbledon,Oxford_United,2,1,,,1,1
League One,2018/2019,2018-09-29,10,Bradford_City,Bristol_Rovers,0,0,,,1,1
League One,2018/2019,2018-09-29,10,Burton_Albion,Scunthorpe_United,0,0,,,1,1
League One,2018/2019,2018-09-29,10,Fleetwood_Town,Barnsley,1,3,,,1,1
League One,2018/2019,2018-09-29,10,Luton_Town,Charlton_Athletic,2,2,,,1,1
League One,2018/2019,2018-09-29,10,Peterborough_United,Blackpool,2,2,,,1,1
League One,2018/2019,2018-09-29,10,Plymouth_Argyle,Doncaster_Rovers,2,3,,,1,1
League One,2018/2019,2018-09-29,10,Rochdale,Portsmouth,1,3,,,1,1
League One,2018/2019,2018-09-29,10,Walsall,Accrington_Stanley,0,1,,,1,1
League One,2018/2019,2018-09-29,10,Wycombe_Wanderers,Southend_United,2,3,,,1,1
Championship,2018/2019,2018-09-29,10,Preston_North_End,West_Bromwich_Albion,2,3,1.23467,1.84846,1,0
League One,2018/2019,2018-09-29,10,Shrewsbury_Town,Gillingham,2,2,,,1,1
Premier League,2018/2019,2018-09-30,7,Cardiff_City,Burnley,1,2,1.73047,0.2739,1,0
Premier League,2018/2019,2018-10-01,7,AFC_Bournemouth,Crystal_Palace,2,1,1.81079,0.4314,1,0
League One,2018/2019,2018-10-02,11,Burton_Albion,Southend_United,1,2,,,1,1
Championship,2018/2019,2018-10-02,11,Aston_Villa,Preston_North_End,3,3,1.58353,2.6206,1,0
Championship,2018/2019,2018-10-02,11,Brentford,Birmingham_City,1,1,0.826613,1.48183,1,0
Championship,2018/2019,2018-10-02,11,Ipswich_Town,Middlesbrough,0,2,0.4213,1.02794,1,0
Championship,2018/2019,2018-10-02,11,Wigan_Athletic,Swansea_City,0,0,1.34743,1.59622,1,0
Championship,2018/2019,2018-10-02,11,Hull_City,Leeds_United,0,1,0.654502,1.695,1,0
League One,2018/2019,2018-10-02,11,Coventry_City,Portsmouth,0,1,,,1,1
Championship,2018/2019,2018-10-02,11,Reading,Queens_Park_Rangers,0,1,0.7052,1.29108,1,0
League One,2018/2019,2018-10-02,11,Walsall,Shrewsbury_Town,0,0,,,1,1
League One,2018/2019,2018-10-02,11,Sunderland,Peterborough_United,2,2,,,1,1
League One,2018/2019,2018-10-02,11,Rochdale,Bristol_Rovers,0,0,,,1,1
League One,2018/2019,2018-10-02,11,Oxford_United,Luton_Town,1,2,,,1,1
League One,2018/2019,2018-10-02,11,AFC_Wimbledon,Bradford_City,0,1,,,1,1
League One,2018/2019,2018-10-02,11,Fleetwood_Town,Wycombe_Wanderers,1,1,,,1,1
League One,2018/2019,2018-10-02,11,Barnsley,Plymouth_Argyle,1,1,,,1,1
Championship,2018/2019,2018-10-02,11,Stoke_City,Bolton_Wanderers,2,0,1.61523,0.3201,1,0
League One,2018/2019,2018-10-02,11,Accrington_Stanley,Doncaster_Rovers,1,0,,,1,1
League One,2018/2019,2018-10-02,11,Scunthorpe_United,Charlton_Athletic,5,3,,,1,1
Championship,2018/2019,2018-10-03,11,Blackburn_Rovers,Sheffield_United,0,2,0.8927,2.15725,1,0
Championship,2018/2019,2018-10-03,11,Derby_County,Norwich_City,1,1,1.10542,0.8648,1,0
Championship,2018/2019,2018-10-03,11,Nottingham_Forest,Millwall,2,2,0.302,2.34031,1,0
Championship,2018/2019,2018-10-03,11,Rotherham_United,Bristol_City,0,0,1.38213,1.46191,1,0
Championship,2018/2019,2018-10-03,11,Sheffield_Wednesday,West_Bromwich_Albion,2,2,1.2094,1.08965,1,0
Premier League,2018/2019,2018-10-05,8,Brighton_&_Hove_Albion,West_Ham_United,1,0,1.1901,1.4474,1,0
League One,2018/2019,2018-10-06,12,Doncaster_Rovers,Fleetwood_Town,0,4,,,1,1
Championship,2018/2019,2018-10-06,12,Leeds_United,Brentford,1,1,1.23499,1.55515,1,0
Championship,2018/2019,2018-10-06,12,Birmingham_City,Rotherham_United,3,1,1.54714,0.54,1,0
Championship,2018/2019,2018-10-06,12,Middlesbrough,Nottingham_Forest,0,2,1.3992,1.2419,1,0
Championship,2018/2019,2018-10-06,12,Millwall,Aston_Villa,2,1,1.1597,0.8314,1,0
Championship,2018/2019,2018-10-06,12,Preston_North_End,Wigan_Athletic,4,0,2.0074,1.1282,1,0
Championship,2018/2019,2018-10-06,12,Queens_Park_Rangers,Derby_County,1,1,1.21716,0.870085,1,0
Championship,2018/2019,2018-10-06,12,Sheffield_United,Hull_City,1,0,2.0249,0.5306,1,0
Championship,2018/2019,2018-10-06,12,Swansea_City,Ipswich_Town,2,3,2.33301,0.8815,1,0
League One,2018/2019,2018-10-06,12,Bristol_Rovers,Walsall,0,1,,,1,1
League One,2018/2019,2018-10-06,12,Bradford_City,Sunderland,1,2,,,1,1
League One,2018/2019,2018-10-06,12,Blackpool,Rochdale,2,2,,,1,1
League One,2018/2019,2018-10-06,12,Charlton_Athletic,Coventry_City,1,2,,,1,1
Premier League,2018/2019,2018-10-06,8,Manchester_United,Newcastle_United,3,2,1.88324,1.5839,1,0
Premier League,2018/2019,2018-10-06,8,Watford,AFC_Bournemouth,0,4,1.06962,3.19109,1,0
Premier League,2018/2019,2018-10-06,8,Tottenham_Hotspur,Cardiff_City,1,0,2.04935,1.22814,1,0
Premier League,2018/2019,2018-10-06,8,Leicester_City,Everton,1,2,0.9194,1.26521,1,0
Premier League,2018/2019,2018-10-06,8,Crystal_Palace,Wolverhampton_Wanderers,0,1,1.36866,0.7449,1,0
Premier League,2018/2019,2018-10-06,8,Burnley,Huddersfield_Town,1,1,0.361846,0.986,1,0
Championship,2018/2019,2018-10-06,12,Bolton_Wanderers,Blackburn_Rovers,0,1,0.9987,1.29346,1,0
Championship,2018/2019,2018-10-06,12,West_Bromwich_Albion,Reading,4,1,3.18718,0.7696,1,0
Championship,2018/2019,2018-10-06,12,Norwich_City,Stoke_City,0,1,0.69869,0.7033,1,0
League One,2018/2019,2018-10-06,12,Wycombe_Wanderers,Burton_Albion,2,1,,,1,1
League One,2018/2019,2018-10-06,12,Shrewsbury_Town,Accrington_Stanley,1,0,,,1,1
League One,2018/2019,2018-10-06,12,Portsmouth,Gillingham,0,2,,,1,1
League One,2018/2019,2018-10-06,12,Plymouth_Argyle,AFC_Wimbledon,1,0,,,1,1
League One,2018/2019,2018-10-06,12,Peterborough_United,Barnsley,0,4,,,1,1
League One,2018/2019,2018-10-06,12,Luton_Town,Scunthorpe_United,3,2,,,1,1
League One,2018/2019,2018-10-06,12,Southend_United,Oxford_United,0,0,,,1,1
Championship,2018/2019,2018-10-07,12,Bristol_City,Sheffield_Wednesday,1,2,2.26066,1.5395,1,0
Premier League,2018/2019,2018-10-07,8,Fulham,Arsenal,1,5,1.39562,1.1409,1,0
Premier League,2018/2019,2018-10-07,8,Southampton,Chelsea,0,3,1.628,2.94866,1,0
Premier League,2018/2019,2018-10-07,8,Liverpool,Manchester_City,0,0,0.3511,1.0497,1,0
League One,2018/2019,2018-10-13,13,Scunthorpe_United,Peterborough_United,0,2,,,1,1
League One,2018/2019,2018-10-13,13,Rochdale,Doncaster_Rovers,2,3,,,1,1
League One,2018/2019,2018-10-13,13,Oxford_United,Plymouth_Argyle,2,0,,,1,1
League One,2018/2019,2018-10-13,13,Gillingham,Southend_United,0,2,,,1,1
League One,2018/2019,2018-10-13,13,Fleetwood_Town,Shrewsbury_Town,2,1,,,1,1
League One,2018/2019,2018-10-13,13,Coventry_City,Wycombe_Wanderers,1,0,,,1,1
League One,2018/2019,2018-10-13,13,Burton_Albion,Bristol_Rovers,1,0,,,1,1
League One,2018/2019,2018-10-13,13,Accrington_Stanley,Bradford_City,3,1,,,1,1
League One,2018/2019,2018-10-13,13,AFC_Wimbledon,Portsmouth,1,2,,,1,1
League One,2018/2019,2018-10-13,13,Barnsley,Luton_Town,3,2,,,1,1
Championship,2018/2019,2018-10-19,13,Sheffield_Wednesday,Middlesbrough,1,2,1.16388,1.0696,1,0
Premier League,2018/2019,2018-10-20,9,Newcastle_United,Brighton_&_Hove_Albion,0,1,1.7853,0.919561,1,0
Premier League,2018/2019,2018-10-20,9,Cardiff_City,Fulham,4,2,1.47876,0.6824,1,0
Premier League,2018/2019,2018-10-20,9,AFC_Bournemouth,Southampton,0,0,0.9356,0.5344,1,0
Premier League,2018/2019,2018-10-20,9,Manchester_City,Burnley,5,0,3.96698,0.367181,1,0
League One,2018/2019,2018-10-20,14,Shrewsbury_Town,Sunderland,0,2,,,1,1
Premier League,2018/2019,2018-10-20,9,West_Ham_United,Tottenham_Hotspur,0,1,0.8237,0.9481,1,0
Championship,2018/2019,2018-10-20,13,Rotherham_United,Bolton_Wanderers,1,1,0.8118,1.31962,1,0
Championship,2018/2019,2018-10-20,13,Stoke_City,Birmingham_City,0,1,2.04077,1.16776,1,0
Championship,2018/2019,2018-10-20,13,Wigan_Athletic,West_Bromwich_Albion,1,0,1.9985,0.376417,1,0
Championship,2018/2019,2018-10-20,13,Derby_County,Sheffield_United,2,1,0.738143,1.8494,1,0
Premier League,2018/2019,2018-10-20,9,Chelsea,Manchester_United,2,2,1.84301,0.8571,1,0
Premier League,2018/2019,2018-10-20,9,Wolverhampton_Wanderers,Watford,0,2,0.6536,1.1362,1,0
Championship,2018/2019,2018-10-20,13,Ipswich_Town,Queens_Park_Rangers,0,2,0.2425,1.8082,1,0
Championship,2018/2019,2018-10-20,13,Reading,Millwall,3,1,1.88838,2.819,1,0
League One,2018/2019,2018-10-20,14,Southend_United,Coventry_City,1,2,,,1,1
League One,2018/2019,2018-10-20,14,Wycombe_Wanderers,Scunthorpe_United,3,2,,,1,1
League One,2018/2019,2018-10-20,14,Plymouth_Argyle,Burton_Albion,2,3,,,1,1
League One,2018/2019,2018-10-20,14,Peterborough_United,Accrington_Stanley,0,1,,,1,1
League One,2018/2019,2018-10-20,14,Luton_Town,Walsall,2,0,,,1,1
League One,2018/2019,2018-10-20,14,Doncaster_Rovers,Gillingham,3,3,,,1,1
League One,2018/2019,2018-10-20,14,Charlton_Athletic,Barnsley,2,0,,,1,1
Premier League,2018/2019,2018-10-20,9,Huddersfield_Town,Liverpool,0,1,0.7175,0.6459,1,0
League One,2018/2019,2018-10-20,14,Bradford_City,Rochdale,0,2,,,1,1
League One,2018/2019,2018-10-20,14,Bristol_Rovers,Oxford_United,0,0,,,1,1
Championship,2018/2019,2018-10-20,13,Blackburn_Rovers,Leeds_United,2,1,1.01194,1.5915,1,0
Championship,2018/2019,2018-10-20,13,Aston_Villa,Swansea_City,1,0,1.8732,1.46192,1,0
Championship,2018/2019,2018-10-20,13,Brentford,Bristol_City,0,1,1.37269,1.73335,1,0
Championship,2018/2019,2018-10-20,13,Hull_City,Preston_North_End,1,1,2.2482,1.1396,1,0
League One,2018/2019,2018-10-20,14,Portsmouth,Fleetwood_Town,1,0,,,1,1
Championship,2018/2019,2018-10-20,13,Nottingham_Forest,Norwich_City,1,2,0.8202,2.39344,1,0
League One,2018/2019,2018-10-20,14,Blackpool,AFC_Wimbledon,2,0,,,1,1
Premier League,2018/2019,2018-10-21,9,Everton,Crystal_Palace,2,0,1.80305,1.347,1,0
Premier League,2018/2019,2018-10-22,9,Arsenal,Leicester_City,3,1,2.74767,0.4997,1,0
Championship,2018/2019,2018-10-23,14,Sheffield_United,Stoke_City,1,1,2.92652,0.4978,1,0
Championship,2018/2019,2018-10-23,14,Middlesbrough,Rotherham_United,0,0,1.82006,1.0721,1,0
Championship,2018/2019,2018-10-23,14,Millwall,Wigan_Athletic,2,1,2.3289,1.5107,1,0
Championship,2018/2019,2018-10-23,14,Norwich_City,Aston_Villa,2,1,0.6732,0.552572,1,0
Championship,2018/2019,2018-10-23,14,Queens_Park_Rangers,Sheffield_Wednesday,3,0,1.42839,0.6154,1,0
Championship,2018/2019,2018-10-23,14,Swansea_City,Blackburn_Rovers,3,1,1.2862,1.1923,1,0
League One,2018/2019,2018-10-23,15,Peterborough_United,Fleetwood_Town,1,0,,,1,1
League One,2018/2019,2018-10-23,15,Southend_United,Walsall,3,0,,,1,1
League One,2018/2019,2018-10-23,15,Blackpool,Scunthorpe_United,1,0,,,1,1
League One,2018/2019,2018-10-23,15,Bradford_City,Coventry_City,2,4,,,1,1
League One,2018/2019,2018-10-23,15,Bristol_Rovers,AFC_Wimbledon,2,0,,,1,1
League One,2018/2019,2018-10-23,15,Charlton_Athletic,Oxford_United,1,1,,,1,1
League One,2018/2019,2018-10-23,15,Doncaster_Rovers,Sunderland,0,1,,,1,1
League One,2018/2019,2018-10-23,15,Luton_Town,Accrington_Stanley,4,1,,,1,1
League One,2018/2019,2018-10-23,15,Plymouth_Argyle,Gillingham,3,1,,,1,1
League One,2018/2019,2018-10-23,15,Portsmouth,Burton_Albion,2,2,,,1,1
League One,2018/2019,2018-10-23,15,Wycombe_Wanderers,Rochdale,3,0,,,1,1
Championship,2018/2019,2018-10-23,14,Birmingham_City,Reading,2,1,1.58584,1.06143,1,0
League One,2018/2019,2018-10-23,15,Shrewsbury_Town,Barnsley,3,1,,,1,1
Championship,2018/2019,2018-10-24,14,Bristol_City,Hull_City,1,0,1.02719,1.1114,1,0
Championship,2018/2019,2018-10-24,14,West_Bromwich_Albion,Derby_County,1,4,1.7527,1.49817,1,0
Championship,2018/2019,2018-10-24,14,Bolton_Wanderers,Nottingham_Forest,0,3,0.478651,2.6345,1,0
Championship,2018/2019,2018-10-24,14,Preston_North_End,Brentford,4,3,1.2551,1.21044,1,0
Championship,2018/2019,2018-10-24,14,Leeds_United,Ipswich_Town,2,0,1.2649,0.1575,1,0
Championship,2018/2019,2018-10-26,15,Queens_Park_Rangers,Aston_Villa,1,0,1.06543,1.37121,1,0
Premier League,2018/2019,2018-10-27,10,Southampton,Newcastle_United,0,0,1.1631,0.3536,1,0
Premier League,2018/2019,2018-10-27,10,Watford,Huddersfield_Town,3,0,2.0431,0.536861,1,0
Premier League,2018/2019,2018-10-27,10,Liverpool,Cardiff_City,4,1,2.44912,0.8141,1,0
Premier League,2018/2019,2018-10-27,10,Leicester_City,West_Ham_United,1,1,1.73651,1.38912,1,0
League One,2018/2019,2018-10-27,16,Scunthorpe_United,Plymouth_Argyle,1,4,,,1,1
League One,2018/2019,2018-10-27,16,Sunderland,Southend_United,3,0,,,1,1
Championship,2018/2019,2018-10-27,15,West_Bromwich_Albion,Blackburn_Rovers,1,1,3.3346,0.6774,1,0
Championship,2018/2019,2018-10-27,15,Leeds_United,Nottingham_Forest,1,1,1.69077,0.1543,1,0
League One,2018/2019,2018-10-27,16,AFC_Wimbledon,Luton_Town,0,2,,,1,1
League One,2018/2019,2018-10-27,16,Accrington_Stanley,Portsmouth,1,1,,,1,1
League One,2018/2019,2018-10-27,16,Barnsley,Bristol_Rovers,1,0,,,1,1
League One,2018/2019,2018-10-27,16,Burton_Albion,Peterborough_United,1,2,,,1,1
League One,2018/2019,2018-10-27,16,Coventry_City,Doncaster_Rovers,2,1,,,1,1
League One,2018/2019,2018-10-27,16,Fleetwood_Town,Blackpool,3,2,,,1,1
League One,2018/2019,2018-10-27,16,Gillingham,Bradford_City,4,0,,,1,1
League One,2018/2019,2018-10-27,16,Oxford_United,Shrewsbury_Town,3,0,,,1,1
League One,2018/2019,2018-10-27,16,Rochdale,Charlton_Athletic,1,0,,,1,1
Premier League,2018/2019,2018-10-27,10,Brighton_&_Hove_Albion,Wolverhampton_Wanderers,1,0,0.9639,1.42768,1,0
Premier League,2018/2019,2018-10-27,10,Fulham,AFC_Bournemouth,0,3,0.5076,1.9639,1,0
League One,2018/2019,2018-10-27,16,Walsall,Wycombe_Wanderers,3,2,,,1,1
Championship,2018/2019,2018-10-27,15,Swansea_City,Reading,2,0,4.145,0.8984,1,0
Championship,2018/2019,2018-10-27,15,Sheffield_United,Wigan_Athletic,4,2,2.8649,1.5548,1,0
Championship,2018/2019,2018-10-27,15,Preston_North_End,Rotherham_United,1,1,1.2518,0.5012,1,0
Championship,2018/2019,2018-10-27,15,Norwich_City,Brentford,1,0,1.3341,0.944154,1,0
Championship,2018/2019,2018-10-27,15,Millwall,Ipswich_Town,3,0,1.2306,0.1447,1,0
Championship,2018/2019,2018-10-27,15,Bristol_City,Stoke_City,0,1,2.05098,0.522938,1,0
Championship,2018/2019,2018-10-27,15,Bolton_Wanderers,Hull_City,0,1,1.07,0.7202,1,0
Championship,2018/2019,2018-10-27,15,Birmingham_City,Sheffield_Wednesday,3,1,1.94565,1.72646,1,0
Championship,2018/2019,2018-10-27,15,Middlesbrough,Derby_County,1,1,1.2004,1.33285,1,0
Premier League,2018/2019,2018-10-28,10,Burnley,Chelsea,0,4,0.4163,2.61905,1,0
Premier League,2018/2019,2018-10-28,10,Manchester_United,Everton,2,1,2.25595,1.7643,1,0
Premier League,2018/2019,2018-10-28,10,Crystal_Palace,Arsenal,2,2,2.32421,0.8527,1,0
Premier League,2018/2019,2018-10-29,10,Tottenham_Hotspur,Manchester_City,0,1,0.4487,1.61194,1,0
Championship,2018/2019,2018-11-02,16,Aston_Villa,Bolton_Wanderers,2,0,1.90264,0.994839,1,0
Championship,2018/2019,2018-11-03,16,Hull_City,West_Bromwich_Albion,1,0,1.30656,0.935142,1,0
League One,2018/2019,2018-11-03,17,Scunthorpe_United,Oxford_United,3,3,,,1,1
League One,2018/2019,2018-11-03,17,Walsall,Burton_Albion,1,3,,,1,1
League One,2018/2019,2018-11-03,17,Wycombe_Wanderers,Peterborough_United,1,0,,,1,1
League One,2018/2019,2018-11-03,17,Gillingham,Fleetwood_Town,3,0,,,1,1
League One,2018/2019,2018-11-03,17,Coventry_City,Accrington_Stanley,1,1,,,1,1
Championship,2018/2019,2018-11-03,16,Blackburn_Rovers,Queens_Park_Rangers,1,0,1.6841,0.3282,1,0
Championship,2018/2019,2018-11-03,16,Brentford,Millwall,2,0,1.6726,1.0728,1,0
Championship,2018/2019,2018-11-03,16,Derby_County,Birmingham_City,3,1,2.1665,0.2912,1,0
League One,2018/2019,2018-11-03,17,Rochdale,Luton_Town,0,0,,,1,1
Championship,2018/2019,2018-11-03,16,Ipswich_Town,Preston_North_End,1,1,1.4067,0.4456,1,0
Championship,2018/2019,2018-11-03,16,Nottingham_Forest,Sheffield_United,1,0,0.8914,0.6536,1,0
Championship,2018/2019,2018-11-03,16,Reading,Bristol_City,3,2,0.3969,3.28072,1,0
Championship,2018/2019,2018-11-03,16,Rotherham_United,Swansea_City,2,1,1.9269,1.9925,1,0
Championship,2018/2019,2018-11-03,16,Sheffield_Wednesday,Norwich_City,0,4,1.00588,3.84129,1,0
Championship,2018/2019,2018-11-03,16,Stoke_City,Middlesbrough,0,0,0.6284,0.8552,1,0
League One,2018/2019,2018-11-03,17,Plymouth_Argyle,Sunderland,0,2,,,1,1
League One,2018/2019,2018-11-03,17,Blackpool,Bristol_Rovers,0,3,,,1,1
League One,2018/2019,2018-11-03,17,Bradford_City,Portsmouth,0,1,,,1,1
League One,2018/2019,2018-11-03,17,AFC_Wimbledon,Shrewsbury_Town,1,2,,,1,1
League One,2018/2019,2018-11-03,17,Barnsley,Southend_United,1,0,,,1,1
League One,2018/2019,2018-11-03,17,Charlton_Athletic,Doncaster_Rovers,2,0,,,1,1
Premier League,2018/2019,2018-11-03,11,AFC_Bournemouth,Manchester_United,1,2,1.70231,2.97833,1,0
Premier League,2018/2019,2018-11-03,11,Cardiff_City,Leicester_City,0,1,0.87226,2.10893,1,0
Premier League,2018/2019,2018-11-03,11,Everton,Brighton_&_Hove_Albion,3,1,1.97442,0.5355,1,0
Premier League,2018/2019,2018-11-03,11,Newcastle_United,Watford,1,0,0.460313,2.00757,1,0
Premier League,2018/2019,2018-11-03,11,West_Ham_United,Burnley,4,2,2.46582,1.0711,1,0
Premier League,2018/2019,2018-11-03,11,Wolverhampton_Wanderers,Tottenham_Hotspur,2,3,2.66943,1.39401,1,0
Premier League,2018/2019,2018-11-03,11,Arsenal,Liverpool,1,1,1.3682,1.28863,1,0
Premier League,2018/2019,2018-11-04,11,Manchester_City,Southampton,6,1,2.2498,1.99401,1,0
Championship,2018/2019,2018-11-04,16,Wigan_Athletic,Leeds_United,1,2,0.2256,2.44758,1,0
Premier League,2018/2019,2018-11-04,11,Chelsea,Crystal_Palace,3,1,1.7351,0.3747,1,0
Premier League,2018/2019,2018-11-05,11,Huddersfield_Town,Fulham,1,0,0.6324,0.4456,1,0
League One,2018/2019,2018-11-06,13,Walsall,Charlton_Athletic,0,2,,,1,1
League One,2018/2019,2018-11-06,11,Gillingham,Blackpool,0,1,,,1,1
Championship,2018/2019,2018-11-09,17,Sheffield_United,Sheffield_Wednesday,0,0,1.6767,0.7784,1,0
Championship,2018/2019,2018-11-10,17,Bristol_City,Preston_North_End,0,1,0.1892,1.2237,1,0
Championship,2018/2019,2018-11-10,17,Bolton_Wanderers,Swansea_City,0,1,0.8376,1.32318,1,0
Championship,2018/2019,2018-11-10,17,Blackburn_Rovers,Rotherham_United,1,1,2.32126,1.1218,1,0
Championship,2018/2019,2018-11-10,17,Derby_County,Aston_Villa,0,3,0.854278,2.7487,1,0
Championship,2018/2019,2018-11-10,17,Birmingham_City,Hull_City,3,3,1.949,1.99218,1,0
Championship,2018/2019,2018-11-10,17,Middlesbrough,Wigan_Athletic,2,0,2.32476,1.2778,1,0
Premier League,2018/2019,2018-11-10,12,Cardiff_City,Brighton_&_Hove_Albion,2,1,2.21277,0.50465,1,0
Championship,2018/2019,2018-11-10,17,Norwich_City,Millwall,4,3,2.53911,0.7983,1,0
Championship,2018/2019,2018-11-10,17,Queens_Park_Rangers,Brentford,3,2,3.22574,0.784415,1,0
Championship,2018/2019,2018-11-10,17,Reading,Ipswich_Town,2,2,0.9946,0.8497,1,0
Championship,2018/2019,2018-11-10,17,West_Bromwich_Albion,Leeds_United,4,1,1.41821,0.8218,1,0
Premier League,2018/2019,2018-11-10,12,Huddersfield_Town,West_Ham_United,1,1,1.1151,1.6557,1,0
Premier League,2018/2019,2018-11-10,12,Leicester_City,Burnley,0,0,1.85872,0.4028,1,0
Premier League,2018/2019,2018-11-10,12,Newcastle_United,AFC_Bournemouth,2,1,2.21301,1.6471,1,0
Premier League,2018/2019,2018-11-10,12,Southampton,Watford,1,1,1.0896,1.1662,1,0
Premier League,2018/2019,2018-11-10,12,Crystal_Palace,Tottenham_Hotspur,0,1,0.839171,1.1983,1,0
Championship,2018/2019,2018-11-10,17,Nottingham_Forest,Stoke_City,0,0,0.9416,0.7303,1,0
Premier League,2018/2019,2018-11-11,12,Manchester_City,Manchester_United,3,1,1.8592,1.0657,1,0
Premier League,2018/2019,2018-11-11,12,Arsenal,Wolverhampton_Wanderers,1,1,0.9005,1.8954,1,0
Premier League,2018/2019,2018-11-11,12,Chelsea,Everton,0,0,1.1584,0.3267,1,0
Premier League,2018/2019,2018-11-11,12,Liverpool,Fulham,2,0,1.7798,0.5027,1,0
League One,2018/2019,2018-11-17,18,Fleetwood_Town,Walsall,0,0,,,1,1
League One,2018/2019,2018-11-17,18,Accrington_Stanley,Barnsley,0,2,,,1,1
League One,2018/2019,2018-11-17,18,Luton_Town,Plymouth_Argyle,5,1,,,1,1
League One,2018/2019,2018-11-17,18,Burton_Albion,Coventry_City,1,0,,,1,1
League One,2018/2019,2018-11-17,18,Doncaster_Rovers,AFC_Wimbledon,2,1,,,1,1
League One,2018/2019,2018-11-17,18,Oxford_United,Gillingham,1,0,,,1,1
League One,2018/2019,2018-11-17,18,Peterborough_United,Bradford_City,1,1,,,1,1
League One,2018/2019,2018-11-17,18,Shrewsbury_Town,Rochdale,3,2,,,1,1
League One,2018/2019,2018-11-17,18,Southend_United,Blackpool,1,2,,,1,1
League One,2018/2019,2018-11-17,18,Sunderland,Wycombe_Wanderers,1,1,,,1,1
League One,2018/2019,2018-11-17,18,Bristol_Rovers,Scunthorpe_United,1,2,,,1,1
League One,2018/2019,2018-11-23,19,Coventry_City,Peterborough_United,1,1,,,1,1
Championship,2018/2019,2018-11-23,18,Ipswich_Town,West_Bromwich_Albion,1,2,0.8612,2.6951,1,0
Championship,2018/2019,2018-11-24,18,Stoke_City,Queens_Park_Rangers,2,2,2.41023,0.951372,1,0
Championship,2018/2019,2018-11-24,18,Swansea_City,Norwich_City,1,4,1.22709,1.637,1,0
Championship,2018/2019,2018-11-24,18,Rotherham_United,Sheffield_United,2,2,1.3002,2.2136,1,0
Championship,2018/2019,2018-11-24,18,Hull_City,Nottingham_Forest,0,2,0.2641,1.45445,1,0
Championship,2018/2019,2018-11-24,18,Leeds_United,Bristol_City,2,0,1.7613,0.305,1,0
Championship,2018/2019,2018-11-24,18,Millwall,Bolton_Wanderers,1,1,1.41339,1.3677,1,0
Championship,2018/2019,2018-11-24,18,Preston_North_End,Blackburn_Rovers,4,1,2.15281,1.0987,1,0
Championship,2018/2019,2018-11-24,18,Sheffield_Wednesday,Derby_County,1,2,1.2382,1.21769,1,0
Championship,2018/2019,2018-11-24,18,Brentford,Middlesbrough,1,2,0.9216,1.6676,1,0
Championship,2018/2019,2018-11-24,18,Wigan_Athletic,Reading,0,0,2.11532,0.7629,1,0
League One,2018/2019,2018-11-24,19,Blackpool,Burton_Albion,3,0,,,1,1
League One,2018/2019,2018-11-24,19,Scunthorpe_United,Portsmouth,1,2,,,1,1
League One,2018/2019,2018-11-24,19,Rochdale,Accrington_Stanley,1,0,,,1,1
League One,2018/2019,2018-11-24,19,Plymouth_Argyle,Fleetwood_Town,2,1,,,1,1
League One,2018/2019,2018-11-24,19,Gillingham,Luton_Town,1,3,,,1,1
League One,2018/2019,2018-11-24,19,Charlton_Athletic,Bristol_Rovers,3,1,,,1,1
League One,2018/2019,2018-11-24,19,Bradford_City,Oxford_United,2,0,,,1,1
League One,2018/2019,2018-11-24,19,AFC_Wimbledon,Southend_United,2,1,,,1,1
League One,2018/2019,2018-11-24,19,Barnsley,Doncaster_Rovers,1,1,,,1,1
League One,2018/2019,2018-11-24,19,Walsall,Sunderland,2,2,,,1,1
Premier League,2018/2019,2018-11-24,13,Brighton_&_Hove_Albion,Leicester_City,1,1,1.03681,1.2308,1,0
Premier League,2018/2019,2018-11-24,13,Fulham,Southampton,3,2,1.2772,1.33306,1,0
Premier League,2018/2019,2018-11-24,13,Manchester_United,Crystal_Palace,0,0,0.903973,1.16249,1,0
Premier League,2018/2019,2018-11-24,13,Watford,Liverpool,0,3,0.4184,1.20923,1,0
Premier League,2018/2019,2018-11-24,13,West_Ham_United,Manchester_City,0,4,0.8647,2.7342,1,0
Premier League,2018/2019,2018-11-24,13,Tottenham_Hotspur,Chelsea,3,1,3.08849,1.00897,1,0
Premier League,2018/2019,2018-11-24,13,Everton,Cardiff_City,1,0,2.13307,1.0429,1,0
League One,2018/2019,2018-11-24,19,Wycombe_Wanderers,Shrewsbury_Town,3,2,,,1,1
Championship,2018/2019,2018-11-25,18,Aston_Villa,Birmingham_City,4,2,2.5562,1.5597,1,0
Premier League,2018/2019,2018-11-25,13,AFC_Bournemouth,Arsenal,1,2,0.6283,1.62855,1,0
Premier League,2018/2019,2018-11-25,13,Wolverhampton_Wanderers,Huddersfield_Town,0,2,0.797519,0.660417,1,0
Premier League,2018/2019,2018-11-26,13,Burnley,Newcastle_United,1,2,1.7785,1.60512,1,0
League One,2018/2019,2018-11-27,20,Doncaster_Rovers,Blackpool,2,0,,,1,1
Championship,2018/2019,2018-11-27,19,Sheffield_Wednesday,Bolton_Wanderers,1,0,0.7169,0.2992,1,0
League One,2018/2019,2018-11-27,20,Fleetwood_Town,Coventry_City,3,0,,,1,1
Championship,2018/2019,2018-11-27,19,Rotherham_United,Queens_Park_Rangers,2,2,0.8196,1.695,1,0
Championship,2018/2019,2018-11-27,19,Leeds_United,Reading,1,0,2.97219,1.241,1,0
Championship,2018/2019,2018-11-27,19,Hull_City,Norwich_City,0,0,0.9016,1.1631,1,0
Championship,2018/2019,2018-11-27,19,Brentford,Sheffield_United,2,3,0.690509,1.85345,1,0
League One,2018/2019,2018-11-27,20,Sunderland,Barnsley,4,2,,,1,1
League One,2018/2019,2018-11-27,20,Southend_United,Scunthorpe_United,2,0,,,1,1
Championship,2018/2019,2018-11-27,19,Preston_North_End,Middlesbrough,1,1,1.0483,0.887839,1,0
League One,2018/2019,2018-11-27,20,Portsmouth,Walsall,2,0,,,1,1
League One,2018/2019,2018-11-27,20,Peterborough_United,AFC_Wimbledon,1,0,,,1,1
League One,2018/2019,2018-11-27,20,Oxford_United,Rochdale,4,2,,,1,1
League One,2018/2019,2018-11-27,20,Luton_Town,Bradford_City,4,0,,,1,1
League One,2018/2019,2018-11-27,20,Accrington_Stanley,Wycombe_Wanderers,1,2,,,1,1
League One,2018/2019,2018-11-27,20,Bristol_Rovers,Gillingham,1,2,,,1,1
League One,2018/2019,2018-11-27,20,Burton_Albion,Charlton_Athletic,1,2,,,1,1
League One,2018/2019,2018-11-27,20,Shrewsbury_Town,Plymouth_Argyle,2,0,,,1,1
Championship,2018/2019,2018-11-28,19,Stoke_City,Derby_County,2,1,0.844636,1.1762,1,0
Championship,2018/2019,2018-11-28,19,Wigan_Athletic,Blackburn_Rovers,3,1,2.7061,0.5301,1,0
Championship,2018/2019,2018-11-28,19,Ipswich_Town,Bristol_City,2,3,0.6162,1.67867,1,0
Championship,2018/2019,2018-11-28,19,Swansea_City,West_Bromwich_Albion,1,2,1.20194,1.1942,1,0
Championship,2018/2019,2018-11-28,19,Millwall,Birmingham_City,0,2,0.9066,1.2673,1,0
Championship,2018/2019,2018-11-28,19,Aston_Villa,Nottingham_Forest,5,5,3.62554,1.5138,1,0
Premier League,2018/2019,2018-11-30,14,Cardiff_City,Wolverhampton_Wanderers,2,1,1.07817,0.789445,1,0
Championship,2018/2019,2018-12-01,20,Reading,Stoke_City,2,2,1.617,2.39505,1,0
Championship,2018/2019,2018-12-01,20,Sheffield_United,Leeds_United,0,1,1.25566,0.9635,1,0
Championship,2018/2019,2018-12-01,20,Birmingham_City,Preston_North_End,3,0,1.72295,0.4524,1,0
Championship,2018/2019,2018-12-01,20,Blackburn_Rovers,Sheffield_Wednesday,4,2,3.0532,1.2997,1,0
Championship,2018/2019,2018-12-01,20,Bolton_Wanderers,Wigan_Athletic,1,1,0.5767,1.5561,1,0
Championship,2018/2019,2018-12-01,20,Derby_County,Swansea_City,2,1,0.9293,0.4144,1,0
Championship,2018/2019,2018-12-01,20,Norwich_City,Rotherham_United,3,1,2.99747,0.870832,1,0
Championship,2018/2019,2018-12-01,20,Nottingham_Forest,Ipswich_Town,2,0,2.85262,0.743,1,0
Championship,2018/2019,2018-12-01,20,Queens_Park_Rangers,Hull_City,2,3,2.5268,2.62736,1,0
Championship,2018/2019,2018-12-01,20,Middlesbrough,Aston_Villa,0,3,0.493523,2.82851,1,0
Premier League,2018/2019,2018-12-01,14,Huddersfield_Town,Brighton_&_Hove_Albion,1,2,0.6222,1.21518,1,0
Premier League,2018/2019,2018-12-01,14,Southampton,Manchester_United,2,2,0.6956,1.0743,1,0
Premier League,2018/2019,2018-12-01,14,Newcastle_United,West_Ham_United,0,3,1.0509,2.5219,1,0
Premier League,2018/2019,2018-12-01,14,Manchester_City,AFC_Bournemouth,3,1,2.59824,0.55,1,0
Premier League,2018/2019,2018-12-01,14,Leicester_City,Watford,2,0,1.2799,1.1833,1,0
Premier League,2018/2019,2018-12-01,14,Crystal_Palace,Burnley,2,0,1.65907,0.684595,1,0
Premier League,2018/2019,2018-12-02,14,Arsenal,Tottenham_Hotspur,4,2,2.70092,1.1971,1,0
Premier League,2018/2019,2018-12-02,14,Liverpool,Everton,1,0,2.98176,1.1212,1,0
Premier League,2018/2019,2018-12-02,14,Chelsea,Fulham,2,0,2.12328,0.3659,1,0
Championship,2018/2019,2018-12-02,20,Bristol_City,Millwall,1,1,0.876941,0.2246,1,0
Championship,2018/2019,2018-12-03,20,West_Bromwich_Albion,Brentford,1,1,2.7922,0.9426,1,0
Premier League,2018/2019,2018-12-04,15,AFC_Bournemouth,Huddersfield_Town,2,1,0.8973,1.86553,1,0
Premier League,2018/2019,2018-12-04,15,Watford,Manchester_City,1,2,1.81506,2.54453,1,0
Premier League,2018/2019,2018-12-04,15,Brighton_&_Hove_Albion,Crystal_Palace,3,1,1.2571,1.7395,1,0
Premier League,2018/2019,2018-12-04,15,West_Ham_United,Cardiff_City,3,1,1.71238,2.07569,1,0
Premier League,2018/2019,2018-12-05,15,Tottenham_Hotspur,Southampton,3,1,1.59961,1.69495,1,0
Premier League,2018/2019,2018-12-05,15,Burnley,Liverpool,1,3,0.915975,2.36513,1,0
Premier League,2018/2019,2018-12-05,15,Fulham,Leicester_City,1,1,1.43791,1.1957,1,0
Premier League,2018/2019,2018-12-05,15,Wolverhampton_Wanderers,Chelsea,2,1,0.7295,1.3016,1,0
Premier League,2018/2019,2018-12-05,15,Everton,Newcastle_United,1,1,1.86298,1.4956,1,0
Premier League,2018/2019,2018-12-05,15,Manchester_United,Arsenal,2,2,1.09599,1.41979,1,0
Championship,2018/2019,2018-12-07,21,West_Bromwich_Albion,Aston_Villa,2,2,2.0861,1.3253,1,0
Premier League,2018/2019,2018-12-08,16,West_Ham_United,Crystal_Palace,3,2,1.22989,0.682086,1,0
Premier League,2018/2019,2018-12-08,16,Chelsea,Manchester_City,2,0,0.6235,0.885353,1,0
Premier League,2018/2019,2018-12-08,16,Leicester_City,Tottenham_Hotspur,0,2,0.422,0.8636,1,0
Premier League,2018/2019,2018-12-08,16,AFC_Bournemouth,Liverpool,0,4,0.3077,1.56709,1,0
Premier League,2018/2019,2018-12-08,16,Cardiff_City,Southampton,1,0,1.5428,0.70724,1,0
Premier League,2018/2019,2018-12-08,16,Burnley,Brighton_&_Hove_Albion,1,0,1.63857,1.019,1,0
Premier League,2018/2019,2018-12-08,16,Arsenal,Huddersfield_Town,1,0,1.43263,0.3221,1,0
League One,2018/2019,2018-12-08,21,Scunthorpe_United,Gillingham,0,2,,,1,1
League One,2018/2019,2018-12-08,21,Portsmouth,Southend_United,2,0,,,1,1
League One,2018/2019,2018-12-08,21,Walsall,Coventry_City,2,1,,,1,1
Premier League,2018/2019,2018-12-08,16,Manchester_United,Fulham,4,1,2.33652,1.20218,1,0
League One,2018/2019,2018-12-08,21,Peterborough_United,Oxford_United,2,2,,,1,1
League One,2018/2019,2018-12-08,21,Wycombe_Wanderers,Barnsley,1,0,,,1,1
League One,2018/2019,2018-12-08,21,Burton_Albion,Shrewsbury_Town,2,1,,,1,1
Championship,2018/2019,2018-12-08,21,Birmingham_City,Bristol_City,0,1,0.5655,0.2995,1,0
Championship,2018/2019,2018-12-08,21,Brentford,Swansea_City,2,3,2.17868,2.2938,1,0
Championship,2018/2019,2018-12-08,21,Leeds_United,Queens_Park_Rangers,2,1,3.2849,0.537666,1,0
Championship,2018/2019,2018-12-08,21,Middlesbrough,Blackburn_Rovers,1,1,1.0761,1.31521,1,0
Championship,2018/2019,2018-12-08,21,Millwall,Hull_City,2,2,1.363,1.23677,1,0
Championship,2018/2019,2018-12-08,21,Norwich_City,Bolton_Wanderers,3,2,1.46471,1.39604,1,0
Championship,2018/2019,2018-12-08,21,Nottingham_Forest,Preston_North_End,0,1,0.999481,1.39873,1,0
League One,2018/2019,2018-12-08,21,Luton_Town,Fleetwood_Town,2,0,,,1,1
League One,2018/2019,2018-12-08,21,Plymouth_Argyle,Bradford_City,3,3,,,1,1
Championship,2018/2019,2018-12-08,21,Stoke_City,Ipswich_Town,2,0,0.7515,0.7803,1,0
Championship,2018/2019,2018-12-08,21,Wigan_Athletic,Derby_County,0,1,0.9733,1.5618,1,0
Championship,2018/2019,2018-12-08,21,Reading,Sheffield_United,0,2,0.2007,1.8523,1,0
League One,2018/2019,2018-12-08,21,AFC_Wimbledon,Rochdale,1,1,,,1,1
League One,2018/2019,2018-12-08,21,Blackpool,Charlton_Athletic,2,1,,,1,1
League One,2018/2019,2018-12-08,21,Bristol_Rovers,Doncaster_Rovers,0,4,,,1,1
Championship,2018/2019,2018-12-08,21,Sheffield_Wednesday,Rotherham_United,2,2,1.3228,1.1921,1,0
Premier League,2018/2019,2018-12-09,16,Newcastle_United,Wolverhampton_Wanderers,1,2,0.6146,1.79757,1,0
Premier League,2018/2019,2018-12-10,16,Everton,Watford,2,2,1.6925,1.74465,1,0
League One,2018/2019,2018-12-11,18,Portsmouth,Charlton_Athletic,1,2,,,1,1
Championship,2018/2019,2018-12-14,22,Sheffield_United,West_Bromwich_Albion,1,2,0.9853,1.6238,1,0
Premier League,2018/2019,2018-12-15,17,Crystal_Palace,Leicester_City,1,0,0.4818,0.979,1,0
Premier League,2018/2019,2018-12-15,17,Huddersfield_Town,Newcastle_United,0,1,0.8218,0.640096,1,0
Premier League,2018/2019,2018-12-15,17,Tottenham_Hotspur,Burnley,1,0,1.65293,0.4761,1,0
Premier League,2018/2019,2018-12-15,17,Watford,Cardiff_City,3,2,1.4208,1.0275,1,0
Premier League,2018/2019,2018-12-15,17,Wolverhampton_Wanderers,AFC_Bournemouth,2,0,1.8422,0.5694,1,0
Championship,2018/2019,2018-12-15,22,Bristol_City,Norwich_City,2,2,0.7287,0.9829,1,0
Championship,2018/2019,2018-12-15,22,Swansea_City,Sheffield_Wednesday,2,1,1.0725,0.608988,1,0
Championship,2018/2019,2018-12-15,22,Queens_Park_Rangers,Middlesbrough,2,1,1.44358,0.4486,1,0
Championship,2018/2019,2018-12-15,22,Preston_North_End,Millwall,3,2,1.3259,1.3373,1,0
Championship,2018/2019,2018-12-15,22,Ipswich_Town,Wigan_Athletic,1,0,0.1184,1.4925,1,0
Championship,2018/2019,2018-12-15,22,Hull_City,Brentford,2,0,1.52345,0.8583,1,0
Championship,2018/2019,2018-12-15,22,Bolton_Wanderers,Leeds_United,0,1,0.1387,0.5581,1,0
Championship,2018/2019,2018-12-15,22,Blackburn_Rovers,Birmingham_City,2,2,0.7138,1.7249,1,0
Championship,2018/2019,2018-12-15,22,Aston_Villa,Stoke_City,2,2,2.2746,1.6174,1,0
Premier League,2018/2019,2018-12-15,17,Manchester_City,Everton,3,1,1.72343,1.498,1,0
Championship,2018/2019,2018-12-15,22,Rotherham_United,Reading,1,1,2.64949,2.2702,1,0
Premier League,2018/2019,2018-12-15,17,Fulham,West_Ham_United,0,2,1.28366,0.802,1,0
League One,2018/2019,2018-12-15,22,Charlton_Athletic,AFC_Wimbledon,2,0,,,1,1
League One,2018/2019,2018-12-15,22,Sunderland,Bristol_Rovers,2,1,,,1,1
League One,2018/2019,2018-12-15,22,Rochdale,Plymouth_Argyle,1,2,,,1,1
League One,2018/2019,2018-12-15,22,Oxford_United,Blackpool,2,0,,,1,1
League One,2018/2019,2018-12-15,22,Gillingham,Wycombe_Wanderers,2,2,,,1,1
League One,2018/2019,2018-12-15,22,Fleetwood_Town,Burton_Albion,1,0,,,1,1
League One,2018/2019,2018-12-15,22,Coventry_City,Luton_Town,1,2,,,1,1
League One,2018/2019,2018-12-15,22,Southend_United,Accrington_Stanley,3,0,,,1,1
League One,2018/2019,2018-12-15,22,Bradford_City,Walsall,4,0,,,1,1
League One,2018/2019,2018-12-15,22,Barnsley,Portsmouth,1,1,,,1,1
League One,2018/2019,2018-12-15,22,Doncaster_Rovers,Scunthorpe_United,3,0,,,1,1
League One,2018/2019,2018-12-15,22,Shrewsbury_Town,Peterborough_United,2,2,,,1,1
Premier League,2018/2019,2018-12-16,17,Liverpool,Manchester_United,3,1,2.5549,0.7366,1,0
Premier League,2018/2019,2018-12-16,17,Southampton,Arsenal,3,2,1.251,1.91563,1,0
Premier League,2018/2019,2018-12-16,17,Brighton_&_Hove_Albion,Chelsea,1,2,0.4056,1.19045,1,0
Championship,2018/2019,2018-12-17,22,Derby_County,Nottingham_Forest,0,0,0.9946,0.8018,1,0
Premier League,2018/2019,2018-12-21,18,Wolverhampton_Wanderers,Liverpool,0,2,0.8605,1.9614,1,0
Premier League,2018/2019,2018-12-22,18,West_Ham_United,Watford,0,2,2.22079,2.2897,1,0
League One,2018/2019,2018-12-22,23,Southend_United,Rochdale,1,2,,,1,1
League One,2018/2019,2018-12-22,23,Wycombe_Wanderers,AFC_Wimbledon,1,2,,,1,1
Championship,2018/2019,2018-12-22,23,Blackburn_Rovers,Norwich_City,0,1,1.17233,1.5859,1,0
Championship,2018/2019,2018-12-22,23,Brentford,Bolton_Wanderers,1,0,0.69,0.563041,1,0
Championship,2018/2019,2018-12-22,23,Derby_County,Bristol_City,1,1,2.4056,1.5513,1,0
Championship,2018/2019,2018-12-22,23,Ipswich_Town,Sheffield_United,1,1,0.3588,1.6253,1,0
Championship,2018/2019,2018-12-22,23,Nottingham_Forest,Queens_Park_Rangers,0,1,1.1174,0.405317,1,0
Championship,2018/2019,2018-12-22,23,Reading,Middlesbrough,0,1,0.941177,2.49042,1,0
Championship,2018/2019,2018-12-22,23,Rotherham_United,West_Bromwich_Albion,0,4,2.15826,1.52689,1,0
Championship,2018/2019,2018-12-22,23,Sheffield_Wednesday,Preston_North_End,1,0,1.0334,0.2271,1,0
Championship,2018/2019,2018-12-22,23,Stoke_City,Millwall,1,0,0.3259,1.2274,1,0
Championship,2018/2019,2018-12-22,23,Wigan_Athletic,Birmingham_City,0,3,0.5239,1.8784,1,0
Premier League,2018/2019,2018-12-22,18,Cardiff_City,Manchester_United,1,5,1.4109,2.7572,1,0
Premier League,2018/2019,2018-12-22,18,Newcastle_United,Fulham,0,0,0.3658,0.233,1,0
Premier League,2018/2019,2018-12-22,18,Manchester_City,Crystal_Palace,2,3,1.5019,1.0948,1,0
League One,2018/2019,2018-12-22,23,Plymouth_Argyle,Accrington_Stanley,0,3,,,1,1
Premier League,2018/2019,2018-12-22,18,Huddersfield_Town,Southampton,1,3,0.7988,2.5231,1,0
League One,2018/2019,2018-12-22,23,Blackpool,Barnsley,0,1,,,1,1
Premier League,2018/2019,2018-12-22,18,Chelsea,Leicester_City,0,1,2.45247,0.508927,1,0
Premier League,2018/2019,2018-12-22,18,AFC_Bournemouth,Brighton_&_Hove_Albion,2,0,0.8328,0.8255,1,0
League One,2018/2019,2018-12-22,23,Bradford_City,Scunthorpe_United,2,0,,,1,1
Premier League,2018/2019,2018-12-22,18,Arsenal,Burnley,3,1,1.59227,1.17002,1,0
League One,2018/2019,2018-12-22,23,Shrewsbury_Town,Coventry_City,1,0,,,1,1
League One,2018/2019,2018-12-22,23,Portsmouth,Sunderland,3,1,,,1,1
Championship,2018/2019,2018-12-22,23,Hull_City,Swansea_City,3,2,3.6025,1.09483,1,0
League One,2018/2019,2018-12-22,23,Peterborough_United,Walsall,1,1,,,1,1
League One,2018/2019,2018-12-22,23,Luton_Town,Burton_Albion,2,0,,,1,1
League One,2018/2019,2018-12-22,23,Doncaster_Rovers,Oxford_United,2,2,,,1,1
League One,2018/2019,2018-12-22,23,Charlton_Athletic,Gillingham,2,0,,,1,1
League One,2018/2019,2018-12-22,23,Bristol_Rovers,Fleetwood_Town,2,1,,,1,1
Championship,2018/2019,2018-12-23,23,Aston_Villa,Leeds_United,2,3,0.7632,0.980771,1,0
Premier League,2018/2019,2018-12-23,18,Everton,Tottenham_Hotspur,2,6,0.9134,1.98916,1,0
Championship,2018/2019,2018-12-26,24,Birmingham_City,Stoke_City,2,0,1.0363,0.737245,1,0
Championship,2018/2019,2018-12-26,24,Bolton_Wanderers,Rotherham_United,2,1,1.05517,1.4321,1,0
League One,2018/2019,2018-12-26,24,Sunderland,Bradford_City,1,0,,,1,1
Championship,2018/2019,2018-12-26,24,Leeds_United,Blackburn_Rovers,3,2,2.24118,1.1069,1,0
League One,2018/2019,2018-12-26,24,Gillingham,Portsmouth,2,0,,,1,1
Championship,2018/2019,2018-12-26,24,Middlesbrough,Sheffield_Wednesday,0,1,0.5714,0.4779,1,0
Championship,2018/2019,2018-12-26,24,Swansea_City,Aston_Villa,0,1,2.5601,1.2499,1,0
Championship,2018/2019,2018-12-26,24,Norwich_City,Nottingham_Forest,3,3,3.98407,0.678514,1,0
League One,2018/2019,2018-12-26,24,Scunthorpe_United,Luton_Town,0,2,,,1,1
League One,2018/2019,2018-12-26,24,Rochdale,Blackpool,2,1,,,1,1
League One,2018/2019,2018-12-26,24,Oxford_United,Southend_United,0,1,,,1,1
League One,2018/2019,2018-12-26,24,Fleetwood_Town,Doncaster_Rovers,3,0,,,1,1
League One,2018/2019,2018-12-26,24,Coventry_City,Charlton_Athletic,2,1,,,1,1
League One,2018/2019,2018-12-26,24,Burton_Albion,Wycombe_Wanderers,3,1,,,1,1
League One,2018/2019,2018-12-26,24,Barnsley,Peterborough_United,2,0,,,1,1
League One,2018/2019,2018-12-26,24,Accrington_Stanley,Shrewsbury_Town,2,1,,,1,1
League One,2018/2019,2018-12-26,24,AFC_Wimbledon,Plymouth_Argyle,2,1,,,1,1
Premier League,2018/2019,2018-12-26,19,Manchester_United,Huddersfield_Town,3,1,1.5714,1.084,1,0
Premier League,2018/2019,2018-12-26,19,Fulham,Wolverhampton_Wanderers,1,1,1.2573,1.4871,1,0
Premier League,2018/2019,2018-12-26,19,Liverpool,Newcastle_United,4,0,3.0225,0.4721,1,0
Premier League,2018/2019,2018-12-26,19,Leicester_City,Manchester_City,2,1,1.4385,1.44472,1,0
Championship,2018/2019,2018-12-26,24,Millwall,Reading,1,0,1.555,0.389718,1,0
Premier League,2018/2019,2018-12-26,19,Crystal_Palace,Cardiff_City,0,0,2.09527,0.8554,1,0
Premier League,2018/2019,2018-12-26,19,Tottenham_Hotspur,AFC_Bournemouth,5,0,1.78503,1.1113,1,0
Championship,2018/2019,2018-12-26,24,Preston_North_End,Hull_City,1,2,1.03231,1.4325,1,0
Championship,2018/2019,2018-12-26,24,Queens_Park_Rangers,Ipswich_Town,3,0,1.01604,0.486,1,0
Championship,2018/2019,2018-12-26,24,Sheffield_United,Derby_County,3,1,1.8904,0.4707,1,0
League One,2018/2019,2018-12-26,24,Walsall,Bristol_Rovers,1,3,,,1,1
Premier League,2018/2019,2018-12-26,19,Burnley,Everton,1,5,1.98719,1.51788,1,0
Championship,2018/2019,2018-12-26,24,West_Bromwich_Albion,Wigan_Athletic,2,0,1.22585,0.8748,1,0
Premier League,2018/2019,2018-12-26,19,Watford,Chelsea,1,2,1.209,1.8936,1,0
Premier League,2018/2019,2018-12-26,19,Brighton_&_Hove_Albion,Arsenal,1,1,1.0984,0.7887,1,0
Championship,2018/2019,2018-12-26,24,Bristol_City,Brentford,1,1,0.5239,0.9374,1,0
Premier League,2018/2019,2018-12-27,19,Southampton,West_Ham_United,1,2,1.22385,1.20273,1,0
Premier League,2018/2019,2018-12-29,20,Tottenham_Hotspur,Wolverhampton_Wanderers,1,3,0.308559,0.9459,1,0
Premier League,2018/2019,2018-12-29,20,Fulham,Huddersfield_Town,1,0,1.77024,0.4196,1,0
Premier League,2018/2019,2018-12-29,20,Brighton_&_Hove_Albion,Everton,1,0,1.10383,0.72153,1,0
Premier League,2018/2019,2018-12-29,20,Watford,Newcastle_United,1,1,1.2586,0.7206,1,0
Premier League,2018/2019,2018-12-29,20,Liverpool,Arsenal,5,1,3.90462,1.0112,1,0
Premier League,2018/2019,2018-12-29,20,Leicester_City,Cardiff_City,0,1,1.7731,0.583489,1,0
League One,2018/2019,2018-12-29,25,Sunderland,Shrewsbury_Town,1,1,,,1,1
Championship,2018/2019,2018-12-29,25,Birmingham_City,Brentford,0,0,0.2469,0.4241,1,0
League One,2018/2019,2018-12-29,25,Gillingham,Doncaster_Rovers,1,3,,,1,1
League One,2018/2019,2018-12-29,25,Fleetwood_Town,Portsmouth,2,5,,,1,1
League One,2018/2019,2018-12-29,25,Coventry_City,Southend_United,1,0,,,1,1
League One,2018/2019,2018-12-29,25,Burton_Albion,Plymouth_Argyle,1,1,,,1,1
League One,2018/2019,2018-12-29,25,Barnsley,Charlton_Athletic,2,1,,,1,1
League One,2018/2019,2018-12-29,25,Accrington_Stanley,Peterborough_United,0,4,,,1,1
League One,2018/2019,2018-12-29,25,AFC_Wimbledon,Blackpool,0,0,,,1,1
League One,2018/2019,2018-12-29,25,Oxford_United,Bristol_Rovers,0,2,,,1,1
League One,2018/2019,2018-12-29,25,Walsall,Luton_Town,2,2,,,1,1
League One,2018/2019,2018-12-29,25,Rochdale,Bradford_City,0,4,,,1,1
Championship,2018/2019,2018-12-29,25,West_Bromwich_Albion,Sheffield_Wednesday,1,1,0.6706,1.5233,1,0
Championship,2018/2019,2018-12-29,25,Sheffield_United,Blackburn_Rovers,3,0,2.2133,0.7654,1,0
Championship,2018/2019,2018-12-29,25,Queens_Park_Rangers,Reading,0,0,1.3328,1.35418,1,0
Championship,2018/2019,2018-12-29,25,Preston_North_End,Aston_Villa,1,1,2.02672,1.7235,1,0
Championship,2018/2019,2018-12-29,25,Norwich_City,Derby_County,3,4,2.36935,1.71448,1,0
Championship,2018/2019,2018-12-29,25,Millwall,Nottingham_Forest,1,0,1.362,0.3655,1,0
Championship,2018/2019,2018-12-29,25,Middlesbrough,Ipswich_Town,2,0,2.07942,0.7118,1,0
Championship,2018/2019,2018-12-29,25,Leeds_United,Hull_City,0,2,1.2135,1.33927,1,0
Championship,2018/2019,2018-12-29,25,Bristol_City,Rotherham_United,1,0,1.84738,0.965773,1,0
Championship,2018/2019,2018-12-29,25,Bolton_Wanderers,Stoke_City,0,0,0.785,0.5502,1,0
Championship,2018/2019,2018-12-29,25,Swansea_City,Wigan_Athletic,2,2,1.8275,2.52529,1,0
League One,2018/2019,2018-12-29,25,Scunthorpe_United,Wycombe_Wanderers,1,0,,,1,1
Premier League,2018/2019,2018-12-30,20,Southampton,Manchester_City,1,3,0.2362,2.4686,1,0
Premier League,2018/2019,2018-12-30,20,Burnley,West_Ham_United,2,0,2.7367,0.801587,1,0
Premier League,2018/2019,2018-12-30,20,Manchester_United,AFC_Bournemouth,4,1,2.94798,0.4865,1,0
Premier League,2018/2019,2018-12-30,20,Crystal_Palace,Chelsea,0,1,0.2348,0.949464,1,0
Championship,2018/2019,2019-01-01,26,Stoke_City,Bristol_City,0,2,1.9813,0.7703,1,0
Championship,2018/2019,2019-01-01,26,Brentford,Norwich_City,1,1,1.18548,0.4902,1,0
Championship,2018/2019,2019-01-01,26,Derby_County,Middlesbrough,1,1,0.5098,1.12377,1,0
Championship,2018/2019,2019-01-01,26,Hull_City,Bolton_Wanderers,6,0,2.78441,0.7309,1,0
Championship,2018/2019,2019-01-01,26,Ipswich_Town,Millwall,2,3,1.3487,2.4402,1,0
Championship,2018/2019,2019-01-01,26,Nottingham_Forest,Leeds_United,4,2,1.5736,2.1061,1,0
Championship,2018/2019,2019-01-01,26,Reading,Swansea_City,1,4,0.7329,2.71456,1,0
Championship,2018/2019,2019-01-01,26,Rotherham_United,Preston_North_End,2,1,0.7527,3.12339,1,0
Championship,2018/2019,2019-01-01,26,Sheffield_Wednesday,Birmingham_City,1,1,1.93182,0.7588,1,0
League One,2018/2019,2019-01-01,26,Luton_Town,Barnsley,0,0,,,1,1
Championship,2018/2019,2019-01-01,26,Blackburn_Rovers,West_Bromwich_Albion,2,1,0.8685,1.59869,1,0
Championship,2018/2019,2019-01-01,26,Wigan_Athletic,Sheffield_United,0,3,0.930557,1.84488,1,0
League One,2018/2019,2019-01-01,26,Southend_United,Gillingham,2,0,,,1,1
League One,2018/2019,2019-01-01,26,Shrewsbury_Town,Fleetwood_Town,0,0,,,1,1
League One,2018/2019,2019-01-01,26,Portsmouth,AFC_Wimbledon,2,1,,,1,1
League One,2018/2019,2019-01-01,26,Plymouth_Argyle,Oxford_United,3,0,,,1,1
League One,2018/2019,2019-01-01,26,Blackpool,Sunderland,0,1,,,1,1
League One,2018/2019,2019-01-01,26,Bradford_City,Accrington_Stanley,3,0,,,1,1
League One,2018/2019,2019-01-01,26,Bristol_Rovers,Burton_Albion,0,0,,,1,1
League One,2018/2019,2019-01-01,26,Charlton_Athletic,Walsall,2,1,,,1,1
League One,2018/2019,2019-01-01,26,Doncaster_Rovers,Rochdale,5,0,,,1,1
League One,2018/2019,2019-01-01,26,Wycombe_Wanderers,Coventry_City,0,2,,,1,1
Championship,2018/2019,2019-01-01,26,Aston_Villa,Queens_Park_Rangers,2,2,1.93212,1.2487,1,0
League One,2018/2019,2019-01-01,26,Peterborough_United,Scunthorpe_United,0,2,,,1,1
Premier League,2018/2019,2019-01-01,21,Arsenal,Fulham,4,1,4.56744,1.3632,1,0
Premier League,2018/2019,2019-01-01,21,Cardiff_City,Tottenham_Hotspur,0,3,0.9129,1.0885,1,0
Premier League,2018/2019,2019-01-01,21,Everton,Leicester_City,0,1,0.9869,0.6394,1,0
Premier League,2018/2019,2019-01-02,21,Newcastle_United,Manchester_United,0,2,0.701,2.58091,1,0
Premier League,2018/2019,2019-01-02,21,AFC_Bournemouth,Watford,3,3,2.24643,0.877233,1,0
Premier League,2018/2019,2019-01-02,21,Wolverhampton_Wanderers,Crystal_Palace,0,2,0.4668,1.90106,1,0
Premier League,2018/2019,2019-01-02,21,West_Ham_United,Brighton_&_Hove_Albion,2,2,0.796,0.6959,1,0
Premier League,2018/2019,2019-01-02,21,Huddersfield_Town,Burnley,1,2,0.8719,2.35216,1,0
Premier League,2018/2019,2019-01-02,21,Chelsea,Southampton,0,0,0.8965,0.2218,1,0
Premier League,2018/2019,2019-01-03,21,Manchester_City,Liverpool,2,1,1.05597,1.4942,1,0
League One,2018/2019,2019-01-05,27,Rochdale,Burton_Albion,0,4,,,1,1
League One,2018/2019,2019-01-05,27,Scunthorpe_United,Coventry_City,2,1,,,1,1
League One,2018/2019,2019-01-05,27,Charlton_Athletic,Sunderland,1,1,,,1,1
Championship,2018/2019,2019-01-11,27,Leeds_United,Derby_County,2,0,2.72953,0.2586,1,0
League One,2018/2019,2019-01-12,28,Walsall,Scunthorpe_United,1,2,,,1,1
League One,2018/2019,2019-01-12,28,Sunderland,Luton_Town,1,1,,,1,1
League One,2018/2019,2019-01-12,28,Southend_United,Plymouth_Argyle,2,3,,,1,1
League One,2018/2019,2019-01-12,28,Shrewsbury_Town,Charlton_Athletic,0,3,,,1,1
League One,2018/2019,2019-01-12,28,Portsmouth,Blackpool,0,1,,,1,1
League One,2018/2019,2019-01-12,28,Peterborough_United,Rochdale,2,1,,,1,1
Championship,2018/2019,2019-01-12,27,Wigan_Athletic,Aston_Villa,3,0,1.9696,0.3966,1,0
League One,2018/2019,2019-01-12,28,Coventry_City,AFC_Wimbledon,1,1,,,1,1
League One,2018/2019,2019-01-12,28,Burton_Albion,Gillingham,2,3,,,1,1
League One,2018/2019,2019-01-12,28,Barnsley,Bradford_City,3,0,,,1,1
League One,2018/2019,2019-01-12,28,Accrington_Stanley,Bristol_Rovers,0,0,,,1,1
League One,2018/2019,2019-01-12,28,Wycombe_Wanderers,Doncaster_Rovers,3,2,,,1,1
League One,2018/2019,2019-01-12,28,Fleetwood_Town,Oxford_United,2,2,,,1,1
Championship,2018/2019,2019-01-12,27,Millwall,Blackburn_Rovers,0,2,0.3572,1.0529,1,0
Premier League,2018/2019,2019-01-12,22,West_Ham_United,Arsenal,1,0,0.641,0.686818,1,0
Championship,2018/2019,2019-01-12,27,West_Bromwich_Albion,Norwich_City,1,1,1.2383,1.0886,1,0
Premier League,2018/2019,2019-01-12,22,Brighton_&_Hove_Albion,Liverpool,0,1,0.4039,1.9921,1,0
Premier League,2018/2019,2019-01-12,22,Chelsea,Newcastle_United,2,1,1.3165,0.4642,1,0
Premier League,2018/2019,2019-01-12,22,Crystal_Palace,Watford,1,2,1.3323,1.67085,1,0
Premier League,2018/2019,2019-01-12,22,Cardiff_City,Huddersfield_Town,0,0,0.1436,0.5555,1,0
Premier League,2018/2019,2019-01-12,22,Burnley,Fulham,2,1,0.849598,0.830618,1,0
Championship,2018/2019,2019-01-12,27,Birmingham_City,Middlesbrough,1,2,1.0494,1.64165,1,0
Championship,2018/2019,2019-01-12,27,Brentford,Stoke_City,3,1,1.14455,0.0739,1,0
Premier League,2018/2019,2019-01-12,22,Leicester_City,Southampton,1,2,1.69539,1.4748,1,0
Championship,2018/2019,2019-01-12,27,Hull_City,Sheffield_Wednesday,3,0,2.1771,0.1267,1,0
Championship,2018/2019,2019-01-12,27,Ipswich_Town,Rotherham_United,1,0,0.3194,0.947661,1,0
Championship,2018/2019,2019-01-12,27,Preston_North_End,Swansea_City,1,1,1.16256,1.1761,1,0
Championship,2018/2019,2019-01-12,27,Reading,Nottingham_Forest,2,0,0.5712,0.4317,1,0
Championship,2018/2019,2019-01-12,27,Bristol_City,Bolton_Wanderers,2,1,2.11961,0.993668,1,0
Championship,2018/2019,2019-01-12,27,Sheffield_United,Queens_Park_Rangers,1,0,0.516346,0.1943,1,0
Premier League,2018/2019,2019-01-13,22,Tottenham_Hotspur,Manchester_United,0,1,1.861,0.825692,1,0
Premier League,2018/2019,2019-01-13,22,Everton,AFC_Bournemouth,2,0,0.992021,1.91768,1,0
Premier League,2018/2019,2019-01-14,22,Manchester_City,Wolverhampton_Wanderers,3,0,2.9121,0.1431,1,0
Championship,2018/2019,2019-01-18,28,Norwich_City,Birmingham_City,3,1,1.3484,0.415,1,0
League One,2018/2019,2019-01-19,29,Plymouth_Argyle,Coventry_City,2,1,,,1,1
League One,2018/2019,2019-01-19,29,Rochdale,Fleetwood_Town,1,1,,,1,1
League One,2018/2019,2019-01-19,29,Scunthorpe_United,Sunderland,1,1,,,1,1
League One,2018/2019,2019-01-19,29,AFC_Wimbledon,Barnsley,1,4,,,1,1
League One,2018/2019,2019-01-19,29,Blackpool,Shrewsbury_Town,0,0,,,1,1
League One,2018/2019,2019-01-19,29,Bradford_City,Southend_United,0,4,,,1,1
League One,2018/2019,2019-01-19,29,Bristol_Rovers,Wycombe_Wanderers,0,1,,,1,1
League One,2018/2019,2019-01-19,29,Charlton_Athletic,Accrington_Stanley,1,0,,,1,1
League One,2018/2019,2019-01-19,29,Gillingham,Walsall,0,3,,,1,1
League One,2018/2019,2019-01-19,29,Doncaster_Rovers,Burton_Albion,2,2,,,1,1
Championship,2018/2019,2019-01-19,28,Rotherham_United,Brentford,2,4,1.74821,1.7726,1,0
League One,2018/2019,2019-01-19,29,Luton_Town,Peterborough_United,4,0,,,1,1
Championship,2018/2019,2019-01-19,28,Derby_County,Reading,2,1,1.2227,0.9658,1,0
Championship,2018/2019,2019-01-19,28,Middlesbrough,Millwall,1,1,1.7556,1.563,1,0
Championship,2018/2019,2019-01-19,28,Nottingham_Forest,Bristol_City,0,1,0.8881,1.36343,1,0
Championship,2018/2019,2019-01-19,28,Queens_Park_Rangers,Preston_North_End,1,4,0.7054,1.40982,1,0
League One,2018/2019,2019-01-19,29,Oxford_United,Portsmouth,2,1,,,1,1
Championship,2018/2019,2019-01-19,28,Sheffield_Wednesday,Wigan_Athletic,1,0,1.09652,0.362757,1,0
Championship,2018/2019,2019-01-19,28,Stoke_City,Leeds_United,2,1,1.1097,0.7902,1,0
Championship,2018/2019,2019-01-19,28,Blackburn_Rovers,Ipswich_Town,2,0,2.6961,0.8429,1,0
Championship,2018/2019,2019-01-19,28,Swansea_City,Sheffield_United,1,0,1.35506,1.48334,1,0
Premier League,2018/2019,2019-01-19,23,Watford,Burnley,0,0,1.3119,1.84949,1,0
Premier League,2018/2019,2019-01-19,23,Southampton,Everton,2,1,0.7174,0.944423,1,0
Premier League,2018/2019,2019-01-19,23,Newcastle_United,Cardiff_City,3,0,2.0442,0.3071,1,0
Premier League,2018/2019,2019-01-19,23,Manchester_United,Brighton_&_Hove_Albion,2,1,2.44739,0.7568,1,0
Premier League,2018/2019,2019-01-19,23,Liverpool,Crystal_Palace,4,3,2.5894,0.6704,1,0
Premier League,2018/2019,2019-01-19,23,AFC_Bournemouth,West_Ham_United,2,0,1.1045,1.28676,1,0
Premier League,2018/2019,2019-01-19,23,Wolverhampton_Wanderers,Leicester_City,4,3,1.9458,1.86628,1,0
Premier League,2018/2019,2019-01-19,23,Arsenal,Chelsea,2,0,1.5379,0.921,1,0
Championship,2018/2019,2019-01-19,28,Aston_Villa,Hull_City,2,2,1.79719,2.3709,1,0
Premier League,2018/2019,2019-01-20,23,Huddersfield_Town,Manchester_City,0,3,0.9019,1.968,1,0
Premier League,2018/2019,2019-01-20,23,Fulham,Tottenham_Hotspur,1,2,0.9259,1.7491,1,0
Championship,2018/2019,2019-01-21,28,Bolton_Wanderers,West_Bromwich_Albion,0,2,0.6092,1.85626,1,0
League One,2018/2019,2019-01-22,27,AFC_Wimbledon,Fleetwood_Town,0,3,,,1,1
League One,2018/2019,2019-01-22,27,Plymouth_Argyle,Walsall,2,1,,,1,1
League One,2018/2019,2019-01-26,30,Fleetwood_Town,Scunthorpe_United,0,1,,,1,1
League One,2018/2019,2019-01-26,30,Barnsley,Rochdale,2,1,,,1,1
League One,2018/2019,2019-01-26,30,Burton_Albion,Bradford_City,1,1,,,1,1
League One,2018/2019,2019-01-26,30,Coventry_City,Blackpool,0,2,,,1,1
League One,2018/2019,2019-01-26,30,Peterborough_United,Charlton_Athletic,0,0,,,1,1
League One,2018/2019,2019-01-26,30,Southend_United,Luton_Town,0,1,,,1,1
League One,2018/2019,2019-01-26,30,Wycombe_Wanderers,Plymouth_Argyle,1,0,,,1,1
Championship,2018/2019,2019-01-26,29,Rotherham_United,Leeds_United,1,2,0.1766,1.4957,1,0
Championship,2018/2019,2019-01-26,29,Nottingham_Forest,Wigan_Athletic,3,1,1.06103,2.7428,1,0
Championship,2018/2019,2019-01-26,29,Norwich_City,Sheffield_United,2,2,0.9562,2.72167,1,0
Championship,2018/2019,2019-01-26,29,Blackburn_Rovers,Hull_City,3,0,1.52462,0.1643,1,0
Championship,2018/2019,2019-01-26,29,Aston_Villa,Ipswich_Town,2,1,3.0715,0.9233,1,0
Championship,2018/2019,2019-01-26,29,Stoke_City,Preston_North_End,0,2,1.674,1.0293,1,0
Premier League,2018/2019,2019-01-29,24,Huddersfield_Town,Everton,0,1,0.7097,1.07213,1,0
Premier League,2018/2019,2019-01-29,24,Newcastle_United,Manchester_City,2,1,1.0994,1.39285,1,0
Premier League,2018/2019,2019-01-29,24,Wolverhampton_Wanderers,West_Ham_United,3,0,2.24342,0.1572,1,0
Premier League,2018/2019,2019-01-29,24,Manchester_United,Burnley,2,2,3.11292,0.7703,1,0
League One,2018/2019,2019-01-29,27,Blackpool,Wycombe_Wanderers,2,2,,,1,1
League One,2018/2019,2019-01-29,27,Bristol_Rovers,Peterborough_United,2,2,,,1,1
Premier League,2018/2019,2019-01-29,24,Arsenal,Cardiff_City,2,1,2.5737,0.8061,1,0
Championship,2018/2019,2019-01-29,29,Swansea_City,Birmingham_City,3,3,2.03739,0.4326,1,0
Championship,2018/2019,2019-01-29,29,Bolton_Wanderers,Reading,1,1,1.1302,2.29709,1,0
League One,2018/2019,2019-01-29,27,Bradford_City,Shrewsbury_Town,4,3,,,1,1
Premier League,2018/2019,2019-01-29,24,Fulham,Brighton_&_Hove_Albion,4,2,3.63566,2.29565,1,0
League One,2018/2019,2019-01-29,27,Luton_Town,Portsmouth,3,2,,,1,1
League One,2018/2019,2019-01-29,27,Gillingham,Accrington_Stanley,0,0,,,1,1
League One,2018/2019,2019-01-29,27,Oxford_United,Barnsley,2,2,,,1,1
Premier League,2018/2019,2019-01-30,24,Tottenham_Hotspur,Watford,2,1,1.75473,0.498429,1,0
Premier League,2018/2019,2019-01-30,24,Liverpool,Leicester_City,1,1,0.5775,1.11981,1,0
Premier League,2018/2019,2019-01-30,24,Southampton,Crystal_Palace,1,1,1.2324,1.0838,1,0
Premier League,2018/2019,2019-01-30,24,AFC_Bournemouth,Chelsea,4,0,2.0012,0.7242,1,0
Championship,2018/2019,2019-02-01,30,Preston_North_End,Derby_County,0,0,2.23374,0.3757,1,0
Championship,2018/2019,2019-02-02,30,Birmingham_City,Nottingham_Forest,2,0,1.8849,0.591897,1,0
Championship,2018/2019,2019-02-02,30,Hull_City,Stoke_City,2,0,1.127,1.09075,1,0
Championship,2018/2019,2019-02-02,30,Ipswich_Town,Sheffield_Wednesday,0,1,0.3959,2.24735,1,0
League One,2018/2019,2019-02-02,31,Coventry_City,Gillingham,1,1,,,1,1
Championship,2018/2019,2019-02-02,30,Millwall,Rotherham_United,0,0,1.3136,0.9372,1,0
Championship,2018/2019,2019-02-02,30,Reading,Aston_Villa,0,0,0.4008,1.40391,1,0
Championship,2018/2019,2019-02-02,30,Sheffield_United,Bolton_Wanderers,2,0,1.4613,0.723262,1,0
Championship,2018/2019,2019-02-02,30,West_Bromwich_Albion,Middlesbrough,2,3,1.60695,0.6814,1,0
Championship,2018/2019,2019-02-02,30,Wigan_Athletic,Queens_Park_Rangers,2,1,1.51383,1.72415,1,0
Championship,2018/2019,2019-02-02,30,Leeds_United,Norwich_City,1,3,1.22018,1.47775,1,0
League One,2018/2019,2019-02-02,31,Barnsley,Scunthorpe_United,2,0,,,1,1
League One,2018/2019,2019-02-02,31,Burton_Albion,Oxford_United,0,0,,,1,1
Championship,2018/2019,2019-02-02,30,Brentford,Blackburn_Rovers,5,2,1.99598,0.5924,1,0
Premier League,2018/2019,2019-02-02,25,Cardiff_City,AFC_Bournemouth,2,0,2.06875,0.5117,1,0
Championship,2018/2019,2019-02-02,30,Bristol_City,Swansea_City,2,0,1.9526,0.4108,1,0
Premier League,2018/2019,2019-02-02,25,Crystal_Palace,Fulham,2,0,2.26119,0.596488,1,0
Premier League,2018/2019,2019-02-02,25,Everton,Wolverhampton_Wanderers,1,3,1.19948,1.44432,1,0
League One,2018/2019,2019-02-02,31,Portsmouth,Doncaster_Rovers,1,1,,,1,1
League One,2018/2019,2019-02-02,31,Shrewsbury_Town,Luton_Town,0,3,,,1,1
League One,2018/2019,2019-02-02,31,Southend_United,Bristol_Rovers,1,2,,,1,1
League One,2018/2019,2019-02-02,31,Walsall,Rochdale,1,2,,,1,1
League One,2018/2019,2019-02-02,31,Sunderland,AFC_Wimbledon,1,0,,,1,1
Premier League,2018/2019,2019-02-02,25,Tottenham_Hotspur,Newcastle_United,1,0,2.27603,0.419044,1,0
Premier League,2018/2019,2019-02-02,25,Brighton_&_Hove_Albion,Watford,0,0,1.6295,0.2783,1,0
Premier League,2018/2019,2019-02-02,25,Burnley,Southampton,1,1,2.39476,0.7427,1,0
Premier League,2018/2019,2019-02-02,25,Chelsea,Huddersfield_Town,5,0,2.6021,0.2797,1,0
League One,2018/2019,2019-02-02,31,Fleetwood_Town,Charlton_Athletic,1,0,,,1,1
League One,2018/2019,2019-02-02,31,Wycombe_Wanderers,Bradford_City,0,0,,,1,1
League One,2018/2019,2019-02-02,31,Peterborough_United,Plymouth_Argyle,0,1,,,1,1
Premier League,2018/2019,2019-02-03,25,Leicester_City,Manchester_United,0,1,1.46456,1.2577,1,0
Premier League,2018/2019,2019-02-03,25,Manchester_City,Arsenal,3,1,2.6548,0.672,1,0
Premier League,2018/2019,2019-02-04,25,West_Ham_United,Liverpool,1,1,0.799027,1.1091,1,0
Premier League,2018/2019,2019-02-06,27,Everton,Manchester_City,0,2,0.1325,2.28567,1,0
Championship,2018/2019,2019-02-08,31,Aston_Villa,Sheffield_United,3,3,1.54822,2.77557,1,0
Premier League,2018/2019,2019-02-09,26,Crystal_Palace,West_Ham_United,1,1,2.66339,1.6701,1,0
Premier League,2018/2019,2019-02-09,26,Huddersfield_Town,Arsenal,1,2,1.62795,1.3678,1,0
Premier League,2018/2019,2019-02-09,26,Watford,Everton,1,0,1.2827,0.724986,1,0
Premier League,2018/2019,2019-02-09,26,Liverpool,AFC_Bournemouth,3,0,2.01626,0.429009,1,0
Premier League,2018/2019,2019-02-09,26,Southampton,Cardiff_City,1,2,1.56809,0.8408,1,0
Premier League,2018/2019,2019-02-09,26,Fulham,Manchester_United,0,3,2.2842,1.89892,1,0
Premier League,2018/2019,2019-02-09,26,Brighton_&_Hove_Albion,Burnley,1,3,1.1552,2.0666,1,0
Championship,2018/2019,2019-02-09,31,Swansea_City,Millwall,1,0,1.46752,1.0766,1,0
Championship,2018/2019,2019-02-09,31,Bolton_Wanderers,Preston_North_End,1,2,1.3951,2.5763,1,0
Championship,2018/2019,2019-02-09,31,Blackburn_Rovers,Bristol_City,0,1,0.9485,1.58194,1,0
Championship,2018/2019,2019-02-09,31,Middlesbrough,Leeds_United,1,1,1.6812,2.15059,1,0
League One,2018/2019,2019-02-09,32,Scunthorpe_United,Accrington_Stanley,2,0,,,1,1
League One,2018/2019,2019-02-09,32,Rochdale,Coventry_City,0,1,,,1,1
League One,2018/2019,2019-02-09,32,Plymouth_Argyle,Portsmouth,1,1,,,1,1
League One,2018/2019,2019-02-09,32,Oxford_United,Sunderland,1,1,,,1,1
Championship,2018/2019,2019-02-09,31,Derby_County,Hull_City,2,0,1.70222,0.9335,1,0
League One,2018/2019,2019-02-09,32,Luton_Town,Wycombe_Wanderers,3,0,,,1,1
League One,2018/2019,2019-02-09,32,Doncaster_Rovers,Peterborough_United,3,1,,,1,1
League One,2018/2019,2019-02-09,32,Charlton_Athletic,Southend_United,1,1,,,1,1
League One,2018/2019,2019-02-09,32,Bristol_Rovers,Shrewsbury_Town,1,1,,,1,1
League One,2018/2019,2019-02-09,32,Bradford_City,Fleetwood_Town,0,1,,,1,1
League One,2018/2019,2019-02-09,32,Blackpool,Walsall,2,0,,,1,1
League One,2018/2019,2019-02-09,32,AFC_Wimbledon,Burton_Albion,0,2,,,1,1
League One,2018/2019,2019-02-09,32,Gillingham,Barnsley,1,4,,,1,1
Championship,2018/2019,2019-02-09,31,Nottingham_Forest,Brentford,2,1,2.89979,1.82435,1,0
Championship,2018/2019,2019-02-09,31,Queens_Park_Rangers,Birmingham_City,3,4,3.0878,2.31999,1,0
Championship,2018/2019,2019-02-09,31,Sheffield_Wednesday,Reading,0,0,2.10677,0.685565,1,0
Championship,2018/2019,2019-02-09,31,Rotherham_United,Wigan_Athletic,1,1,1.3699,0.8487,1,0
Championship,2018/2019,2019-02-09,31,Stoke_City,West_Bromwich_Albion,0,1,0.683619,1.23593,1,0
Premier League,2018/2019,2019-02-10,26,Tottenham_Hotspur,Leicester_City,3,1,1.0777,3.3496,1,0
Premier League,2018/2019,2019-02-10,26,Manchester_City,Chelsea,6,0,3.0624,0.8707,1,0
Championship,2018/2019,2019-02-10,31,Norwich_City,Ipswich_Town,3,0,1.67913,0.7296,1,0
Premier League,2018/2019,2019-02-11,26,Wolverhampton_Wanderers,Newcastle_United,1,1,2.40158,0.4259,1,0
League One,2018/2019,2019-02-12,27,Doncaster_Rovers,Southend_United,3,0,,,1,1
League One,2018/2019,2019-02-12,13,Sunderland,Blackpool,1,1,,,1,1
Championship,2018/2019,2019-02-12,32,Birmingham_City,Bolton_Wanderers,0,1,1.7807,0.3085,1,0
Championship,2018/2019,2019-02-12,32,Hull_City,Rotherham_United,2,2,1.373,1.4039,1,0
Championship,2018/2019,2019-02-12,32,Bristol_City,Queens_Park_Rangers,2,1,2.40004,1.18635,1,0
Championship,2018/2019,2019-02-12,32,West_Bromwich_Albion,Nottingham_Forest,2,2,1.6551,1.6016,1,0
League One,2018/2019,2019-02-12,30,Walsall,AFC_Wimbledon,0,1,,,1,1
Championship,2018/2019,2019-02-12,32,Millwall,Sheffield_Wednesday,0,0,1.13465,0.3767,1,0
Championship,2018/2019,2019-02-13,32,Reading,Blackburn_Rovers,2,1,1.1818,1.0712,1,0
Championship,2018/2019,2019-02-13,32,Wigan_Athletic,Stoke_City,0,0,0.422843,0.817157,1,0
Championship,2018/2019,2019-02-13,32,Sheffield_United,Middlesbrough,1,0,1.8818,0.4183,1,0
Championship,2018/2019,2019-02-13,32,Leeds_United,Swansea_City,2,1,1.43296,1.284,1,0
Championship,2018/2019,2019-02-13,32,Brentford,Aston_Villa,1,0,2.18173,0.7257,1,0
Championship,2018/2019,2019-02-13,32,Ipswich_Town,Derby_County,1,1,0.8765,1.26907,1,0
Championship,2018/2019,2019-02-13,32,Preston_North_End,Norwich_City,3,1,1.96563,2.59595,1,0
League One,2018/2019,2019-02-15,33,Sunderland,Accrington_Stanley,2,2,,,1,1
Championship,2018/2019,2019-02-16,33,Rotherham_United,Sheffield_Wednesday,2,2,2.65268,1.5275,1,0
Championship,2018/2019,2019-02-16,33,Aston_Villa,West_Bromwich_Albion,0,2,1.129,0.510194,1,0
League One,2018/2019,2019-02-16,33,Southend_United,Portsmouth,3,3,,,1,1
League One,2018/2019,2019-02-16,33,Barnsley,Wycombe_Wanderers,2,1,,,1,1
League One,2018/2019,2019-02-16,33,Bradford_City,Plymouth_Argyle,0,0,,,1,1
League One,2018/2019,2019-02-16,33,Charlton_Athletic,Blackpool,0,0,,,1,1
League One,2018/2019,2019-02-16,33,Fleetwood_Town,Luton_Town,1,2,,,1,1
League One,2018/2019,2019-02-16,33,Gillingham,Scunthorpe_United,1,0,,,1,1
League One,2018/2019,2019-02-16,33,Oxford_United,Peterborough_United,0,1,,,1,1
League One,2018/2019,2019-02-16,33,Shrewsbury_Town,Burton_Albion,1,1,,,1,1
League One,2018/2019,2019-02-16,33,Coventry_City,Walsall,3,0,,,1,1
Championship,2018/2019,2019-02-16,33,Ipswich_Town,Stoke_City,1,1,0.4307,1.5731,1,0
Championship,2018/2019,2019-02-16,33,Preston_North_End,Nottingham_Forest,0,0,0.6001,0.9377,1,0
Championship,2018/2019,2019-02-16,33,Sheffield_United,Reading,4,0,2.5595,0.4435,1,0
Championship,2018/2019,2019-02-16,33,Bolton_Wanderers,Norwich_City,0,4,0.8693,3.05914,1,0
Championship,2018/2019,2019-02-17,33,Blackburn_Rovers,Middlesbrough,0,1,0.8032,2.5875,1,0
League One,2018/2019,2019-02-19,30,Portsmouth,Bristol_Rovers,1,1,,,1,1
League One,2018/2019,2019-02-19,30,Sunderland,Gillingham,4,2,,,1,1
Championship,2018/2019,2019-02-19,29,Queens_Park_Rangers,West_Bromwich_Albion,2,3,1.8056,1.9703,1,0
League One,2018/2019,2019-02-19,33,Rochdale,AFC_Wimbledon,3,4,,,1,1
League One,2018/2019,2019-02-19,9,Barnsley,Burton_Albion,0,0,,,1,1
League One,2018/2019,2019-02-19,30,Accrington_Stanley,Oxford_United,4,2,,,1,1
Championship,2018/2019,2019-02-20,29,Derby_County,Millwall,0,1,0.6865,0.2428,1,0
Premier League,2018/2019,2019-02-22,27,West_Ham_United,Fulham,3,1,2.85333,1.3009,1,0
Premier League,2018/2019,2019-02-22,27,Cardiff_City,Watford,1,5,1.9563,2.1131,1,0
Premier League,2018/2019,2019-02-23,27,AFC_Bournemouth,Wolverhampton_Wanderers,1,1,2.37993,1.5345,1,0
Premier League,2018/2019,2019-02-23,27,Newcastle_United,Huddersfield_Town,2,0,2.81649,0.1613,1,0
Premier League,2018/2019,2019-02-23,27,Burnley,Tottenham_Hotspur,2,1,1.3104,0.889,1,0
League One,2018/2019,2019-02-23,34,Wycombe_Wanderers,Gillingham,0,1,,,1,1
League One,2018/2019,2019-02-23,34,Bristol_Rovers,Sunderland,0,2,,,1,1
League One,2018/2019,2019-02-23,34,Portsmouth,Barnsley,0,0,,,1,1
League One,2018/2019,2019-02-23,34,Plymouth_Argyle,Rochdale,5,1,,,1,1
League One,2018/2019,2019-02-23,34,Peterborough_United,Shrewsbury_Town,1,2,,,1,1
League One,2018/2019,2019-02-23,34,Burton_Albion,Fleetwood_Town,0,1,,,1,1
Premier League,2018/2019,2019-02-23,27,Leicester_City,Crystal_Palace,1,4,1.1916,1.7514,1,0
League One,2018/2019,2019-02-23,34,AFC_Wimbledon,Charlton_Athletic,1,2,,,1,1
League One,2018/2019,2019-02-23,34,Scunthorpe_United,Doncaster_Rovers,1,1,,,1,1
League One,2018/2019,2019-02-23,34,Walsall,Bradford_City,3,2,,,1,1
League One,2018/2019,2019-02-23,34,Accrington_Stanley,Southend_United,1,1,,,1,1
League One,2018/2019,2019-02-23,34,Blackpool,Oxford_United,0,1,,,1,1
Championship,2018/2019,2019-02-23,34,Norwich_City,Bristol_City,3,2,2.73209,1.42381,1,0
Championship,2018/2019,2019-02-23,34,Wigan_Athletic,Ipswich_Town,1,1,4.90994,1.5912,1,0
Championship,2018/2019,2019-02-23,34,Stoke_City,Aston_Villa,1,1,0.389,0.53189,1,0
Championship,2018/2019,2019-02-23,34,Sheffield_Wednesday,Swansea_City,3,1,1.4159,1.63356,1,0
Championship,2018/2019,2019-02-23,34,Reading,Rotherham_United,1,1,1.28417,1.41841,1,0
Championship,2018/2019,2019-02-23,34,Millwall,Preston_North_End,1,3,1.38901,1.043,1,0
Championship,2018/2019,2019-02-23,34,Middlesbrough,Queens_Park_Rangers,2,0,1.3538,0.9068,1,0
Championship,2018/2019,2019-02-23,34,West_Bromwich_Albion,Sheffield_United,0,1,1.01204,0.5174,1,0
Championship,2018/2019,2019-02-23,34,Leeds_United,Bolton_Wanderers,2,1,2.5353,1.82256,1,0
Championship,2018/2019,2019-02-23,34,Brentford,Hull_City,5,1,2.53102,0.8275,1,0
Championship,2018/2019,2019-02-23,34,Birmingham_City,Blackburn_Rovers,2,2,0.9709,1.1485,1,0
Premier League,2018/2019,2019-02-24,27,Manchester_United,Liverpool,0,0,0.3263,0.4732,1,0
League One,2018/2019,2019-02-24,34,Luton_Town,Coventry_City,1,1,,,1,1
Premier League,2018/2019,2019-02-24,27,Arsenal,Southampton,2,0,2.1607,0.8246,1,0
Championship,2018/2019,2019-02-25,34,Nottingham_Forest,Derby_County,1,0,1.83053,0.7015,1,0
Championship,2018/2019,2019-02-26,33,Bristol_City,Birmingham_City,1,2,1.6553,0.8049,1,0
Championship,2018/2019,2019-02-26,33,Hull_City,Millwall,2,1,1.12299,1.03622,1,0
League One,2018/2019,2019-02-26,30,Shrewsbury_Town,Doncaster_Rovers,2,0,,,1,1
Premier League,2018/2019,2019-02-26,28,Leicester_City,Brighton_&_Hove_Albion,2,1,1.76148,1.24966,1,0
Premier League,2018/2019,2019-02-26,28,Cardiff_City,Everton,0,3,0.3408,0.9744,1,0
Premier League,2018/2019,2019-02-26,28,Huddersfield_Town,Wolverhampton_Wanderers,1,0,1.58682,0.599,1,0
Premier League,2018/2019,2019-02-26,28,Newcastle_United,Burnley,2,0,1.3783,1.64082,1,0
Championship,2018/2019,2019-02-26,29,Sheffield_Wednesday,Brentford,2,0,2.485,0.317,1,0
Championship,2018/2019,2019-02-26,33,Queens_Park_Rangers,Leeds_United,1,0,1.27989,0.861444,1,0
Premier League,2018/2019,2019-02-27,28,Southampton,Fulham,2,0,1.33808,0.818421,1,0
Premier League,2018/2019,2019-02-27,28,Arsenal,AFC_Bournemouth,5,1,2.4777,0.906464,1,0
Premier League,2018/2019,2019-02-27,28,Chelsea,Tottenham_Hotspur,2,0,0.8236,0.785,1,0
Premier League,2018/2019,2019-02-27,28,Liverpool,Watford,5,0,1.96043,0.3382,1,0
Premier League,2018/2019,2019-02-27,28,Manchester_City,West_Ham_United,1,0,3.52746,0.3543,1,0
Premier League,2018/2019,2019-02-27,28,Crystal_Palace,Manchester_United,1,3,1.7081,0.9848,1,0
Championship,2018/2019,2019-03-01,35,Leeds_United,West_Bromwich_Albion,4,0,2.4037,0.338,1,0
League One,2018/2019,2019-03-02,35,Oxford_United,Scunthorpe_United,2,1,,,1,1
Premier League,2018/2019,2019-03-02,29,Tottenham_Hotspur,Arsenal,1,1,1.60216,2.56787,1,0
Premier League,2018/2019,2019-03-02,29,AFC_Bournemouth,Manchester_City,0,1,0.0,1.21329,1,0
Premier League,2018/2019,2019-03-02,29,Brighton_&_Hove_Albion,Huddersfield_Town,1,0,1.1734,0.2317,1,0
Premier League,2018/2019,2019-03-02,29,Burnley,Crystal_Palace,1,3,2.1714,0.4935,1,0
League One,2018/2019,2019-03-02,35,Luton_Town,Rochdale,2,0,,,1,1
League One,2018/2019,2019-03-02,35,Doncaster_Rovers,Charlton_Athletic,1,1,,,1,1
League One,2018/2019,2019-03-02,35,Burton_Albion,Walsall,0,0,,,1,1
League One,2018/2019,2019-03-02,35,Bristol_Rovers,Blackpool,4,0,,,1,1
League One,2018/2019,2019-03-02,35,Accrington_Stanley,Coventry_City,0,1,,,1,1
Premier League,2018/2019,2019-03-02,29,Manchester_United,Southampton,3,2,2.229,0.4299,1,0
Premier League,2018/2019,2019-03-02,29,Wolverhampton_Wanderers,Cardiff_City,2,0,2.86086,0.588,1,0
League One,2018/2019,2019-03-02,35,Sunderland,Plymouth_Argyle,2,0,,,1,1
League One,2018/2019,2019-03-02,35,Shrewsbury_Town,AFC_Wimbledon,0,0,,,1,1
League One,2018/2019,2019-03-02,35,Portsmouth,Bradford_City,5,1,,,1,1
League One,2018/2019,2019-03-02,35,Peterborough_United,Wycombe_Wanderers,4,2,,,1,1
League One,2018/2019,2019-03-02,35,Fleetwood_Town,Gillingham,1,1,,,1,1
Premier League,2018/2019,2019-03-02,29,West_Ham_United,Newcastle_United,2,0,1.9589,1.10577,1,0
League One,2018/2019,2019-03-02,35,Southend_United,Barnsley,0,3,,,1,1
Championship,2018/2019,2019-03-02,35,Millwall,Norwich_City,1,3,1.79074,2.03747,1,0
Championship,2018/2019,2019-03-02,35,Hull_City,Birmingham_City,2,0,2.6049,1.7235,1,0
Championship,2018/2019,2019-03-02,35,Brentford,Queens_Park_Rangers,3,0,2.9724,0.3731,1,0
Championship,2018/2019,2019-03-02,35,Aston_Villa,Derby_County,4,0,2.17499,0.1087,1,0
Championship,2018/2019,2019-03-02,35,Preston_North_End,Bristol_City,1,1,1.4778,1.91402,1,0
Championship,2018/2019,2019-03-02,35,Rotherham_United,Blackburn_Rovers,3,2,1.37325,2.18038,1,0
Championship,2018/2019,2019-03-02,35,Stoke_City,Nottingham_Forest,2,0,0.4874,0.9925,1,0
Championship,2018/2019,2019-03-02,35,Swansea_City,Bolton_Wanderers,2,0,2.75461,0.2257,1,0
Championship,2018/2019,2019-03-02,35,Wigan_Athletic,Middlesbrough,0,0,0.5968,1.7536,1,0
Championship,2018/2019,2019-03-02,35,Ipswich_Town,Reading,1,2,1.4394,1.0001,1,0
Premier League,2018/2019,2019-03-03,29,Fulham,Chelsea,1,2,0.783706,1.23009,1,0
Premier League,2018/2019,2019-03-03,29,Watford,Leicester_City,2,1,0.865692,0.939,1,0
Premier League,2018/2019,2019-03-03,29,Everton,Liverpool,0,0,0.3441,1.11326,1,0
Championship,2018/2019,2019-03-04,35,Sheffield_Wednesday,Sheffield_United,0,0,0.6425,0.8314,1,0
Championship,2018/2019,2019-03-05,33,Derby_County,Wigan_Athletic,2,1,1.8285,1.0703,1,0
League One,2018/2019,2019-03-05,31,Accrington_Stanley,Blackpool,1,2,,,1,1
Championship,2018/2019,2019-03-08,36,Norwich_City,Swansea_City,1,0,0.4206,0.4547,1,0
League One,2018/2019,2019-03-08,36,Coventry_City,Burton_Albion,1,2,,,1,1
League One,2018/2019,2019-03-09,36,Rochdale,Shrewsbury_Town,2,1,,,1,1
League One,2018/2019,2019-03-09,36,Scunthorpe_United,Bristol_Rovers,0,1,,,1,1
League One,2018/2019,2019-03-09,36,Charlton_Athletic,Portsmouth,2,1,,,1,1
Premier League,2018/2019,2019-03-09,30,Crystal_Palace,Brighton_&_Hove_Albion,1,2,1.5225,0.1637,1,0
Premier League,2018/2019,2019-03-09,30,Cardiff_City,West_Ham_United,2,0,3.51622,0.3389,1,0
Premier League,2018/2019,2019-03-09,30,Huddersfield_Town,AFC_Bournemouth,0,2,0.3457,1.8932,1,0
Premier League,2018/2019,2019-03-09,30,Leicester_City,Fulham,3,1,2.0396,0.2235,1,0
Premier League,2018/2019,2019-03-09,30,Newcastle_United,Everton,3,2,2.46934,1.0979,1,0
Premier League,2018/2019,2019-03-09,30,Southampton,Tottenham_Hotspur,2,1,2.0943,1.2891,1,0
Premier League,2018/2019,2019-03-09,30,Manchester_City,Watford,3,1,3.5972,0.1651,1,0
Championship,2018/2019,2019-03-09,36,Blackburn_Rovers,Preston_North_End,0,1,1.19331,0.4895,1,0
Championship,2018/2019,2019-03-09,36,Sheffield_United,Rotherham_United,2,0,1.97676,0.1228,1,0
League One,2018/2019,2019-03-09,36,Wycombe_Wanderers,Sunderland,1,1,,,1,1
League One,2018/2019,2019-03-09,36,Walsall,Fleetwood_Town,2,0,,,1,1
League One,2018/2019,2019-03-09,36,Plymouth_Argyle,Luton_Town,0,0,,,1,1
League One,2018/2019,2019-03-09,36,Gillingham,Oxford_United,1,0,,,1,1
League One,2018/2019,2019-03-09,36,Bradford_City,Peterborough_United,3,1,,,1,1
League One,2018/2019,2019-03-09,36,Blackpool,Southend_United,2,2,,,1,1
League One,2018/2019,2019-03-09,36,Barnsley,Accrington_Stanley,2,0,,,1,1
Championship,2018/2019,2019-03-09,36,Bolton_Wanderers,Millwall,2,1,1.11662,0.8573,1,0
Championship,2018/2019,2019-03-09,36,West_Bromwich_Albion,Ipswich_Town,1,1,1.5048,1.146,1,0
League One,2018/2019,2019-03-09,36,AFC_Wimbledon,Doncaster_Rovers,2,0,,,1,1
Championship,2018/2019,2019-03-09,36,Middlesbrough,Brentford,1,2,1.37981,1.54067,1,0
Championship,2018/2019,2019-03-09,36,Derby_County,Sheffield_Wednesday,1,1,0.3596,1.2856,1,0
Championship,2018/2019,2019-03-09,36,Nottingham_Forest,Hull_City,3,0,2.16856,1.28466,1,0
Championship,2018/2019,2019-03-09,36,Queens_Park_Rangers,Stoke_City,0,0,0.782725,0.3325,1,0
Championship,2018/2019,2019-03-09,36,Reading,Wigan_Athletic,3,2,0.739564,2.44884,1,0
Championship,2018/2019,2019-03-09,36,Bristol_City,Leeds_United,0,1,0.1783,1.25507,1,0
Championship,2018/2019,2019-03-10,36,Birmingham_City,Aston_Villa,0,1,1.2264,2.0735,1,0
Premier League,2018/2019,2019-03-10,30,Liverpool,Burnley,4,2,4.0255,0.4435,1,0
Premier League,2018/2019,2019-03-10,30,Chelsea,Wolverhampton_Wanderers,1,1,1.10718,0.5359,1,0
Premier League,2018/2019,2019-03-10,30,Arsenal,Manchester_United,2,0,1.6965,2.35414,1,0
League One,2018/2019,2019-03-12,37,Barnsley,Sunderland,0,0,,,1,1
League One,2018/2019,2019-03-12,37,Blackpool,Doncaster_Rovers,1,1,,,1,1
League One,2018/2019,2019-03-12,37,Charlton_Athletic,Burton_Albion,2,1,,,1,1
League One,2018/2019,2019-03-12,37,Coventry_City,Fleetwood_Town,2,1,,,1,1
League One,2018/2019,2019-03-12,37,Gillingham,Bristol_Rovers,0,1,,,1,1
League One,2018/2019,2019-03-12,37,Plymouth_Argyle,Shrewsbury_Town,2,1,,,1,1
League One,2018/2019,2019-03-12,37,AFC_Wimbledon,Peterborough_United,1,0,,,1,1
League One,2018/2019,2019-03-12,37,Bradford_City,Luton_Town,0,1,,,1,1
League One,2018/2019,2019-03-12,37,Scunthorpe_United,Southend_United,4,1,,,1,1
League One,2018/2019,2019-03-12,37,Wycombe_Wanderers,Accrington_Stanley,1,3,,,1,1
League One,2018/2019,2019-03-12,37,Rochdale,Oxford_United,0,0,,,1,1
Championship,2018/2019,2019-03-12,37,Blackburn_Rovers,Wigan_Athletic,3,0,2.76782,0.608282,1,0
Championship,2018/2019,2019-03-12,37,Bristol_City,Ipswich_Town,1,1,1.9321,0.2536,1,0
Championship,2018/2019,2019-03-12,37,Sheffield_United,Brentford,2,0,1.82,1.86505,1,0
Championship,2018/2019,2019-03-12,37,Bolton_Wanderers,Sheffield_Wednesday,0,2,0.632025,1.0323,1,0
Championship,2018/2019,2019-03-12,37,Reading,Leeds_United,0,3,0.6853,1.63141,1,0
League One,2018/2019,2019-03-12,37,Walsall,Portsmouth,2,3,,,1,1
Championship,2018/2019,2019-03-13,37,West_Bromwich_Albion,Swansea_City,3,0,1.72348,2.70909,1,0
Championship,2018/2019,2019-03-13,37,Queens_Park_Rangers,Rotherham_United,1,2,1.55655,0.580801,1,0
Championship,2018/2019,2019-03-13,37,Norwich_City,Hull_City,3,2,1.90531,0.6988,1,0
Championship,2018/2019,2019-03-13,37,Derby_County,Stoke_City,0,0,0.947645,0.5549,1,0
Championship,2018/2019,2019-03-13,37,Middlesbrough,Preston_North_End,1,2,2.13116,1.55007,1,0
Championship,2018/2019,2019-03-13,37,Birmingham_City,Millwall,0,2,0.5861,1.23876,1,0
Championship,2018/2019,2019-03-13,37,Nottingham_Forest,Aston_Villa,1,3,0.595887,1.3281,1,0
League One,2018/2019,2019-03-15,38,Doncaster_Rovers,Barnsley,0,0,,,1,1
League One,2018/2019,2019-03-16,38,Burton_Albion,Blackpool,3,0,,,1,1
League One,2018/2019,2019-03-16,38,Bristol_Rovers,Charlton_Athletic,0,0,,,1,1
League One,2018/2019,2019-03-16,38,Fleetwood_Town,Plymouth_Argyle,2,0,,,1,1
League One,2018/2019,2019-03-16,38,Luton_Town,Gillingham,2,2,,,1,1
League One,2018/2019,2019-03-16,38,Oxford_United,Bradford_City,1,0,,,1,1
League One,2018/2019,2019-03-16,38,Peterborough_United,Coventry_City,1,2,,,1,1
League One,2018/2019,2019-03-16,38,Portsmouth,Scunthorpe_United,2,0,,,1,1
League One,2018/2019,2019-03-16,38,Shrewsbury_Town,Wycombe_Wanderers,2,1,,,1,1
League One,2018/2019,2019-03-16,38,Southend_United,AFC_Wimbledon,0,1,,,1,1
League One,2018/2019,2019-03-16,38,Sunderland,Walsall,2,1,,,1,1
Championship,2018/2019,2019-03-16,38,Stoke_City,Reading,0,0,0.896498,0.269,1,0
Premier League,2018/2019,2019-03-16,31,Burnley,Leicester_City,1,2,1.06188,0.8958,1,0
Championship,2018/2019,2019-03-16,38,Rotherham_United,Norwich_City,1,2,0.6135,1.7284,1,0
Premier League,2018/2019,2019-03-16,31,West_Ham_United,Huddersfield_Town,4,3,1.77761,1.33428,1,0
Championship,2018/2019,2019-03-16,38,Wigan_Athletic,Bolton_Wanderers,5,2,1.8445,1.03114,1,0
Premier League,2018/2019,2019-03-16,31,AFC_Bournemouth,Newcastle_United,2,2,1.3233,1.12031,1,0
Championship,2018/2019,2019-03-16,38,Leeds_United,Sheffield_United,0,1,1.4618,1.04463,1,0
Championship,2018/2019,2019-03-16,38,Aston_Villa,Middlesbrough,3,0,1.87696,0.3506,1,0
Championship,2018/2019,2019-03-16,38,Brentford,West_Bromwich_Albion,0,1,1.0325,0.6919,1,0
Championship,2018/2019,2019-03-16,38,Hull_City,Queens_Park_Rangers,2,2,1.3002,2.336,1,0
Championship,2018/2019,2019-03-16,38,Ipswich_Town,Nottingham_Forest,1,1,1.99432,1.97593,1,0
Championship,2018/2019,2019-03-16,38,Preston_North_End,Birmingham_City,1,0,1.67928,0.8207,1,0
Championship,2018/2019,2019-03-16,38,Sheffield_Wednesday,Blackburn_Rovers,4,2,2.02083,1.0088,1,0
Premier League,2018/2019,2019-03-17,31,Fulham,Liverpool,1,2,1.0955,2.6247,1,0
Premier League,2018/2019,2019-03-17,31,Everton,Chelsea,2,0,2.29549,1.476,1,0
League One,2018/2019,2019-03-23,39,Walsall,Barnsley,0,1,,,1,1
League One,2018/2019,2019-03-23,39,AFC_Wimbledon,Gillingham,2,4,,,1,1
League One,2018/2019,2019-03-23,39,Bradford_City,Blackpool,1,4,,,1,1
League One,2018/2019,2019-03-23,39,Burton_Albion,Accrington_Stanley,5,2,,,1,1
League One,2018/2019,2019-03-23,39,Coventry_City,Oxford_United,0,1,,,1,1
League One,2018/2019,2019-03-23,39,Luton_Town,Doncaster_Rovers,4,0,,,1,1
League One,2018/2019,2019-03-23,39,Peterborough_United,Southend_United,2,0,,,1,1
League One,2018/2019,2019-03-23,39,Plymouth_Argyle,Bristol_Rovers,2,2,,,1,1
League One,2018/2019,2019-03-23,39,Shrewsbury_Town,Portsmouth,0,2,,,1,1
League One,2018/2019,2019-03-23,39,Rochdale,Scunthorpe_United,3,1,,,1,1
League One,2018/2019,2019-03-26,33,Doncaster_Rovers,Bristol_Rovers,4,1,,,1,1
Championship,2018/2019,2019-03-29,39,West_Bromwich_Albion,Birmingham_City,3,2,1.9868,0.7887,1,0
League One,2018/2019,2019-03-30,40,Southend_United,Shrewsbury_Town,0,2,,,1,1
League One,2018/2019,2019-03-30,40,Oxford_United,Wycombe_Wanderers,2,1,,,1,1
League One,2018/2019,2019-03-30,40,Scunthorpe_United,AFC_Wimbledon,1,2,,,1,1
League One,2018/2019,2019-03-30,40,Charlton_Athletic,Bradford_City,1,0,,,1,1
League One,2018/2019,2019-03-30,40,Bristol_Rovers,Luton_Town,1,2,,,1,1
League One,2018/2019,2019-03-30,40,Blackpool,Plymouth_Argyle,2,2,,,1,1
League One,2018/2019,2019-03-30,40,Barnsley,Coventry_City,2,2,,,1,1
League One,2018/2019,2019-03-30,40,Accrington_Stanley,Fleetwood_Town,0,1,,,1,1
Championship,2018/2019,2019-03-30,39,Middlesbrough,Norwich_City,0,1,1.3389,0.9954,1,0
Championship,2018/2019,2019-03-30,39,Wigan_Athletic,Brentford,0,0,0.9592,0.6593,1,0
Championship,2018/2019,2019-03-30,39,Stoke_City,Sheffield_Wednesday,0,0,1.1755,0.3516,1,0
Championship,2018/2019,2019-03-30,39,Sheffield_United,Bristol_City,2,3,2.1719,1.76419,1,0
Championship,2018/2019,2019-03-30,39,Reading,Preston_North_End,2,1,1.52401,0.734641,1,0
Championship,2018/2019,2019-03-30,39,Queens_Park_Rangers,Bolton_Wanderers,1,2,1.40494,2.12665,1,0
Championship,2018/2019,2019-03-30,39,Nottingham_Forest,Swansea_City,2,1,0.6652,0.971718,1,0
Championship,2018/2019,2019-03-30,39,Leeds_United,Millwall,3,2,2.93152,1.4299,1,0
Championship,2018/2019,2019-03-30,39,Ipswich_Town,Hull_City,0,2,0.857571,0.805,1,0
Championship,2018/2019,2019-03-30,39,Derby_County,Rotherham_United,6,1,3.2892,0.908243,1,0
Championship,2018/2019,2019-03-30,39,Aston_Villa,Blackburn_Rovers,2,1,2.31202,1.40196,1,0
Premier League,2018/2019,2019-03-30,32,Crystal_Palace,Huddersfield_Town,2,0,2.7318,1.0649,1,0
Premier League,2018/2019,2019-03-30,32,Burnley,Wolverhampton_Wanderers,2,0,0.5496,0.5258,1,0
Premier League,2018/2019,2019-03-30,32,Brighton_&_Hove_Albion,Southampton,0,1,0.6999,0.7228,1,0
Premier League,2018/2019,2019-03-30,32,Fulham,Manchester_City,0,2,0.4697,1.77983,1,0
Premier League,2018/2019,2019-03-30,32,Leicester_City,AFC_Bournemouth,2,0,1.34726,0.8005,1,0
Premier League,2018/2019,2019-03-30,32,Manchester_United,Watford,2,1,1.62219,1.47082,1,0
Premier League,2018/2019,2019-03-30,32,West_Ham_United,Everton,0,2,0.1018,1.8178,1,0
League One,2018/2019,2019-03-30,40,Gillingham,Rochdale,1,1,,,1,1
League One,2018/2019,2019-03-30,40,Doncaster_Rovers,Walsall,3,1,,,1,1
Premier League,2018/2019,2019-03-31,32,Cardiff_City,Chelsea,1,2,0.5031,1.8589,1,0
Premier League,2018/2019,2019-03-31,32,Liverpool,Tottenham_Hotspur,2,1,1.0517,0.747091,1,0
Premier League,2018/2019,2019-04-01,32,Arsenal,Newcastle_United,2,0,0.8072,0.1026,1,0
Premier League,2018/2019,2019-04-02,33,Watford,Fulham,4,1,1.2342,1.68588,1,0
Premier League,2018/2019,2019-04-02,33,Wolverhampton_Wanderers,Manchester_United,2,1,1.8385,1.87776,1,0
Championship,2018/2019,2019-04-02,33,Swansea_City,Brentford,3,0,1.63952,0.2425,1,0
Championship,2018/2019,2019-04-02,29,Middlesbrough,Bristol_City,0,1,2.96314,2.177,1,0
Premier League,2018/2019,2019-04-03,27,Chelsea,Brighton_&_Hove_Albion,3,0,2.6885,0.4081,1,0
Premier League,2018/2019,2019-04-03,31,Tottenham_Hotspur,Crystal_Palace,2,0,2.12694,0.3274,1,0
Premier League,2018/2019,2019-04-03,33,Manchester_City,Cardiff_City,2,0,3.2023,0.1479,1,0
League One,2018/2019,2019-04-03,21,Accrington_Stanley,Sunderland,0,3,,,1,1
Premier League,2018/2019,2019-04-05,33,Southampton,Liverpool,1,3,0.8916,1.87436,1,0
Premier League,2018/2019,2019-04-06,33,Huddersfield_Town,Leicester_City,1,4,1.65886,3.50019,1,0
League One,2018/2019,2019-04-06,41,Wycombe_Wanderers,Portsmouth,2,3,,,1,1
League One,2018/2019,2019-04-06,41,Walsall,Oxford_United,1,3,,,1,1
League One,2018/2019,2019-04-06,41,Shrewsbury_Town,Scunthorpe_United,1,1,,,1,1
League One,2018/2019,2019-04-06,41,Bradford_City,Doncaster_Rovers,0,1,,,1,1
League One,2018/2019,2019-04-06,41,Burton_Albion,Barnsley,3,1,,,1,1
League One,2018/2019,2019-04-06,41,Fleetwood_Town,Southend_United,2,2,,,1,1
League One,2018/2019,2019-04-06,41,Luton_Town,Blackpool,2,2,,,1,1
League One,2018/2019,2019-04-06,41,Peterborough_United,Gillingham,2,0,,,1,1
League One,2018/2019,2019-04-06,41,AFC_Wimbledon,Accrington_Stanley,1,1,,,1,1
Premier League,2018/2019,2019-04-06,33,Newcastle_United,Crystal_Palace,0,1,0.9338,0.916,1,0
Premier League,2018/2019,2019-04-06,33,AFC_Bournemouth,Burnley,1,3,1.13983,1.2484,1,0
League One,2018/2019,2019-04-06,41,Rochdale,Sunderland,1,2,,,1,1
Championship,2018/2019,2019-04-06,40,Bristol_City,Wigan_Athletic,2,2,2.07577,2.45977,1,0
League One,2018/2019,2019-04-06,41,Plymouth_Argyle,Charlton_Athletic,0,2,,,1,1
Championship,2018/2019,2019-04-06,40,Norwich_City,Queens_Park_Rangers,4,0,2.9635,0.3254,1,0
Championship,2018/2019,2019-04-06,40,Birmingham_City,Leeds_United,1,0,0.9103,1.7527,1,0
Championship,2018/2019,2019-04-06,40,Blackburn_Rovers,Stoke_City,0,1,1.05681,1.5484,1,0
Championship,2018/2019,2019-04-06,40,Bolton_Wanderers,Ipswich_Town,1,2,0.6258,0.2667,1,0
Championship,2018/2019,2019-04-06,40,Millwall,West_Bromwich_Albion,2,0,1.45084,1.2302,1,0
Championship,2018/2019,2019-04-06,40,Preston_North_End,Sheffield_United,0,1,1.03415,2.08648,1,0
Championship,2018/2019,2019-04-06,40,Rotherham_United,Nottingham_Forest,2,1,2.03102,1.88487,1,0
Championship,2018/2019,2019-04-06,40,Brentford,Derby_County,3,3,1.1973,1.4957,1,0
Championship,2018/2019,2019-04-06,40,Sheffield_Wednesday,Aston_Villa,1,3,1.9402,0.456018,1,0
Championship,2018/2019,2019-04-06,40,Swansea_City,Middlesbrough,3,1,3.88897,0.699427,1,0
Championship,2018/2019,2019-04-06,40,Hull_City,Reading,3,1,2.8932,0.8446,1,0
League One,2018/2019,2019-04-07,41,Coventry_City,Bristol_Rovers,0,0,,,1,1
Premier League,2018/2019,2019-04-07,33,Everton,Arsenal,1,0,2.45127,0.345593,1,0
Premier League,2018/2019,2019-04-08,33,Chelsea,West_Ham_United,2,0,1.8941,0.605825,1,0
Championship,2018/2019,2019-04-09,41,Sheffield_Wednesday,Nottingham_Forest,3,0,1.8277,1.0721,1,0
Championship,2018/2019,2019-04-09,41,Preston_North_End,Leeds_United,0,2,0.3276,1.3786,1,0
Championship,2018/2019,2019-04-09,41,Bristol_City,West_Bromwich_Albion,3,2,2.75023,2.5759,1,0
League One,2018/2019,2019-04-09,40,Sunderland,Burton_Albion,1,1,,,1,1
League One,2018/2019,2019-04-09,38,Accrington_Stanley,Rochdale,0,1,,,1,1
League One,2018/2019,2019-04-09,39,Wycombe_Wanderers,Charlton_Athletic,0,1,,,1,1
Championship,2018/2019,2019-04-09,41,Bolton_Wanderers,Middlesbrough,0,2,0.671618,2.00415,1,0
Championship,2018/2019,2019-04-09,41,Swansea_City,Stoke_City,3,1,3.58279,0.4938,1,0
Championship,2018/2019,2019-04-09,41,Blackburn_Rovers,Derby_County,2,0,2.68754,0.4968,1,0
Championship,2018/2019,2019-04-10,41,Rotherham_United,Aston_Villa,1,2,1.8083,3.02328,1,0
Championship,2018/2019,2019-04-10,41,Norwich_City,Reading,2,2,2.753,0.483,1,0
Championship,2018/2019,2019-04-10,41,Birmingham_City,Sheffield_United,1,1,0.779162,0.394,1,0
Championship,2018/2019,2019-04-10,41,Brentford,Ipswich_Town,2,0,2.1297,0.9156,1,0
Championship,2018/2019,2019-04-10,41,Hull_City,Wigan_Athletic,2,1,1.63054,0.6975,1,0
Championship,2018/2019,2019-04-10,41,Millwall,Queens_Park_Rangers,0,0,0.5847,1.24077,1,0
Premier League,2018/2019,2019-04-12,34,Leicester_City,Newcastle_United,0,1,1.0085,1.1168,1,0
League One,2018/2019,2019-04-13,42,Accrington_Stanley,Walsall,2,1,,,1,1
League One,2018/2019,2019-04-13,42,Barnsley,Fleetwood_Town,4,2,,,1,1
League One,2018/2019,2019-04-13,42,Blackpool,Peterborough_United,0,1,,,1,1
League One,2018/2019,2019-04-13,42,Bristol_Rovers,Bradford_City,3,2,,,1,1
League One,2018/2019,2019-04-13,42,Portsmouth,Rochdale,4,1,,,1,1
Premier League,2018/2019,2019-04-13,34,Southampton,Wolverhampton_Wanderers,3,1,2.91056,0.764703,1,0
Premier League,2018/2019,2019-04-13,34,Fulham,Everton,2,0,1.5449,1.0528,1,0
Premier League,2018/2019,2019-04-13,34,Burnley,Cardiff_City,2,0,2.67827,0.9017,1,0
Premier League,2018/2019,2019-04-13,34,Brighton_&_Hove_Albion,AFC_Bournemouth,0,5,0.2882,2.4702,1,0
Premier League,2018/2019,2019-04-13,34,Tottenham_Hotspur,Huddersfield_Town,4,0,2.51786,0.7767,1,0
League One,2018/2019,2019-04-13,42,Charlton_Athletic,Luton_Town,3,1,,,1,1
Championship,2018/2019,2019-04-13,42,Leeds_United,Sheffield_Wednesday,1,0,2.6098,0.387892,1,0
Championship,2018/2019,2019-04-13,42,West_Bromwich_Albion,Preston_North_End,4,1,2.51531,0.634835,1,0
Championship,2018/2019,2019-04-13,42,Stoke_City,Rotherham_United,2,2,0.8003,1.40281,1,0
Championship,2018/2019,2019-04-13,42,Sheffield_United,Millwall,1,1,1.3061,2.1193,1,0
Premier League,2018/2019,2019-04-13,34,Manchester_United,West_Ham_United,2,1,2.46542,1.4077,1,0
League One,2018/2019,2019-04-13,42,Doncaster_Rovers,Plymouth_Argyle,2,0,,,1,1
Championship,2018/2019,2019-04-13,42,Queens_Park_Rangers,Swansea_City,4,0,2.10382,0.7856,1,0
League One,2018/2019,2019-04-13,42,Oxford_United,AFC_Wimbledon,0,0,,,1,1
Championship,2018/2019,2019-04-13,42,Aston_Villa,Bristol_City,2,1,3.72133,0.8291,1,0
Championship,2018/2019,2019-04-13,42,Middlesbrough,Hull_City,1,0,2.3399,1.34358,1,0
Championship,2018/2019,2019-04-13,42,Nottingham_Forest,Blackburn_Rovers,1,2,1.39451,1.30227,1,0
Championship,2018/2019,2019-04-13,42,Derby_County,Bolton_Wanderers,4,0,2.75338,0.3944,1,0
League One,2018/2019,2019-04-13,42,Gillingham,Shrewsbury_Town,0,2,,,1,1
Championship,2018/2019,2019-04-13,42,Ipswich_Town,Birmingham_City,1,1,1.2157,1.65047,1,0
League One,2018/2019,2019-04-13,42,Sunderland,Coventry_City,4,5,,,1,1
League One,2018/2019,2019-04-13,42,Southend_United,Wycombe_Wanderers,0,2,,,1,1
League One,2018/2019,2019-04-13,42,Scunthorpe_United,Burton_Albion,0,3,,,1,1
Championship,2018/2019,2019-04-13,42,Reading,Brentford,2,1,2.3595,1.0266,1,0
Championship,2018/2019,2019-04-14,42,Wigan_Athletic,Norwich_City,1,1,2.1789,1.77352,1,0
Premier League,2018/2019,2019-04-14,34,Liverpool,Chelsea,2,0,1.2236,0.7319,1,0
Premier League,2018/2019,2019-04-14,34,Crystal_Palace,Manchester_City,1,3,0.363293,2.549,1,0
Premier League,2018/2019,2019-04-15,34,Watford,Arsenal,0,1,0.954496,2.40239,1,0
Premier League,2018/2019,2019-04-16,31,Brighton_&_Hove_Albion,Cardiff_City,0,2,0.6444,0.8923,1,0
Championship,2018/2019,2019-04-19,43,Swansea_City,Rotherham_United,4,3,2.85932,1.44519,1,0
Championship,2018/2019,2019-04-19,43,Preston_North_End,Ipswich_Town,4,0,2.21011,0.828093,1,0
Championship,2018/2019,2019-04-19,43,Middlesbrough,Stoke_City,1,0,0.8823,1.51032,1,0
Championship,2018/2019,2019-04-19,43,Leeds_United,Wigan_Athletic,1,2,4.0138,0.9919,1,0
Championship,2018/2019,2019-04-19,43,Bolton_Wanderers,Aston_Villa,0,2,0.3181,2.59805,1,0
Championship,2018/2019,2019-04-19,43,Birmingham_City,Derby_County,2,2,2.20761,1.57083,1,0
Championship,2018/2019,2019-04-19,43,Millwall,Brentford,1,1,0.4774,0.9234,1,0
Championship,2018/2019,2019-04-19,43,Sheffield_United,Nottingham_Forest,2,0,1.4641,0.4058,1,0
Championship,2018/2019,2019-04-19,43,Bristol_City,Reading,1,1,1.86157,0.526499,1,0
Championship,2018/2019,2019-04-19,43,West_Bromwich_Albion,Hull_City,3,2,1.80497,0.6445,1,0
Championship,2018/2019,2019-04-19,43,Norwich_City,Sheffield_Wednesday,2,2,1.8459,1.36365,1,0
Championship,2018/2019,2019-04-19,43,Queens_Park_Rangers,Blackburn_Rovers,1,2,1.23452,2.46828,1,0
League One,2018/2019,2019-04-19,43,Barnsley,Shrewsbury_Town,2,1,,,1,1
League One,2018/2019,2019-04-19,43,Sunderland,Doncaster_Rovers,2,0,,,1,1
League One,2018/2019,2019-04-19,43,Walsall,Southend_United,1,1,,,1,1
League One,2018/2019,2019-04-19,43,Scunthorpe_United,Blackpool,0,0,,,1,1
League One,2018/2019,2019-04-19,43,Rochdale,Wycombe_Wanderers,1,0,,,1,1
League One,2018/2019,2019-04-19,43,Gillingham,Plymouth_Argyle,3,1,,,1,1
League One,2018/2019,2019-04-19,43,Fleetwood_Town,Peterborough_United,1,1,,,1,1
League One,2018/2019,2019-04-19,43,Coventry_City,Bradford_City,2,0,,,1,1
League One,2018/2019,2019-04-19,43,Oxford_United,Charlton_Athletic,2,1,,,1,1
League One,2018/2019,2019-04-19,43,AFC_Wimbledon,Bristol_Rovers,1,1,,,1,1
League One,2018/2019,2019-04-19,43,Burton_Albion,Portsmouth,1,2,,,1,1
Premier League,2018/2019,2019-04-20,35,Huddersfield_Town,Watford,1,2,1.01893,0.887131,1,0
Premier League,2018/2019,2019-04-20,35,West_Ham_United,Leicester_City,2,2,1.20574,0.8753,1,0
Premier League,2018/2019,2019-04-20,35,Wolverhampton_Wanderers,Brighton_&_Hove_Albion,0,0,2.77616,0.2264,1,0
Premier League,2018/2019,2019-04-20,35,Newcastle_United,Southampton,3,1,1.54687,1.2039,1,0
Premier League,2018/2019,2019-04-20,35,AFC_Bournemouth,Fulham,0,1,2.30197,2.55159,1,0
League One,2018/2019,2019-04-20,43,Accrington_Stanley,Luton_Town,0,3,,,1,1
Premier League,2018/2019,2019-04-20,35,Manchester_City,Tottenham_Hotspur,1,0,1.89702,0.957772,1,0
Premier League,2018/2019,2019-04-21,35,Everton,Manchester_United,4,0,1.58008,0.3404,1,0
Premier League,2018/2019,2019-04-21,35,Cardiff_City,Liverpool,0,2,1.15077,2.9983,1,0
Premier League,2018/2019,2019-04-21,35,Arsenal,Crystal_Palace,2,3,1.2509,1.61388,1,0
Championship,2018/2019,2019-04-22,44,Rotherham_United,Birmingham_City,1,3,0.840704,0.9586,1,0
Championship,2018/2019,2019-04-22,44,Sheffield_Wednesday,Bristol_City,2,0,0.9517,1.47728,1,0
Championship,2018/2019,2019-04-22,44,Brentford,Leeds_United,2,0,0.738363,0.9921,1,0
Championship,2018/2019,2019-04-22,44,Wigan_Athletic,Preston_North_End,2,0,1.9476,0.483,1,0
Championship,2018/2019,2019-04-22,44,Reading,West_Bromwich_Albion,0,0,0.7185,0.724074,1,0
Championship,2018/2019,2019-04-22,44,Stoke_City,Norwich_City,2,2,1.1461,1.53398,1,0
Championship,2018/2019,2019-04-22,44,Nottingham_Forest,Middlesbrough,3,0,3.1143,0.153,1,0
League One,2018/2019,2019-04-22,44,Peterborough_United,Sunderland,1,1,,,1,1
League One,2018/2019,2019-04-22,44,Blackpool,Fleetwood_Town,2,1,,,1,1
League One,2018/2019,2019-04-22,44,Bradford_City,Gillingham,1,1,,,1,1
League One,2018/2019,2019-04-22,44,Bristol_Rovers,Rochdale,0,1,,,1,1
League One,2018/2019,2019-04-22,44,Charlton_Athletic,Scunthorpe_United,4,0,,,1,1
League One,2018/2019,2019-04-22,44,Portsmouth,Coventry_City,2,1,,,1,1
Premier League,2018/2019,2019-04-22,35,Chelsea,Burnley,2,2,1.3387,0.695,1,0
League One,2018/2019,2019-04-22,44,Plymouth_Argyle,Barnsley,0,3,,,1,1
League One,2018/2019,2019-04-22,44,Shrewsbury_Town,Oxford_United,2,3,,,1,1
League One,2018/2019,2019-04-22,44,Wycombe_Wanderers,Walsall,1,0,,,1,1
Championship,2018/2019,2019-04-22,44,Aston_Villa,Millwall,1,0,2.353,0.784307,1,0
Championship,2018/2019,2019-04-22,44,Hull_City,Sheffield_United,0,3,0.5691,1.374,1,0
Championship,2018/2019,2019-04-22,44,Derby_County,Queens_Park_Rangers,2,0,2.3822,0.6628,1,0
Championship,2018/2019,2019-04-22,44,Blackburn_Rovers,Bolton_Wanderers,2,0,2.04257,1.4134,1,0
Championship,2018/2019,2019-04-22,44,Ipswich_Town,Swansea_City,0,1,0.639636,2.10688,1,0
League One,2018/2019,2019-04-22,44,Southend_United,Burton_Albion,3,2,,,1,1
League One,2018/2019,2019-04-23,44,Luton_Town,AFC_Wimbledon,2,2,,,1,1
Premier League,2018/2019,2019-04-23,33,Tottenham_Hotspur,Brighton_&_Hove_Albion,1,0,1.35129,0.3117,1,0
Premier League,2018/2019,2019-04-23,31,Watford,Southampton,1,1,1.27035,1.9533,1,0
League One,2018/2019,2019-04-23,44,Doncaster_Rovers,Accrington_Stanley,1,2,,,1,1
Premier League,2018/2019,2019-04-24,31,Manchester_United,Manchester_City,0,2,0.501148,0.5193,1,0
Premier League,2018/2019,2019-04-24,31,Wolverhampton_Wanderers,Arsenal,3,1,1.2153,0.7761,1,0
Premier League,2018/2019,2019-04-26,36,Liverpool,Huddersfield_Town,5,0,3.1352,0.2141,1,0
League One,2018/2019,2019-04-27,45,Barnsley,Blackpool,2,1,,,1,1
League One,2018/2019,2019-04-27,45,Burton_Albion,Luton_Town,2,1,,,1,1
League One,2018/2019,2019-04-27,45,Fleetwood_Town,Bristol_Rovers,0,0,,,1,1
League One,2018/2019,2019-04-27,45,Gillingham,Charlton_Athletic,0,2,,,1,1
League One,2018/2019,2019-04-27,45,Oxford_United,Doncaster_Rovers,2,2,,,1,1
Championship,2018/2019,2019-04-27,45,Birmingham_City,Wigan_Athletic,1,1,0.7334,1.96523,1,0
Championship,2018/2019,2019-04-27,45,Bristol_City,Derby_County,0,2,2.17514,1.6002,1,0
Championship,2018/2019,2019-04-27,45,Middlesbrough,Reading,2,1,2.69415,0.7837,1,0
Premier League,2018/2019,2019-04-27,36,Watford,Wolverhampton_Wanderers,1,2,0.8546,2.0602,1,0
League One,2018/2019,2019-04-27,45,Rochdale,Southend_United,1,0,,,1,1
League One,2018/2019,2019-04-27,45,Scunthorpe_United,Bradford_City,2,3,,,1,1
League One,2018/2019,2019-04-27,45,Sunderland,Portsmouth,1,1,,,1,1
League One,2018/2019,2019-04-27,45,Walsall,Peterborough_United,3,0,,,1,1
Championship,2018/2019,2019-04-27,45,Preston_North_End,Sheffield_Wednesday,3,3,1.42192,1.35975,1,0
Championship,2018/2019,2019-04-27,45,Queens_Park_Rangers,Nottingham_Forest,0,1,2.22927,1.3058,1,0
Championship,2018/2019,2019-04-27,45,Swansea_City,Hull_City,2,2,2.2569,1.8101,1,0
Championship,2018/2019,2019-04-27,45,West_Bromwich_Albion,Rotherham_United,2,1,1.9319,1.2211,1,0
Championship,2018/2019,2019-04-27,45,Sheffield_United,Ipswich_Town,2,0,2.2317,0.1739,1,0
Championship,2018/2019,2019-04-27,45,Norwich_City,Blackburn_Rovers,2,1,1.85013,0.3962,1,0
Championship,2018/2019,2019-04-27,45,Millwall,Stoke_City,0,0,1.33869,1.29103,1,0
Premier League,2018/2019,2019-04-27,36,Brighton_&_Hove_Albion,Newcastle_United,1,1,1.2719,0.4338,1,0
League One,2018/2019,2019-04-27,45,Accrington_Stanley,Plymouth_Argyle,5,1,,,1,1
League One,2018/2019,2019-04-27,45,AFC_Wimbledon,Wycombe_Wanderers,2,1,,,1,1
Premier League,2018/2019,2019-04-27,36,Southampton,AFC_Bournemouth,3,3,2.67846,2.32195,1,0
Premier League,2018/2019,2019-04-27,36,Fulham,Cardiff_City,1,0,0.4817,1.16156,1,0
Premier League,2018/2019,2019-04-27,36,Crystal_Palace,Everton,0,0,0.298915,1.46862,1,0
Premier League,2018/2019,2019-04-27,36,Tottenham_Hotspur,West_Ham_United,0,1,1.5531,1.10515,1,0
League One,2018/2019,2019-04-28,45,Coventry_City,Shrewsbury_Town,1,1,,,1,1
Championship,2018/2019,2019-04-28,45,Leeds_United,Aston_Villa,1,1,1.25559,1.1206,1,0
Premier League,2018/2019,2019-04-28,36,Leicester_City,Arsenal,3,0,3.31073,0.5963,1,0
Premier League,2018/2019,2019-04-28,36,Burnley,Manchester_City,0,1,0.087,2.60173,1,0
Premier League,2018/2019,2019-04-28,36,Manchester_United,Chelsea,1,1,1.1289,1.74306,1,0
League One,2018/2019,2019-04-30,39,Fleetwood_Town,Sunderland,2,1,,,1,1
League One,2018/2019,2019-04-30,40,Portsmouth,Peterborough_United,2,3,,,1,1
Championship,2018/2019,2019-04-30,38,Millwall,Bristol_City,1,2,1.83932,1.2885,1,0
Championship,2018/2019,2019-05-01,38,Swansea_City,Derby_County,1,1,1.39995,0.5946,1,0
Premier League,2018/2019,2019-05-03,37,Everton,Burnley,2,0,1.68009,0.3382,1,0
Premier League,2018/2019,2019-05-04,37,Cardiff_City,Crystal_Palace,2,3,1.8837,1.60436,1,0
Premier League,2018/2019,2019-05-04,37,AFC_Bournemouth,Tottenham_Hotspur,1,0,1.67936,0.7544,1,0
League One,2018/2019,2019-05-04,46,Wycombe_Wanderers,Fleetwood_Town,1,0,,,1,1
League One,2018/2019,2019-05-04,46,Southend_United,Sunderland,2,1,,,1,1
League One,2018/2019,2019-05-04,46,Shrewsbury_Town,Walsall,0,0,,,1,1
League One,2018/2019,2019-05-04,46,Portsmouth,Accrington_Stanley,1,1,,,1,1
Premier League,2018/2019,2019-05-04,37,Wolverhampton_Wanderers,Fulham,1,0,2.0176,0.5208,1,0
League One,2018/2019,2019-05-04,46,Peterborough_United,Burton_Albion,3,1,,,1,1
League One,2018/2019,2019-05-04,46,Plymouth_Argyle,Scunthorpe_United,3,2,,,1,1
League One,2018/2019,2019-05-04,46,Doncaster_Rovers,Coventry_City,2,0,,,1,1
Premier League,2018/2019,2019-05-04,37,West_Ham_United,Southampton,3,0,1.9632,0.4905,1,0
Premier League,2018/2019,2019-05-04,37,Newcastle_United,Liverpool,2,3,1.46825,1.2315,1,0
League One,2018/2019,2019-05-04,46,Luton_Town,Oxford_United,3,1,,,1,1
League One,2018/2019,2019-05-04,46,Charlton_Athletic,Rochdale,4,0,,,1,1
League One,2018/2019,2019-05-04,46,Blackpool,Gillingham,0,3,,,1,1
League One,2018/2019,2019-05-04,46,Bradford_City,AFC_Wimbledon,0,0,,,1,1
League One,2018/2019,2019-05-04,46,Bristol_Rovers,Barnsley,2,1,,,1,1
Championship,2018/2019,2019-05-05,46,Nottingham_Forest,Bolton_Wanderers,1,0,0.8569,0.496406,1,0
Championship,2018/2019,2019-05-05,46,Ipswich_Town,Leeds_United,3,2,0.7137,4.26468,1,0
Championship,2018/2019,2019-05-05,46,Derby_County,West_Bromwich_Albion,3,1,3.04009,1.0836,1,0
Championship,2018/2019,2019-05-05,46,Brentford,Preston_North_End,3,0,2.05071,0.6827,1,0
Championship,2018/2019,2019-05-05,46,Sheffield_Wednesday,Queens_Park_Rangers,1,2,1.9079,2.6263,1,0
Championship,2018/2019,2019-05-05,46,Stoke_City,Sheffield_United,2,2,1.5044,0.8441,1,0
Championship,2018/2019,2019-05-05,46,Wigan_Athletic,Millwall,1,0,1.03431,1.70929,1,0
Championship,2018/2019,2019-05-05,46,Blackburn_Rovers,Swansea_City,2,2,1.767,1.26717,1,0
Championship,2018/2019,2019-05-05,46,Aston_Villa,Norwich_City,1,2,1.05141,2.05198,1,0
Championship,2018/2019,2019-05-05,46,Reading,Birmingham_City,0,0,1.4297,1.60476,1,0
Championship,2018/2019,2019-05-05,46,Rotherham_United,Middlesbrough,1,2,1.789,2.1434,1,0
Championship,2018/2019,2019-05-05,46,Hull_City,Bristol_City,1,1,1.2791,2.12792,1,0
Premier League,2018/2019,2019-05-05,37,Arsenal,Brighton_&_Hove_Albion,1,1,2.4422,1.94142,1,0
Premier League,2018/2019,2019-05-05,37,Huddersfield_Town,Manchester_United,1,1,0.9925,1.8071,1,0
Premier League,2018/2019,2019-05-05,37,Chelsea,Watford,3,0,2.31315,1.73213,1,0
Premier League,2018/2019,2019-05-06,37,Manchester_City,Leicester_City,1,0,1.0119,0.512033,1,0
Premier League,2018/2019,2019-05-12,38,Southampton,Huddersfield_Town,1,1,0.6227,0.7323,1,0
Premier League,2018/2019,2019-05-12,38,Brighton_&_Hove_Albion,Manchester_City,1,4,0.4655,1.6312,1,0
Premier League,2018/2019,2019-05-12,38,Crystal_Palace,AFC_Bournemouth,5,3,2.88239,1.8202,1,0
Premier League,2018/2019,2019-05-12,38,Burnley,Arsenal,1,3,1.67579,2.6936,1,0
Premier League,2018/2019,2019-05-12,38,Manchester_United,Cardiff_City,0,2,1.53422,1.6329,1,0
Premier League,2018/2019,2019-05-12,38,Liverpool,Wolverhampton_Wanderers,2,0,1.5714,1.2737,1,0
Premier League,2018/2019,2019-05-12,38,Watford,West_Ham_United,1,4,2.2338,3.06574,1,0
Premier League,2018/2019,2019-05-12,38,Leicester_City,Chelsea,0,0,0.3949,1.5306,1,0
Premier League,2018/2019,2019-05-12,38,Fulham,Newcastle_United,0,4,0.712994,2.08769,1,0
Premier League,2018/2019,2019-05-12,38,Tottenham_Hotspur,Everton,2,2,0.6259,2.01662,1,0
Championship,2019/2020,2019-08-02,1,Luton_Town,Middlesbrough,3,3,2.05244,1.51,1,0
League One,2019/2020,2019-08-03,1,Burton_Albion,Ipswich_Town,0,1,0.5221,0.5153,1,0
Championship,2019/2020,2019-08-03,1,Barnsley,Fulham,1,0,2.0434,1.4272,1,0
Championship,2019/2020,2019-08-03,1,Blackburn_Rovers,Charlton_Athletic,1,2,0.8987,1.5338,1,0
Championship,2019/2020,2019-08-03,1,Brentford,Birmingham_City,0,1,1.7802,0.0249,1,0
Championship,2019/2020,2019-08-03,1,Stoke_City,Queens_Park_Rangers,1,2,0.9387,1.6301,1,0
League One,2019/2020,2019-08-03,1,Blackpool,Bristol_Rovers,2,0,2.1439,1.30559,1,0
League One,2019/2020,2019-08-03,1,Peterborough_United,Fleetwood_Town,1,3,0.827,0.7625,1,0
League One,2019/2020,2019-08-03,1,Doncaster_Rovers,Gillingham,1,1,0.739194,0.9712,1,0
League One,2019/2020,2019-08-03,1,Lincoln_City,Accrington_Stanley,2,0,2.7009,0.7994,1,0
Championship,2019/2020,2019-08-03,1,Millwall,Preston_North_End,1,0,0.5966,0.5838,1,0
League One,2019/2020,2019-08-03,1,Shrewsbury_Town,Portsmouth,1,0,0.0889,0.6238,1,0
League One,2019/2020,2019-08-03,1,Sunderland,Oxford_United,1,1,1.3021,0.942,1,0
League One,2019/2020,2019-08-03,1,Tranmere_Rovers,Rochdale,2,3,1.3618,1.4196,1,0
Championship,2019/2020,2019-08-03,1,Swansea_City,Hull_City,2,1,1.84473,0.5567,1,0
Championship,2019/2020,2019-08-03,1,Wigan_Athletic,Cardiff_City,3,2,1.9581,1.17578,1,0
Championship,2019/2020,2019-08-03,1,Nottingham_Forest,West_Bromwich_Albion,1,2,0.7275,0.4792,1,0
League One,2019/2020,2019-08-03,1,Wycombe_Wanderers,Bolton_Wanderers,2,0,2.9664,0.094,1,0
League One,2019/2020,2019-08-03,1,Coventry_City,Southend_United,1,0,1.4175,0.4498,1,0
Championship,2019/2020,2019-08-03,1,Reading,Sheffield_Wednesday,1,3,1.36759,1.4932,1,0
Championship,2019/2020,2019-08-04,1,Bristol_City,Leeds_United,1,3,0.7752,2.2133,1,0
League One,2019/2020,2019-08-04,1,AFC_Wimbledon,Rotherham_United,1,2,1.1186,2.74364,1,0
Championship,2019/2020,2019-08-05,1,Huddersfield_Town,Derby_County,1,2,1.8765,0.5467,1,0
Premier League,2019/2020,2019-08-09,1,Liverpool,Norwich_City,4,1,1.8396,0.916603,1,0
Premier League,2019/2020,2019-08-10,1,West_Ham_United,Manchester_City,0,5,1.08289,3.2022,1,0
Premier League,2019/2020,2019-08-10,1,AFC_Bournemouth,Sheffield_United,1,1,1.49901,1.4075,1,0
Premier League,2019/2020,2019-08-10,1,Burnley,Southampton,3,0,0.9052,1.1686,1,0
Premier League,2019/2020,2019-08-10,1,Crystal_Palace,Everton,0,0,0.9412,1.1716,1,0
Premier League,2019/2020,2019-08-10,1,Watford,Brighton_&_Hove_Albion,0,3,0.6987,0.8405,1,0
Premier League,2019/2020,2019-08-10,1,Tottenham_Hotspur,Aston_Villa,3,1,2.4629,0.657,1,0
Championship,2019/2020,2019-08-10,2,West_Bromwich_Albion,Millwall,1,1,0.9475,1.0677,1,0
Championship,2019/2020,2019-08-10,2,Sheffield_Wednesday,Barnsley,2,0,1.61975,1.1813,1,0
Championship,2019/2020,2019-08-10,2,Queens_Park_Rangers,Huddersfield_Town,1,1,1.0982,1.2411,1,0
Championship,2019/2020,2019-08-10,2,Preston_North_End,Wigan_Athletic,3,0,1.2904,0.8845,1,0
Championship,2019/2020,2019-08-10,2,Cardiff_City,Luton_Town,2,1,2.05902,0.6387,1,0
Championship,2019/2020,2019-08-10,2,Hull_City,Reading,2,1,1.63267,1.46663,1,0
League One,2019/2020,2019-08-10,2,Bristol_Rovers,Wycombe_Wanderers,0,0,0.4417,0.4076,1,0
League One,2019/2020,2019-08-10,2,Fleetwood_Town,AFC_Wimbledon,2,1,1.1035,0.9047,1,0
League One,2019/2020,2019-08-10,2,Gillingham,Burton_Albion,1,2,1.1613,2.50468,1,0
League One,2019/2020,2019-08-10,2,Ipswich_Town,Sunderland,1,1,1.15286,0.5294,1,0
League One,2019/2020,2019-08-10,2,Milton_Keynes_Dons,Shrewsbury_Town,1,0,0.4477,0.6391,1,0
League One,2019/2020,2019-08-10,2,Oxford_United,Peterborough_United,1,0,1.03805,0.3164,1,0
League One,2019/2020,2019-08-10,2,Portsmouth,Tranmere_Rovers,2,0,2.00076,0.3833,1,0
League One,2019/2020,2019-08-10,2,Rochdale,Doncaster_Rovers,1,1,0.4717,0.9355,1,0
League One,2019/2020,2019-08-10,2,Rotherham_United,Lincoln_City,0,2,1.0966,0.4358,1,0
League One,2019/2020,2019-08-10,2,Southend_United,Blackpool,1,3,1.1898,1.6892,1,0
Championship,2019/2020,2019-08-10,2,Leeds_United,Nottingham_Forest,1,1,1.86857,1.6427,1,0
Championship,2019/2020,2019-08-10,2,Birmingham_City,Bristol_City,1,1,0.8708,1.6507,1,0
Championship,2019/2020,2019-08-10,2,Charlton_Athletic,Stoke_City,3,1,0.2538,1.2142,1,0
Championship,2019/2020,2019-08-10,2,Derby_County,Swansea_City,0,0,1.8219,0.6718,1,0
Championship,2019/2020,2019-08-10,2,Fulham,Blackburn_Rovers,2,0,1.6224,0.5014,1,0
League One,2019/2020,2019-08-10,2,Bolton_Wanderers,Coventry_City,0,0,0.1699,2.4061,1,0
Championship,2019/2020,2019-08-10,2,Middlesbrough,Brentford,0,1,0.7289,1.2296,1,0
Premier League,2019/2020,2019-08-11,1,Newcastle_United,Arsenal,0,1,0.3934,1.08,1,0
Premier League,2019/2020,2019-08-11,1,Manchester_United,Chelsea,4,0,2.1678,1.03998,1,0
Premier League,2019/2020,2019-08-11,1,Leicester_City,Wolverhampton_Wanderers,0,0,0.7249,0.7023,1,0
Championship,2019/2020,2019-08-16,3,Huddersfield_Town,Fulham,1,2,0.4735,2.3393,1,0
League One,2019/2020,2019-08-17,3,Burton_Albion,Rotherham_United,0,1,1.7854,1.2803,1,0
League One,2019/2020,2019-08-17,3,Coventry_City,Bristol_Rovers,2,0,1.2212,0.5628,1,0
League One,2019/2020,2019-08-17,3,Doncaster_Rovers,Fleetwood_Town,3,2,0.7814,3.08762,1,0
League One,2019/2020,2019-08-17,3,Lincoln_City,Southend_United,4,0,1.4147,0.3141,1,0
League One,2019/2020,2019-08-17,3,Peterborough_United,Ipswich_Town,2,2,1.6015,1.5336,1,0
League One,2019/2020,2019-08-17,3,Shrewsbury_Town,Rochdale,0,0,1.88666,0.9473,1,0
League One,2019/2020,2019-08-17,3,Tranmere_Rovers,Bolton_Wanderers,5,0,2.1612,0.3499,1,0
League One,2019/2020,2019-08-17,3,Wycombe_Wanderers,Milton_Keynes_Dons,3,2,2.0969,3.96406,1,0
Premier League,2019/2020,2019-08-17,2,Manchester_City,Tottenham_Hotspur,2,2,2.96766,0.1301,1,0
Premier League,2019/2020,2019-08-17,2,Southampton,Liverpool,1,2,1.936,1.2912,1,0
Premier League,2019/2020,2019-08-17,2,Norwich_City,Newcastle_United,3,1,1.7011,0.9503,1,0
Premier League,2019/2020,2019-08-17,2,Everton,Watford,1,0,0.6668,1.2347,1,0
Premier League,2019/2020,2019-08-17,2,Brighton_&_Hove_Albion,West_Ham_United,1,1,2.0018,0.8331,1,0
Premier League,2019/2020,2019-08-17,2,Aston_Villa,AFC_Bournemouth,1,2,2.0298,1.6425,1,0
Premier League,2019/2020,2019-08-17,2,Arsenal,Burnley,2,1,0.8435,1.5153,1,0
League One,2019/2020,2019-08-17,3,Blackpool,Oxford_United,2,1,1.3937,2.2057,1,0
League One,2019/2020,2019-08-17,3,AFC_Wimbledon,Accrington_Stanley,1,1,1.0197,1.0023,1,0
Championship,2019/2020,2019-08-17,3,Brentford,Hull_City,1,1,1.34318,1.5529,1,0
Championship,2019/2020,2019-08-17,3,Bristol_City,Queens_Park_Rangers,2,0,1.0412,1.5159,1,0
Championship,2019/2020,2019-08-17,3,Wigan_Athletic,Leeds_United,0,2,0.3922,3.66373,1,0
Championship,2019/2020,2019-08-17,3,Swansea_City,Preston_North_End,3,2,0.773324,1.7575,1,0
Championship,2019/2020,2019-08-17,3,Stoke_City,Derby_County,2,2,2.67698,1.6462,1,0
Championship,2019/2020,2019-08-17,3,Nottingham_Forest,Birmingham_City,3,0,2.2784,0.412,1,0
League One,2019/2020,2019-08-17,3,Sunderland,Portsmouth,2,1,0.9532,0.858,1,0
Championship,2019/2020,2019-08-17,3,Barnsley,Charlton_Athletic,2,2,0.8332,2.1883,1,0
Championship,2019/2020,2019-08-17,3,Blackburn_Rovers,Middlesbrough,1,0,2.21091,0.7554,1,0
Championship,2019/2020,2019-08-17,3,Millwall,Sheffield_Wednesday,1,0,0.1548,1.0591,1,0
Championship,2019/2020,2019-08-17,3,Luton_Town,West_Bromwich_Albion,1,2,0.6304,1.9168,1,0
Premier League,2019/2020,2019-08-18,2,Chelsea,Leicester_City,1,1,1.0563,0.7791,1,0
Championship,2019/2020,2019-08-18,3,Reading,Cardiff_City,3,0,2.3476,0.7285,1,0
Premier League,2019/2020,2019-08-18,2,Sheffield_United,Crystal_Palace,1,0,2.1821,0.2727,1,0
Premier League,2019/2020,2019-08-19,2,Wolverhampton_Wanderers,Manchester_United,1,1,0.2724,1.1582,1,0
League One,2019/2020,2019-08-20,4,Fleetwood_Town,Wycombe_Wanderers,1,1,1.97235,1.0116,1,0
Championship,2019/2020,2019-08-20,4,Middlesbrough,Wigan_Athletic,1,0,1.31857,0.5833,1,0
Championship,2019/2020,2019-08-20,4,Hull_City,Blackburn_Rovers,0,1,1.6827,1.6387,1,0
Championship,2019/2020,2019-08-20,4,Derby_County,Bristol_City,1,2,2.2066,1.11224,1,0
Championship,2019/2020,2019-08-20,4,Birmingham_City,Barnsley,2,0,1.6704,0.2629,1,0
League One,2019/2020,2019-08-20,4,Bristol_Rovers,Tranmere_Rovers,2,0,2.761,0.7319,1,0
League One,2019/2020,2019-08-20,4,Accrington_Stanley,Shrewsbury_Town,2,3,2.0643,2.2381,1,0
Championship,2019/2020,2019-08-20,4,Sheffield_Wednesday,Luton_Town,1,0,1.7332,0.6711,1,0
League One,2019/2020,2019-08-20,4,Southend_United,Peterborough_United,0,2,0.5105,1.5617,1,0
League One,2019/2020,2019-08-20,4,Gillingham,Blackpool,2,2,1.32445,1.419,1,0
League One,2019/2020,2019-08-20,4,Ipswich_Town,AFC_Wimbledon,2,1,1.9371,0.2138,1,0
League One,2019/2020,2019-08-20,4,Oxford_United,Burton_Albion,2,4,2.0109,1.4568,1,0
League One,2019/2020,2019-08-20,4,Portsmouth,Coventry_City,3,3,1.5617,1.2494,1,0
League One,2019/2020,2019-08-20,4,Rochdale,Sunderland,1,2,0.7204,1.05365,1,0
League One,2019/2020,2019-08-20,4,Milton_Keynes_Dons,Lincoln_City,2,1,1.3748,1.599,1,0
Championship,2019/2020,2019-08-21,4,Cardiff_City,Huddersfield_Town,2,1,1.8492,0.6962,1,0
Championship,2019/2020,2019-08-21,4,West_Bromwich_Albion,Reading,1,1,2.1149,0.5289,1,0
Championship,2019/2020,2019-08-21,4,Queens_Park_Rangers,Swansea_City,1,3,1.6561,2.3325,1,0
Championship,2019/2020,2019-08-21,4,Preston_North_End,Stoke_City,3,1,0.495522,0.7334,1,0
Championship,2019/2020,2019-08-21,4,Leeds_United,Brentford,1,0,1.1729,0.2551,1,0
Championship,2019/2020,2019-08-21,4,Fulham,Millwall,4,0,2.4373,0.9321,1,0
Championship,2019/2020,2019-08-21,4,Charlton_Athletic,Nottingham_Forest,1,1,1.78009,1.0742,1,0
Premier League,2019/2020,2019-08-23,3,Aston_Villa,Everton,2,0,1.0484,1.2569,1,0
League One,2019/2020,2019-08-24,5,Rochdale,Blackpool,0,0,0.2411,0.5056,1,0
League One,2019/2020,2019-08-24,5,Milton_Keynes_Dons,Peterborough_United,0,4,0.8707,1.0808,1,0
League One,2019/2020,2019-08-24,5,Wycombe_Wanderers,Southend_United,4,3,2.7889,0.541,1,0
League One,2019/2020,2019-08-24,5,Fleetwood_Town,Accrington_Stanley,2,0,1.9376,0.85,1,0
League One,2019/2020,2019-08-24,5,Coventry_City,Gillingham,1,0,1.07224,0.5671,1,0
League One,2019/2020,2019-08-24,5,Shrewsbury_Town,Burton_Albion,0,0,1.0408,0.8573,1,0
League One,2019/2020,2019-08-24,5,Sunderland,AFC_Wimbledon,3,1,2.5741,0.5972,1,0
League One,2019/2020,2019-08-24,5,Bristol_Rovers,Oxford_United,3,1,1.68,0.4797,1,0
Championship,2019/2020,2019-08-24,5,Barnsley,Luton_Town,1,3,1.54834,2.1173,1,0
Championship,2019/2020,2019-08-24,5,Huddersfield_Town,Reading,0,2,0.4686,0.7621,1,0
Championship,2019/2020,2019-08-24,5,Fulham,Nottingham_Forest,1,2,1.1714,1.0836,1,0
Championship,2019/2020,2019-08-24,5,Preston_North_End,Sheffield_Wednesday,2,1,2.0354,0.7142,1,0
Championship,2019/2020,2019-08-24,5,Charlton_Athletic,Brentford,1,0,0.4395,1.86267,1,0
Championship,2019/2020,2019-08-24,5,Blackburn_Rovers,Cardiff_City,0,0,0.8559,0.7466,1,0
Championship,2019/2020,2019-08-24,5,Derby_County,West_Bromwich_Albion,1,1,2.46838,2.329,1,0
League One,2019/2020,2019-08-24,5,Doncaster_Rovers,Lincoln_City,2,1,1.40506,1.1037,1,0
Championship,2019/2020,2019-08-24,5,Hull_City,Bristol_City,1,3,2.3281,2.1056,1,0
Championship,2019/2020,2019-08-24,5,Queens_Park_Rangers,Wigan_Athletic,3,1,2.3865,0.9781,1,0
Championship,2019/2020,2019-08-24,5,Stoke_City,Leeds_United,0,3,0.3406,2.43046,1,0
Premier League,2019/2020,2019-08-24,3,Liverpool,Arsenal,3,1,2.5145,1.0153,1,0
Premier League,2019/2020,2019-08-24,3,Watford,West_Ham_United,1,3,2.338,3.75563,1,0
Premier League,2019/2020,2019-08-24,3,Sheffield_United,Leicester_City,1,2,0.3474,0.7713,1,0
Premier League,2019/2020,2019-08-24,3,Manchester_United,Crystal_Palace,1,2,2.5271,1.0797,1,0
Premier League,2019/2020,2019-08-24,3,Brighton_&_Hove_Albion,Southampton,0,2,0.8123,2.1074,1,0
Premier League,2019/2020,2019-08-24,3,Norwich_City,Chelsea,2,3,1.05991,1.4989,1,0
League One,2019/2020,2019-08-24,5,Bolton_Wanderers,Ipswich_Town,0,5,0.1479,4.97147,1,0
Championship,2019/2020,2019-08-24,5,Middlesbrough,Millwall,1,1,0.5349,2.1614,1,0
Championship,2019/2020,2019-08-25,5,Swansea_City,Birmingham_City,3,0,1.686,0.2148,1,0
Premier League,2019/2020,2019-08-25,3,Tottenham_Hotspur,Newcastle_United,0,1,1.1281,0.8138,1,0
Premier League,2019/2020,2019-08-25,3,AFC_Bournemouth,Manchester_City,1,3,2.1855,3.0943,1,0
Premier League,2019/2020,2019-08-25,3,Wolverhampton_Wanderers,Burnley,1,1,1.57397,1.5846,1,0
Championship,2019/2020,2019-08-30,6,Cardiff_City,Fulham,1,1,0.50876,1.3257,1,0
Championship,2019/2020,2019-08-31,6,Birmingham_City,Stoke_City,2,1,1.6043,1.06908,1,0
Premier League,2019/2020,2019-08-31,4,Chelsea,Sheffield_United,2,2,2.02653,1.1219,1,0
League One,2019/2020,2019-08-31,6,Accrington_Stanley,Milton_Keynes_Dons,2,1,1.93848,0.7242,1,0
League One,2019/2020,2019-08-31,6,Blackpool,Portsmouth,1,1,0.8702,0.7597,1,0
Premier League,2019/2020,2019-08-31,4,Burnley,Liverpool,0,3,0.8713,0.9985,1,0
Premier League,2019/2020,2019-08-31,4,West_Ham_United,Norwich_City,2,0,1.99391,1.3672,1,0
Premier League,2019/2020,2019-08-31,4,Newcastle_United,Watford,1,1,1.0265,1.0547,1,0
Premier League,2019/2020,2019-08-31,4,Manchester_City,Brighton_&_Hove_Albion,4,0,1.9041,0.8746,1,0
Premier League,2019/2020,2019-08-31,4,Leicester_City,AFC_Bournemouth,3,1,2.0351,0.6406,1,0
Premier League,2019/2020,2019-08-31,4,Crystal_Palace,Aston_Villa,1,0,1.456,0.4005,1,0
Premier League,2019/2020,2019-08-31,4,Southampton,Manchester_United,1,1,0.8579,1.5471,1,0
Championship,2019/2020,2019-08-31,6,Bristol_City,Middlesbrough,2,2,1.5464,1.2852,1,0
Championship,2019/2020,2019-08-31,6,Brentford,Derby_County,3,0,2.39325,0.2043,1,0
League One,2019/2020,2019-08-31,6,AFC_Wimbledon,Wycombe_Wanderers,0,0,0.5867,1.2913,1,0
Championship,2019/2020,2019-08-31,6,Luton_Town,Huddersfield_Town,2,1,1.3247,2.7635,1,0
Championship,2019/2020,2019-08-31,6,Millwall,Hull_City,1,1,1.7422,0.971841,1,0
Championship,2019/2020,2019-08-31,6,Leeds_United,Swansea_City,0,1,1.9961,0.5269,1,0
Championship,2019/2020,2019-08-31,6,Reading,Charlton_Athletic,0,2,2.3359,1.50776,1,0
League One,2019/2020,2019-08-31,6,Southend_United,Rochdale,0,3,0.4635,1.5671,1,0
League One,2019/2020,2019-08-31,6,Rotherham_United,Tranmere_Rovers,1,1,0.6891,1.52531,1,0
League One,2019/2020,2019-08-31,6,Peterborough_United,Sunderland,3,0,0.9932,0.3845,1,0
League One,2019/2020,2019-08-31,6,Oxford_United,Coventry_City,3,3,1.1649,1.0088,1,0
League One,2019/2020,2019-08-31,6,Lincoln_City,Fleetwood_Town,2,0,0.8049,0.7462,1,0
Championship,2019/2020,2019-08-31,6,Nottingham_Forest,Preston_North_End,1,1,0.7474,0.7519,1,0
League One,2019/2020,2019-08-31,6,Gillingham,Bolton_Wanderers,5,0,3.86986,0.2045,1,0
League One,2019/2020,2019-08-31,6,Ipswich_Town,Shrewsbury_Town,3,0,1.2512,1.39521,1,0
Championship,2019/2020,2019-08-31,6,Wigan_Athletic,Barnsley,0,0,1.17146,1.1551,1,0
Championship,2019/2020,2019-08-31,6,West_Bromwich_Albion,Blackburn_Rovers,3,2,2.5154,0.947273,1,0
Championship,2019/2020,2019-08-31,6,Sheffield_Wednesday,Queens_Park_Rangers,1,2,1.4932,1.9857,1,0
League One,2019/2020,2019-08-31,6,Burton_Albion,Bristol_Rovers,2,0,0.8836,1.07816,1,0
Premier League,2019/2020,2019-09-01,4,Everton,Wolverhampton_Wanderers,3,2,1.3379,2.0079,1,0
Premier League,2019/2020,2019-09-01,4,Arsenal,Tottenham_Hotspur,2,2,2.3961,1.96424,1,0
League One,2019/2020,2019-09-07,7,Fleetwood_Town,Oxford_United,2,1,1.25221,0.8921,1,0
League One,2019/2020,2019-09-07,7,Wycombe_Wanderers,Lincoln_City,3,1,1.4769,2.32218,1,0
League One,2019/2020,2019-09-07,7,Tranmere_Rovers,Gillingham,2,2,2.6796,2.50787,1,0
League One,2019/2020,2019-09-07,7,Coventry_City,Blackpool,3,2,1.79756,0.7811,1,0
League One,2019/2020,2019-09-07,7,Milton_Keynes_Dons,AFC_Wimbledon,2,1,0.8623,1.6196,1,0
League One,2019/2020,2019-09-07,7,Doncaster_Rovers,Rotherham_United,2,1,1.4971,0.3751,1,0
League One,2019/2020,2019-09-07,7,Bristol_Rovers,Accrington_Stanley,3,3,1.0315,1.9792,1,0
Championship,2019/2020,2019-09-13,7,Derby_County,Cardiff_City,1,1,1.70118,1.7988,1,0
League One,2019/2020,2019-09-14,8,Gillingham,Wycombe_Wanderers,2,0,1.2054,0.7319,1,0
League One,2019/2020,2019-09-14,8,AFC_Wimbledon,Shrewsbury_Town,1,1,3.0498,1.4043,1,0
League One,2019/2020,2019-09-14,8,Accrington_Stanley,Sunderland,1,3,1.6574,1.92828,1,0
League One,2019/2020,2019-09-14,8,Blackpool,Milton_Keynes_Dons,0,3,1.7266,1.0943,1,0
League One,2019/2020,2019-09-14,8,Burton_Albion,Coventry_City,0,0,1.3045,0.8565,1,0
League One,2019/2020,2019-09-14,8,Ipswich_Town,Doncaster_Rovers,0,0,1.3563,1.0266,1,0
Championship,2019/2020,2019-09-14,7,Swansea_City,Nottingham_Forest,0,1,0.3655,1.9538,1,0
League One,2019/2020,2019-09-14,8,Oxford_United,Tranmere_Rovers,3,0,1.7782,0.5511,1,0
Championship,2019/2020,2019-09-14,7,Stoke_City,Bristol_City,1,2,1.045,1.6558,1,0
Championship,2019/2020,2019-09-14,7,Queens_Park_Rangers,Luton_Town,3,2,1.8633,1.9275,1,0
Championship,2019/2020,2019-09-14,7,Preston_North_End,Brentford,2,0,1.1584,0.3504,1,0
Championship,2019/2020,2019-09-14,7,Middlesbrough,Reading,1,0,1.0396,1.6194,1,0
Championship,2019/2020,2019-09-14,7,Hull_City,Wigan_Athletic,2,2,2.21001,1.27511,1,0
Championship,2019/2020,2019-09-14,7,Charlton_Athletic,Birmingham_City,0,1,0.6346,0.7686,1,0
Championship,2019/2020,2019-09-14,7,Blackburn_Rovers,Millwall,2,0,2.2259,0.726,1,0
Championship,2019/2020,2019-09-14,7,Fulham,West_Bromwich_Albion,1,1,1.4549,1.8038,1,0
Premier League,2019/2020,2019-09-14,5,Liverpool,Newcastle_United,3,1,3.0425,0.3408,1,0
League One,2019/2020,2019-09-14,8,Lincoln_City,Bristol_Rovers,0,1,0.5469,1.5229,1,0
Premier League,2019/2020,2019-09-14,5,Brighton_&_Hove_Albion,Burnley,1,1,1.4041,0.3841,1,0
Premier League,2019/2020,2019-09-14,5,Tottenham_Hotspur,Crystal_Palace,4,0,1.0297,0.6088,1,0
Premier League,2019/2020,2019-09-14,5,Wolverhampton_Wanderers,Chelsea,2,5,1.78435,2.6586,1,0
Premier League,2019/2020,2019-09-14,5,Norwich_City,Manchester_City,3,2,1.4925,2.3643,1,0
League One,2019/2020,2019-09-14,8,Southend_United,Fleetwood_Town,3,3,1.0847,2.48875,1,0
League One,2019/2020,2019-09-14,8,Rotherham_United,Bolton_Wanderers,6,1,2.9584,0.5025,1,0
League One,2019/2020,2019-09-14,8,Peterborough_United,Rochdale,6,0,2.9178,0.3275,1,0
Premier League,2019/2020,2019-09-14,5,Manchester_United,Leicester_City,1,0,1.17669,0.5996,1,0
Premier League,2019/2020,2019-09-14,5,Sheffield_United,Southampton,0,1,1.79932,1.591,1,0
Championship,2019/2020,2019-09-15,7,Barnsley,Leeds_United,0,2,1.1452,3.1847,1,0
Premier League,2019/2020,2019-09-15,5,AFC_Bournemouth,Everton,3,1,1.429,1.50504,1,0
Premier League,2019/2020,2019-09-15,5,Watford,Arsenal,2,2,2.74607,0.818,1,0
Championship,2019/2020,2019-09-15,7,Huddersfield_Town,Sheffield_Wednesday,0,2,0.5181,1.2794,1,0
Premier League,2019/2020,2019-09-16,5,Aston_Villa,West_Ham_United,0,0,1.3305,0.5806,1,0
League One,2019/2020,2019-09-17,9,Portsmouth,Burton_Albion,2,2,3.37007,0.1646,1,0
League One,2019/2020,2019-09-17,9,Rochdale,Lincoln_City,1,1,0.836865,1.5258,1,0
League One,2019/2020,2019-09-17,9,Shrewsbury_Town,Southend_United,4,3,2.00754,0.7104,1,0
League One,2019/2020,2019-09-17,9,Sunderland,Rotherham_United,1,1,1.8086,0.586,1,0
League One,2019/2020,2019-09-17,9,Doncaster_Rovers,Blackpool,0,1,1.0433,1.1802,1,0
League One,2019/2020,2019-09-17,9,Bristol_Rovers,Gillingham,1,1,0.6925,1.30256,1,0
League One,2019/2020,2019-09-17,9,Coventry_City,AFC_Wimbledon,2,1,1.2824,1.3022,1,0
League One,2019/2020,2019-09-17,9,Milton_Keynes_Dons,Ipswich_Town,0,1,0.962841,1.2916,1,0
League One,2019/2020,2019-09-17,9,Tranmere_Rovers,Peterborough_United,2,2,1.3806,1.3586,1,0
League One,2019/2020,2019-09-17,9,Wycombe_Wanderers,Accrington_Stanley,1,1,1.8149,1.1376,1,0
League One,2019/2020,2019-09-17,9,Bolton_Wanderers,Oxford_United,0,0,1.1542,0.9596,1,0
Premier League,2019/2020,2019-09-20,6,Southampton,AFC_Bournemouth,1,3,2.5082,1.1941,1,0
Championship,2019/2020,2019-09-21,8,Cardiff_City,Middlesbrough,1,0,0.8784,0.7673,1,0
Championship,2019/2020,2019-09-21,8,Luton_Town,Hull_City,0,3,0.8385,2.3741,1,0
Championship,2019/2020,2019-09-21,8,Nottingham_Forest,Barnsley,1,0,0.9162,0.8953,1,0
Championship,2019/2020,2019-09-21,8,Bristol_City,Swansea_City,0,0,1.2142,1.2148,1,0
Championship,2019/2020,2019-09-21,8,Brentford,Stoke_City,0,0,0.7363,0.4192,1,0
Championship,2019/2020,2019-09-21,8,Millwall,Queens_Park_Rangers,1,2,1.9127,1.1578,1,0
Championship,2019/2020,2019-09-21,8,Leeds_United,Derby_County,1,1,2.4079,0.3138,1,0
Championship,2019/2020,2019-09-21,8,Reading,Blackburn_Rovers,1,2,1.0636,1.0654,1,0
League One,2019/2020,2019-09-21,10,Tranmere_Rovers,Burton_Albion,2,1,1.8462,1.88121,1,0
League One,2019/2020,2019-09-21,10,Rotherham_United,Shrewsbury_Town,0,0,0.9297,0.5349,1,0
League One,2019/2020,2019-09-21,10,Milton_Keynes_Dons,Southend_United,0,1,1.2606,1.1418,1,0
League One,2019/2020,2019-09-21,10,Lincoln_City,Oxford_United,0,6,0.5122,1.1738,1,0
Championship,2019/2020,2019-09-21,8,Birmingham_City,Preston_North_End,0,1,0.3384,0.583055,1,0
League One,2019/2020,2019-09-21,10,Wycombe_Wanderers,Portsmouth,1,0,1.0601,0.8171,1,0
Premier League,2019/2020,2019-09-21,6,Everton,Sheffield_United,0,2,1.0329,0.4642,1,0
Premier League,2019/2020,2019-09-21,6,Leicester_City,Tottenham_Hotspur,2,1,1.2893,1.1254,1,0
Championship,2019/2020,2019-09-21,8,Wigan_Athletic,Charlton_Athletic,2,0,1.356,0.818211,1,0
League One,2019/2020,2019-09-21,10,AFC_Wimbledon,Bristol_Rovers,1,3,0.7969,1.3745,1,0
League One,2019/2020,2019-09-21,10,Accrington_Stanley,Blackpool,1,1,1.1967,1.1028,1,0
League One,2019/2020,2019-09-21,10,Bolton_Wanderers,Sunderland,1,1,0.878,2.2107,1,0
Championship,2019/2020,2019-09-21,8,Sheffield_Wednesday,Fulham,1,1,1.53801,0.9721,1,0
League One,2019/2020,2019-09-21,10,Doncaster_Rovers,Peterborough_United,2,0,2.0026,0.65262,1,0
Premier League,2019/2020,2019-09-21,6,Newcastle_United,Brighton_&_Hove_Albion,0,0,0.8833,1.435,1,0
Premier League,2019/2020,2019-09-21,6,Manchester_City,Watford,8,0,5.8716,0.4098,1,0
League One,2019/2020,2019-09-21,10,Gillingham,Ipswich_Town,0,1,1.1992,1.1052,1,0
Premier League,2019/2020,2019-09-21,6,Burnley,Norwich_City,2,0,2.0029,0.849,1,0
League One,2019/2020,2019-09-21,10,Fleetwood_Town,Rochdale,2,1,2.03522,0.7177,1,0
Premier League,2019/2020,2019-09-22,6,Arsenal,Aston_Villa,3,2,2.4568,1.4827,1,0
Premier League,2019/2020,2019-09-22,6,Chelsea,Liverpool,1,2,1.2882,0.5674,1,0
Premier League,2019/2020,2019-09-22,6,Crystal_Palace,Wolverhampton_Wanderers,1,1,0.9301,1.5233,1,0
Championship,2019/2020,2019-09-22,8,West_Bromwich_Albion,Huddersfield_Town,4,2,1.3416,0.7508,1,0
Premier League,2019/2020,2019-09-22,6,West_Ham_United,Manchester_United,2,0,0.4278,0.915,1,0
League One,2019/2020,2019-09-27,11,Blackpool,Lincoln_City,2,1,0.8741,0.96605,1,0
Championship,2019/2020,2019-09-27,9,Fulham,Wigan_Athletic,2,0,1.7615,0.2002,1,0
Championship,2019/2020,2019-09-27,9,Stoke_City,Nottingham_Forest,2,3,1.9358,1.1679,1,0
Championship,2019/2020,2019-09-28,9,Hull_City,Cardiff_City,2,2,0.6632,1.2765,1,0
Premier League,2019/2020,2019-09-28,7,AFC_Bournemouth,West_Ham_United,2,2,1.9819,1.5857,1,0
Premier League,2019/2020,2019-09-28,7,Aston_Villa,Burnley,2,2,0.9792,1.5326,1,0
Premier League,2019/2020,2019-09-28,7,Chelsea,Brighton_&_Hove_Albion,2,0,3.75515,0.594,1,0
Premier League,2019/2020,2019-09-28,7,Crystal_Palace,Norwich_City,2,0,1.575,0.6999,1,0
Premier League,2019/2020,2019-09-28,7,Tottenham_Hotspur,Southampton,2,1,0.960442,1.5373,1,0
Premier League,2019/2020,2019-09-28,7,Wolverhampton_Wanderers,Watford,2,0,1.3507,1.43221,1,0
Premier League,2019/2020,2019-09-28,7,Everton,Manchester_City,1,3,2.41231,2.81435,1,0
Championship,2019/2020,2019-09-28,9,Queens_Park_Rangers,West_Bromwich_Albion,0,2,0.2135,1.8612,1,0
Championship,2019/2020,2019-09-28,9,Blackburn_Rovers,Luton_Town,1,2,0.7552,0.886156,1,0
Championship,2019/2020,2019-09-28,9,Charlton_Athletic,Leeds_United,1,0,0.538748,1.9357,1,0
Championship,2019/2020,2019-09-28,9,Derby_County,Birmingham_City,3,2,1.3847,1.9216,1,0
Premier League,2019/2020,2019-09-28,7,Sheffield_United,Liverpool,0,1,1.2939,1.869,1,0
Championship,2019/2020,2019-09-28,9,Huddersfield_Town,Millwall,1,1,1.4388,1.5916,1,0
Championship,2019/2020,2019-09-28,9,Middlesbrough,Sheffield_Wednesday,1,4,1.4926,2.0921,1,0
League One,2019/2020,2019-09-28,11,Portsmouth,Bolton_Wanderers,1,0,1.2388,1.1421,1,0
League One,2019/2020,2019-09-28,11,Oxford_United,Gillingham,3,0,1.9184,0.2561,1,0
League One,2019/2020,2019-09-28,11,Ipswich_Town,Tranmere_Rovers,4,1,1.96115,1.8972,1,0
League One,2019/2020,2019-09-28,11,Coventry_City,Doncaster_Rovers,1,1,2.0808,0.7427,1,0
League One,2019/2020,2019-09-28,11,Bristol_Rovers,Rotherham_United,1,0,1.29603,0.4409,1,0
Championship,2019/2020,2019-09-28,9,Preston_North_End,Bristol_City,3,3,1.9349,1.6435,1,0
League One,2019/2020,2019-09-28,11,Rochdale,Wycombe_Wanderers,0,3,0.5043,1.11897,1,0
League One,2019/2020,2019-09-28,11,Shrewsbury_Town,Fleetwood_Town,0,3,0.4775,1.783,1,0
League One,2019/2020,2019-09-28,11,Southend_United,Accrington_Stanley,0,1,0.1829,1.1018,1,0
League One,2019/2020,2019-09-28,11,Sunderland,Milton_Keynes_Dons,2,1,1.0351,1.3386,1,0
League One,2019/2020,2019-09-28,11,Peterborough_United,AFC_Wimbledon,3,2,3.6347,0.5231,1,0
Championship,2019/2020,2019-09-28,9,Swansea_City,Reading,1,1,1.9867,0.8241,1,0
Championship,2019/2020,2019-09-29,9,Barnsley,Brentford,1,3,0.7384,3.21414,1,0
Premier League,2019/2020,2019-09-29,7,Leicester_City,Newcastle_United,5,0,1.6381,0.0841,1,0
Premier League,2019/2020,2019-09-30,7,Manchester_United,Arsenal,1,1,0.8516,1.87161,1,0
Championship,2019/2020,2019-10-01,10,Blackburn_Rovers,Nottingham_Forest,1,1,1.32148,0.4871,1,0
Championship,2019/2020,2019-10-01,10,Hull_City,Sheffield_Wednesday,1,0,1.2756,1.1342,1,0
Championship,2019/2020,2019-10-01,10,Leeds_United,West_Bromwich_Albion,1,0,1.67771,1.192,1,0
Championship,2019/2020,2019-10-01,10,Middlesbrough,Preston_North_End,1,1,2.247,1.1772,1,0
Championship,2019/2020,2019-10-01,10,Wigan_Athletic,Birmingham_City,1,0,0.5826,0.68,1,0
Championship,2019/2020,2019-10-01,10,Reading,Fulham,1,4,0.7412,2.1557,1,0
Championship,2019/2020,2019-10-01,10,Stoke_City,Huddersfield_Town,0,1,1.6814,0.8433,1,0
Championship,2019/2020,2019-10-02,10,Luton_Town,Millwall,1,1,1.3504,1.65276,1,0
Championship,2019/2020,2019-10-02,10,Barnsley,Derby_County,2,2,1.8845,2.3284,1,0
Championship,2019/2020,2019-10-02,10,Brentford,Bristol_City,1,1,0.984,0.8108,1,0
Championship,2019/2020,2019-10-02,10,Cardiff_City,Queens_Park_Rangers,3,0,1.7938,0.719502,1,0
Championship,2019/2020,2019-10-02,10,Charlton_Athletic,Swansea_City,1,2,0.4213,1.897,1,0
Championship,2019/2020,2019-10-04,11,Birmingham_City,Middlesbrough,2,1,2.27629,1.0663,1,0
League One,2019/2020,2019-10-05,12,AFC_Wimbledon,Rochdale,3,2,1.1603,2.9993,1,0
Premier League,2019/2020,2019-10-05,8,Watford,Sheffield_United,0,0,1.4232,0.428,1,0
Premier League,2019/2020,2019-10-05,8,West_Ham_United,Crystal_Palace,1,2,1.3598,2.1507,1,0
League One,2019/2020,2019-10-05,12,Gillingham,Southend_United,3,1,3.08425,0.4855,1,0
League One,2019/2020,2019-10-05,12,Lincoln_City,Sunderland,2,0,2.393,1.1363,1,0
League One,2019/2020,2019-10-05,12,Milton_Keynes_Dons,Burton_Albion,0,3,0.5913,1.8173,1,0
League One,2019/2020,2019-10-05,12,Rotherham_United,Coventry_City,4,0,3.51527,1.0347,1,0
League One,2019/2020,2019-10-05,12,Tranmere_Rovers,Shrewsbury_Town,0,1,0.6706,1.9156,1,0
League One,2019/2020,2019-10-05,12,Wycombe_Wanderers,Peterborough_United,3,3,2.34787,1.9759,1,0
Premier League,2019/2020,2019-10-05,8,Brighton_&_Hove_Albion,Tottenham_Hotspur,3,0,2.39664,0.4193,1,0
Premier League,2019/2020,2019-10-05,8,Burnley,Everton,1,0,0.5714,1.2896,1,0
Premier League,2019/2020,2019-10-05,8,Liverpool,Leicester_City,2,1,3.5528,0.098575,1,0
Premier League,2019/2020,2019-10-05,8,Norwich_City,Aston_Villa,1,5,2.7515,3.12785,1,0
League One,2019/2020,2019-10-05,12,Doncaster_Rovers,Portsmouth,1,2,1.9274,0.7196,1,0
League One,2019/2020,2019-10-05,12,Fleetwood_Town,Ipswich_Town,0,1,0.6044,1.67024,1,0
League One,2019/2020,2019-10-05,12,Accrington_Stanley,Oxford_United,2,2,1.37022,0.4773,1,0
Championship,2019/2020,2019-10-05,11,Preston_North_End,Barnsley,5,1,3.15338,0.5629,1,0
Championship,2019/2020,2019-10-05,11,Fulham,Charlton_Athletic,2,2,2.41304,1.1642,1,0
Championship,2019/2020,2019-10-05,11,Bristol_City,Reading,1,0,1.2491,1.0963,1,0
Championship,2019/2020,2019-10-05,11,Derby_County,Luton_Town,2,0,0.5327,1.1654,1,0
Championship,2019/2020,2019-10-05,11,Huddersfield_Town,Hull_City,3,0,0.8762,0.7575,1,0
Championship,2019/2020,2019-10-05,11,Nottingham_Forest,Brentford,1,0,0.6816,0.5321,1,0
Championship,2019/2020,2019-10-05,11,Queens_Park_Rangers,Blackburn_Rovers,4,2,1.5613,1.3468,1,0
Championship,2019/2020,2019-10-05,11,Sheffield_Wednesday,Wigan_Athletic,1,0,0.4326,1.19064,1,0
Championship,2019/2020,2019-10-05,11,Swansea_City,Stoke_City,1,2,2.16648,2.80078,1,0
Championship,2019/2020,2019-10-05,11,West_Bromwich_Albion,Cardiff_City,4,2,1.7714,1.41073,1,0
Championship,2019/2020,2019-10-05,11,Millwall,Leeds_United,2,1,1.7383,0.8551,1,0
Premier League,2019/2020,2019-10-06,8,Arsenal,AFC_Bournemouth,1,0,1.2063,0.5857,1,0
Premier League,2019/2020,2019-10-06,8,Manchester_City,Wolverhampton_Wanderers,0,2,1.4799,0.9899,1,0
Premier League,2019/2020,2019-10-06,8,Southampton,Chelsea,1,4,1.3976,1.6727,1,0
Premier League,2019/2020,2019-10-06,8,Newcastle_United,Manchester_United,1,0,0.7588,0.8847,1,0
League One,2019/2020,2019-10-07,12,Bolton_Wanderers,Blackpool,0,0,1.0582,0.5459,1,0
League One,2019/2020,2019-10-12,13,Rochdale,Accrington_Stanley,2,1,1.26275,2.0658,1,0
League One,2019/2020,2019-10-12,13,Portsmouth,Gillingham,0,0,0.9041,0.2414,1,0
League One,2019/2020,2019-10-12,13,Southend_United,AFC_Wimbledon,1,4,1.0304,2.67422,1,0
League One,2019/2020,2019-10-12,13,Oxford_United,Doncaster_Rovers,3,0,1.831,0.4056,1,0
League One,2019/2020,2019-10-12,13,Bristol_Rovers,Milton_Keynes_Dons,1,0,1.4574,0.1856,1,0
League One,2019/2020,2019-10-12,13,Blackpool,Rotherham_United,1,2,2.4036,0.7603,1,0
League One,2019/2020,2019-10-12,13,Peterborough_United,Lincoln_City,2,0,0.6057,0.6606,1,0
League One,2019/2020,2019-10-13,13,Coventry_City,Tranmere_Rovers,0,1,1.6077,0.3594,1,0
League One,2019/2020,2019-10-18,14,Lincoln_City,Shrewsbury_Town,0,0,0.4035,0.4916,1,0
League One,2019/2020,2019-10-18,14,Tranmere_Rovers,Southend_United,1,1,1.2383,1.8162,1,0
Championship,2019/2020,2019-10-18,12,Cardiff_City,Sheffield_Wednesday,1,1,0.7515,1.0318,1,0
Premier League,2019/2020,2019-10-19,9,Crystal_Palace,Manchester_City,0,2,0.879212,3.52922,1,0
Premier League,2019/2020,2019-10-19,9,Wolverhampton_Wanderers,Southampton,1,1,0.9306,1.4072,1,0
League One,2019/2020,2019-10-19,14,AFC_Wimbledon,Portsmouth,1,0,1.1545,1.43106,1,0
League One,2019/2020,2019-10-19,14,Rotherham_United,Oxford_United,1,2,1.0446,1.8369,1,0
League One,2019/2020,2019-10-19,14,Doncaster_Rovers,Bristol_Rovers,2,0,1.99962,1.0897,1,0
League One,2019/2020,2019-10-19,14,Fleetwood_Town,Burton_Albion,4,1,2.8155,1.96011,1,0
League One,2019/2020,2019-10-19,14,Gillingham,Peterborough_United,1,2,1.5044,1.9878,1,0
League One,2019/2020,2019-10-19,14,Milton_Keynes_Dons,Coventry_City,0,0,0.4349,2.0279,1,0
Premier League,2019/2020,2019-10-19,9,Tottenham_Hotspur,Watford,1,1,1.0231,0.6715,1,0
League One,2019/2020,2019-10-19,14,Wycombe_Wanderers,Sunderland,1,0,0.661,0.4451,1,0
League One,2019/2020,2019-10-19,14,Bolton_Wanderers,Rochdale,1,3,1.4808,0.972526,1,0
Premier League,2019/2020,2019-10-19,9,Leicester_City,Burnley,2,1,0.9892,1.5504,1,0
Championship,2019/2020,2019-10-19,12,Blackburn_Rovers,Huddersfield_Town,2,2,1.4424,1.2518,1,0
Premier League,2019/2020,2019-10-19,9,Aston_Villa,Brighton_&_Hove_Albion,2,1,2.96419,1.23137,1,0
Premier League,2019/2020,2019-10-19,9,AFC_Bournemouth,Norwich_City,0,0,0.7214,0.3989,1,0
Premier League,2019/2020,2019-10-19,9,Everton,West_Ham_United,2,0,2.08414,0.7834,1,0
Championship,2019/2020,2019-10-19,12,Reading,Preston_North_End,1,0,1.1435,0.5236,1,0
Championship,2019/2020,2019-10-19,12,Middlesbrough,West_Bromwich_Albion,0,1,1.64375,2.7162,1,0
Championship,2019/2020,2019-10-19,12,Luton_Town,Bristol_City,3,0,1.24233,1.05465,1,0
Championship,2019/2020,2019-10-19,12,Leeds_United,Birmingham_City,1,0,2.0341,0.9818,1,0
Championship,2019/2020,2019-10-19,12,Hull_City,Queens_Park_Rangers,2,3,1.0653,2.89278,1,0
Championship,2019/2020,2019-10-19,12,Charlton_Athletic,Derby_County,3,0,0.9705,0.2812,1,0
Championship,2019/2020,2019-10-19,12,Brentford,Millwall,3,2,2.4836,1.6301,1,0
Championship,2019/2020,2019-10-19,12,Barnsley,Swansea_City,1,1,1.56865,2.21556,1,0
Premier League,2019/2020,2019-10-19,9,Chelsea,Newcastle_United,1,0,2.0314,0.4004,1,0
Championship,2019/2020,2019-10-19,12,Stoke_City,Fulham,2,0,1.7357,0.7591,1,0
Championship,2019/2020,2019-10-20,12,Wigan_Athletic,Nottingham_Forest,1,0,1.3471,1.5359,1,0
League One,2019/2020,2019-10-20,14,Accrington_Stanley,Ipswich_Town,2,0,1.8677,1.49194,1,0
Premier League,2019/2020,2019-10-20,9,Manchester_United,Liverpool,1,1,0.7297,1.1822,1,0
Premier League,2019/2020,2019-10-21,9,Sheffield_United,Arsenal,1,0,0.9409,1.0211,1,0
League One,2019/2020,2019-10-22,15,Blackpool,Wycombe_Wanderers,1,1,0.9787,0.8288,1,0
Championship,2019/2020,2019-10-22,13,Birmingham_City,Blackburn_Rovers,1,0,1.1849,0.6852,1,0
Championship,2019/2020,2019-10-22,13,Millwall,Cardiff_City,2,2,0.6724,1.5346,1,0
Championship,2019/2020,2019-10-22,13,Queens_Park_Rangers,Reading,2,2,0.925673,2.1348,1,0
Championship,2019/2020,2019-10-22,13,Swansea_City,Brentford,0,3,1.1189,0.7786,1,0
Championship,2019/2020,2019-10-22,13,Preston_North_End,Leeds_United,1,1,1.2157,1.8281,1,0
Championship,2019/2020,2019-10-22,13,West_Bromwich_Albion,Barnsley,2,2,0.5806,0.428031,1,0
Championship,2019/2020,2019-10-22,13,Sheffield_Wednesday,Stoke_City,1,0,1.3102,0.9123,1,0
League One,2019/2020,2019-10-22,15,Sunderland,Tranmere_Rovers,5,0,2.8981,0.397175,1,0
League One,2019/2020,2019-10-22,15,Southend_United,Doncaster_Rovers,1,7,0.3237,3.22467,1,0
League One,2019/2020,2019-10-22,15,Shrewsbury_Town,Gillingham,1,1,1.3027,1.8454,1,0
League One,2019/2020,2019-10-22,15,Rochdale,Milton_Keynes_Dons,2,0,1.41948,0.6731,1,0
League One,2019/2020,2019-10-22,15,Portsmouth,Lincoln_City,1,0,2.07197,0.9186,1,0
League One,2019/2020,2019-10-22,15,Burton_Albion,AFC_Wimbledon,1,0,2.5183,0.5675,1,0
League One,2019/2020,2019-10-22,15,Bristol_Rovers,Bolton_Wanderers,0,2,0.5773,1.58836,1,0
League One,2019/2020,2019-10-23,15,Peterborough_United,Accrington_Stanley,4,0,2.0794,0.7748,1,0
Championship,2019/2020,2019-10-23,13,Derby_County,Wigan_Athletic,1,0,1.3407,1.4657,1,0
Championship,2019/2020,2019-10-23,13,Nottingham_Forest,Hull_City,1,2,1.3243,2.4418,1,0
Championship,2019/2020,2019-10-23,13,Huddersfield_Town,Middlesbrough,0,0,0.6098,2.5576,1,0
Championship,2019/2020,2019-10-23,13,Fulham,Luton_Town,3,2,3.1464,1.4794,1,0
Championship,2019/2020,2019-10-23,13,Bristol_City,Charlton_Athletic,2,1,3.64159,1.0629,1,0
League One,2019/2020,2019-10-23,15,Coventry_City,Fleetwood_Town,2,1,1.904,2.9823,1,0
League One,2019/2020,2019-10-23,15,Ipswich_Town,Rotherham_United,0,2,0.17639,0.8405,1,0
Premier League,2019/2020,2019-10-25,10,Southampton,Leicester_City,0,9,0.3409,4.67532,1,0
Championship,2019/2020,2019-10-26,14,Middlesbrough,Fulham,0,0,1.2701,0.4533,1,0
Championship,2019/2020,2019-10-26,14,Sheffield_Wednesday,Leeds_United,0,0,0.4453,0.779,1,0
Championship,2019/2020,2019-10-26,14,Birmingham_City,Luton_Town,2,1,3.8713,0.854,1,0
Championship,2019/2020,2019-10-26,14,Huddersfield_Town,Barnsley,2,1,1.67063,1.2371,1,0
Championship,2019/2020,2019-10-26,14,Hull_City,Derby_County,2,0,1.725,1.6669,1,0
Championship,2019/2020,2019-10-26,14,Millwall,Stoke_City,2,0,1.157,0.1743,1,0
League One,2019/2020,2019-10-26,16,Oxford_United,Rochdale,3,0,3.37607,0.1641,1,0
Championship,2019/2020,2019-10-26,14,West_Bromwich_Albion,Charlton_Athletic,2,2,2.4853,2.46389,1,0
League One,2019/2020,2019-10-26,16,Accrington_Stanley,Gillingham,0,1,2.29353,0.5134,1,0
Premier League,2019/2020,2019-10-26,10,Burnley,Chelsea,2,4,2.0595,0.8624,1,0
Premier League,2019/2020,2019-10-26,10,West_Ham_United,Sheffield_United,1,1,2.5924,0.981224,1,0
Premier League,2019/2020,2019-10-26,10,Watford,AFC_Bournemouth,0,0,0.8153,0.9577,1,0
Premier League,2019/2020,2019-10-26,10,Brighton_&_Hove_Albion,Everton,3,2,1.1819,0.8826,1,0
Championship,2019/2020,2019-10-26,14,Preston_North_End,Blackburn_Rovers,3,2,1.9365,0.8344,1,0
Premier League,2019/2020,2019-10-26,10,Manchester_City,Aston_Villa,3,0,2.89321,1.05067,1,0
League One,2019/2020,2019-10-26,16,Burton_Albion,Blackpool,0,0,1.7971,0.8797,1,0
League One,2019/2020,2019-10-26,16,Fleetwood_Town,Milton_Keynes_Dons,1,0,0.9756,0.2664,1,0
League One,2019/2020,2019-10-26,16,Peterborough_United,Coventry_City,2,2,2.2768,1.3489,1,0
League One,2019/2020,2019-10-26,16,Rotherham_United,Wycombe_Wanderers,0,1,0.9709,0.3289,1,0
League One,2019/2020,2019-10-26,16,Shrewsbury_Town,Sunderland,1,0,0.2636,1.178,1,0
League One,2019/2020,2019-10-26,16,Southend_United,Ipswich_Town,1,3,1.2188,2.38753,1,0
League One,2019/2020,2019-10-26,16,Bristol_Rovers,Portsmouth,2,2,1.1002,3.1894,1,0
Championship,2019/2020,2019-10-27,14,Swansea_City,Cardiff_City,1,0,1.0997,0.8345,1,0
Championship,2019/2020,2019-10-27,14,Bristol_City,Wigan_Athletic,2,2,1.5405,1.7792,1,0
Premier League,2019/2020,2019-10-27,10,Norwich_City,Manchester_United,1,3,0.9609,4.3908,1,0
Premier League,2019/2020,2019-10-27,10,Liverpool,Tottenham_Hotspur,2,1,2.67934,1.2138,1,0
Premier League,2019/2020,2019-10-27,10,Arsenal,Crystal_Palace,2,2,1.3425,1.5933,1,0
Premier League,2019/2020,2019-10-27,10,Newcastle_United,Wolverhampton_Wanderers,1,1,1.0178,2.0604,1,0
Championship,2019/2020,2019-10-28,14,Queens_Park_Rangers,Brentford,1,3,0.5928,2.67535,1,0
Championship,2019/2020,2019-11-01,15,Barnsley,Bristol_City,2,2,1.8675,0.9588,1,0
Championship,2019/2020,2019-11-02,15,Luton_Town,Nottingham_Forest,1,2,0.5711,1.221,1,0
Championship,2019/2020,2019-11-02,15,Leeds_United,Queens_Park_Rangers,2,0,1.8588,0.6253,1,0
Championship,2019/2020,2019-11-02,15,Fulham,Hull_City,0,3,0.3549,1.41031,1,0
Championship,2019/2020,2019-11-02,15,Derby_County,Middlesbrough,2,0,1.85583,0.7445,1,0
Championship,2019/2020,2019-11-02,15,Cardiff_City,Birmingham_City,4,2,3.24554,2.68945,1,0
Championship,2019/2020,2019-11-02,15,Brentford,Huddersfield_Town,0,1,0.4224,0.2307,1,0
Championship,2019/2020,2019-11-02,15,Blackburn_Rovers,Sheffield_Wednesday,2,1,1.3861,1.72587,1,0
Championship,2019/2020,2019-11-02,15,Wigan_Athletic,Swansea_City,1,2,1.5154,0.3942,1,0
League One,2019/2020,2019-11-02,17,Sunderland,Southend_United,1,0,1.7343,0.9741,1,0
League One,2019/2020,2019-11-02,17,AFC_Wimbledon,Lincoln_City,1,1,0.6288,0.9942,1,0
League One,2019/2020,2019-11-02,17,Blackpool,Peterborough_United,4,3,1.3363,1.8522,1,0
League One,2019/2020,2019-11-02,17,Bolton_Wanderers,Fleetwood_Town,2,1,1.0524,1.8871,1,0
League One,2019/2020,2019-11-02,17,Coventry_City,Accrington_Stanley,0,0,0.664,1.2279,1,0
League One,2019/2020,2019-11-02,17,Doncaster_Rovers,Burton_Albion,2,2,1.7894,2.81142,1,0
League One,2019/2020,2019-11-02,17,Gillingham,Rotherham_United,0,3,0.699,2.3904,1,0
League One,2019/2020,2019-11-02,17,Milton_Keynes_Dons,Tranmere_Rovers,1,3,0.4059,2.3631,1,0
Championship,2019/2020,2019-11-02,15,Reading,Millwall,2,1,0.570845,1.4194,1,0
League One,2019/2020,2019-11-02,17,Rochdale,Bristol_Rovers,1,2,0.8177,0.736,1,0
League One,2019/2020,2019-11-02,17,Wycombe_Wanderers,Shrewsbury_Town,1,0,0.7899,1.3343,1,0
League One,2019/2020,2019-11-02,17,Portsmouth,Oxford_United,1,1,3.0055,0.5465,1,0
Premier League,2019/2020,2019-11-02,11,Arsenal,Wolverhampton_Wanderers,1,1,0.870988,1.7704,1,0
Premier League,2019/2020,2019-11-02,11,West_Ham_United,Newcastle_United,2,3,1.81722,1.47462,1,0
Premier League,2019/2020,2019-11-02,11,Manchester_City,Southampton,2,1,2.9096,0.893876,1,0
Premier League,2019/2020,2019-11-02,11,Brighton_&_Hove_Albion,Norwich_City,2,0,2.6466,0.41,1,0
Premier League,2019/2020,2019-11-02,11,AFC_Bournemouth,Manchester_United,1,0,1.94406,0.7642,1,0
Premier League,2019/2020,2019-11-02,11,Aston_Villa,Liverpool,1,2,0.3825,2.472,1,0
Premier League,2019/2020,2019-11-02,11,Sheffield_United,Burnley,3,0,2.5301,0.7582,1,0
Premier League,2019/2020,2019-11-02,11,Watford,Chelsea,1,2,1.3119,2.1085,1,0
Championship,2019/2020,2019-11-03,15,Charlton_Athletic,Preston_North_End,0,1,1.8178,3.0134,1,0
Premier League,2019/2020,2019-11-03,11,Everton,Tottenham_Hotspur,1,1,1.1038,0.5812,1,0
Premier League,2019/2020,2019-11-03,11,Crystal_Palace,Leicester_City,0,2,0.5111,1.165,1,0
Championship,2019/2020,2019-11-04,15,Stoke_City,West_Bromwich_Albion,0,2,0.6403,2.2576,1,0
League One,2019/2020,2019-11-05,7,Shrewsbury_Town,Peterborough_United,1,0,0.4571,1.1225,1,0
League One,2019/2020,2019-11-05,7,Rochdale,Ipswich_Town,0,1,0.5592,2.37889,1,0
League One,2019/2020,2019-11-05,7,Portsmouth,Southend_United,4,1,3.0251,0.9678,1,0
Premier League,2019/2020,2019-11-08,12,Norwich_City,Watford,0,2,0.7167,1.2591,1,0
Premier League,2019/2020,2019-11-09,12,Newcastle_United,AFC_Bournemouth,2,1,2.4449,1.8269,1,0
Premier League,2019/2020,2019-11-09,12,Southampton,Everton,1,2,0.8645,1.8785,1,0
Premier League,2019/2020,2019-11-09,12,Tottenham_Hotspur,Sheffield_United,1,1,1.7967,0.869088,1,0
Premier League,2019/2020,2019-11-09,12,Leicester_City,Arsenal,2,0,1.2496,1.0804,1,0
Premier League,2019/2020,2019-11-09,12,Burnley,West_Ham_United,3,0,2.163,0.4695,1,0
Championship,2019/2020,2019-11-09,16,Queens_Park_Rangers,Middlesbrough,2,2,1.6016,1.3392,1,0
Premier League,2019/2020,2019-11-09,12,Chelsea,Crystal_Palace,2,0,3.7069,0.2259,1,0
Championship,2019/2020,2019-11-09,16,Barnsley,Stoke_City,2,4,0.865,1.7928,1,0
Championship,2019/2020,2019-11-09,16,Wigan_Athletic,Brentford,0,3,0.1973,0.647281,1,0
Championship,2019/2020,2019-11-09,16,Sheffield_Wednesday,Swansea_City,2,2,2.78893,2.7296,1,0
Championship,2019/2020,2019-11-09,16,Nottingham_Forest,Derby_County,1,0,0.824,1.0174,1,0
Championship,2019/2020,2019-11-09,16,Preston_North_End,Huddersfield_Town,3,1,2.49771,0.4149,1,0
Championship,2019/2020,2019-11-09,16,Millwall,Charlton_Athletic,2,1,0.8377,0.3236,1,0
Championship,2019/2020,2019-11-09,16,Leeds_United,Blackburn_Rovers,2,1,2.2707,0.2189,1,0
Championship,2019/2020,2019-11-09,16,Reading,Luton_Town,3,0,1.0876,0.3858,1,0
Championship,2019/2020,2019-11-09,16,Birmingham_City,Fulham,0,1,1.3742,1.7075,1,0
Championship,2019/2020,2019-11-09,16,Hull_City,West_Bromwich_Albion,0,1,1.5081,0.6675,1,0
Premier League,2019/2020,2019-11-10,12,Liverpool,Manchester_City,3,1,1.083,1.3466,1,0
Championship,2019/2020,2019-11-10,16,Cardiff_City,Bristol_City,0,1,0.8175,0.4793,1,0
Premier League,2019/2020,2019-11-10,12,Manchester_United,Brighton_&_Hove_Albion,3,1,3.5981,0.8489,1,0
Premier League,2019/2020,2019-11-10,12,Wolverhampton_Wanderers,Aston_Villa,2,1,2.3981,0.6269,1,0
League One,2019/2020,2019-11-16,18,Gillingham,Lincoln_City,1,0,1.2546,0.2434,1,0
League One,2019/2020,2019-11-16,18,Coventry_City,Rochdale,2,1,1.55713,1.0791,1,0
League One,2019/2020,2019-11-16,18,Bolton_Wanderers,Milton_Keynes_Dons,1,0,2.3956,1.527,1,0
League One,2019/2020,2019-11-16,18,Blackpool,AFC_Wimbledon,2,0,2.01555,0.3197,1,0
League One,2019/2020,2019-11-16,18,Rotherham_United,Accrington_Stanley,1,0,0.5863,0.7838,1,0
League One,2019/2020,2019-11-17,18,Tranmere_Rovers,Wycombe_Wanderers,0,2,0.8019,2.0749,1,0
Championship,2019/2020,2019-11-22,17,Fulham,Queens_Park_Rangers,2,1,1.6159,1.78773,1,0
Premier League,2019/2020,2019-11-23,13,West_Ham_United,Tottenham_Hotspur,2,3,0.6849,2.1354,1,0
League One,2019/2020,2019-11-23,19,Wycombe_Wanderers,Doncaster_Rovers,1,0,1.5508,1.1542,1,0
League One,2019/2020,2019-11-23,19,Sunderland,Coventry_City,1,1,0.702,1.3059,1,0
League One,2019/2020,2019-11-23,19,Southend_United,Oxford_United,0,4,0.5515,2.5098,1,0
League One,2019/2020,2019-11-23,19,Milton_Keynes_Dons,Rotherham_United,2,3,1.213,3.72241,1,0
League One,2019/2020,2019-11-23,19,Peterborough_United,Burton_Albion,1,0,0.5782,0.5537,1,0
League One,2019/2020,2019-11-23,19,Shrewsbury_Town,Bristol_Rovers,3,4,0.8691,1.1327,1,0
League One,2019/2020,2019-11-23,19,Rochdale,Portsmouth,0,3,0.5999,1.6745,1,0
Championship,2019/2020,2019-11-23,17,Charlton_Athletic,Cardiff_City,2,2,1.5643,2.2831,1,0
Premier League,2019/2020,2019-11-23,13,Arsenal,Southampton,2,2,1.8038,2.38138,1,0
Championship,2019/2020,2019-11-23,17,Brentford,Reading,1,0,1.3772,0.7718,1,0
Championship,2019/2020,2019-11-23,17,Bristol_City,Nottingham_Forest,0,0,1.2265,0.7824,1,0
Championship,2019/2020,2019-11-23,17,Derby_County,Preston_North_End,1,0,1.9824,1.4457,1,0
Championship,2019/2020,2019-11-23,17,Huddersfield_Town,Birmingham_City,1,1,1.66761,1.7133,1,0
Championship,2019/2020,2019-11-23,17,Luton_Town,Leeds_United,1,2,1.398,2.15744,1,0
Championship,2019/2020,2019-11-23,17,Stoke_City,Wigan_Athletic,2,1,2.5344,0.9174,1,0
Championship,2019/2020,2019-11-23,17,Swansea_City,Millwall,0,1,1.1257,0.798539,1,0
Championship,2019/2020,2019-11-23,17,West_Bromwich_Albion,Sheffield_Wednesday,2,1,1.9551,1.8989,1,0
Premier League,2019/2020,2019-11-23,13,AFC_Bournemouth,Wolverhampton_Wanderers,1,2,0.636105,1.1388,1,0
League One,2019/2020,2019-11-23,19,AFC_Wimbledon,Gillingham,1,0,0.4045,2.7625,1,0
Premier League,2019/2020,2019-11-23,13,Everton,Norwich_City,0,2,0.9601,1.7132,1,0
Premier League,2019/2020,2019-11-23,13,Brighton_&_Hove_Albion,Leicester_City,0,2,0.5724,3.5809,1,0
Premier League,2019/2020,2019-11-23,13,Crystal_Palace,Liverpool,1,2,1.0195,1.6032,1,0
Championship,2019/2020,2019-11-23,17,Blackburn_Rovers,Barnsley,3,2,1.30456,1.5178,1,0
Premier League,2019/2020,2019-11-23,13,Watford,Burnley,0,3,1.0008,2.18261,1,0
Premier League,2019/2020,2019-11-23,13,Manchester_City,Chelsea,2,1,0.9841,0.8768,1,0
League One,2019/2020,2019-11-23,19,Fleetwood_Town,Tranmere_Rovers,2,1,0.744,0.9966,1,0
League One,2019/2020,2019-11-23,19,Ipswich_Town,Blackpool,2,2,2.6446,2.2464,1,0
League One,2019/2020,2019-11-23,19,Accrington_Stanley,Bolton_Wanderers,7,1,6.1066,0.943,1,0
Premier League,2019/2020,2019-11-24,13,Sheffield_United,Manchester_United,3,3,1.325,1.3233,1,0
Championship,2019/2020,2019-11-24,17,Middlesbrough,Hull_City,2,2,1.5161,1.0675,1,0
Premier League,2019/2020,2019-11-25,13,Aston_Villa,Newcastle_United,2,0,2.3084,0.6241,1,0
League One,2019/2020,2019-11-26,13,Ipswich_Town,Wycombe_Wanderers,0,0,1.2686,1.6224,1,0
Championship,2019/2020,2019-11-26,18,Cardiff_City,Stoke_City,1,0,0.805246,0.7842,1,0
Championship,2019/2020,2019-11-26,18,Reading,Leeds_United,0,1,0.3626,1.7528,1,0
League One,2019/2020,2019-11-26,7,Sunderland,Burton_Albion,1,2,1.2365,2.27036,1,0
League One,2019/2020,2019-11-26,5,Portsmouth,Rotherham_United,3,2,1.9109,2.1371,1,0
Championship,2019/2020,2019-11-26,18,Huddersfield_Town,Swansea_City,1,1,1.6968,0.7598,1,0
Championship,2019/2020,2019-11-26,18,Luton_Town,Charlton_Athletic,2,1,1.6885,0.5426,1,0
Championship,2019/2020,2019-11-26,18,Millwall,Wigan_Athletic,2,2,0.4892,1.1831,1,0
Championship,2019/2020,2019-11-26,18,Fulham,Derby_County,3,0,2.2842,0.7384,1,0
Championship,2019/2020,2019-11-27,18,Blackburn_Rovers,Brentford,1,0,1.6115,1.5048,1,0
Championship,2019/2020,2019-11-27,18,Hull_City,Preston_North_End,4,0,3.44235,0.659576,1,0
Championship,2019/2020,2019-11-27,18,Middlesbrough,Barnsley,1,0,2.2187,0.6681,1,0
Championship,2019/2020,2019-11-27,18,Queens_Park_Rangers,Nottingham_Forest,0,4,0.5873,2.89488,1,0
Championship,2019/2020,2019-11-27,18,Sheffield_Wednesday,Birmingham_City,1,1,1.71222,0.926,1,0
Championship,2019/2020,2019-11-27,18,West_Bromwich_Albion,Bristol_City,4,1,3.0063,0.7978,1,0
Championship,2019/2020,2019-11-29,19,Swansea_City,Fulham,1,2,1.9772,1.61707,1,0
Premier League,2019/2020,2019-11-30,14,Southampton,Watford,2,1,2.0963,0.5718,1,0
Premier League,2019/2020,2019-11-30,14,Tottenham_Hotspur,AFC_Bournemouth,3,2,2.3496,1.1456,1,0
Premier League,2019/2020,2019-11-30,14,Liverpool,Brighton_&_Hove_Albion,2,1,1.3118,0.7944,1,0
Premier League,2019/2020,2019-11-30,14,Chelsea,West_Ham_United,0,1,2.35738,0.946,1,0
Premier League,2019/2020,2019-11-30,14,Burnley,Crystal_Palace,0,2,2.13396,0.7232,1,0
Premier League,2019/2020,2019-11-30,14,Newcastle_United,Manchester_City,2,2,0.2661,2.4416,1,0
Championship,2019/2020,2019-11-30,19,Charlton_Athletic,Sheffield_Wednesday,1,3,0.6086,2.94564,1,0
Championship,2019/2020,2019-11-30,19,Stoke_City,Blackburn_Rovers,1,2,1.61828,1.40641,1,0
Championship,2019/2020,2019-11-30,19,Wigan_Athletic,Reading,1,3,1.20609,3.2036,1,0
Championship,2019/2020,2019-11-30,19,Leeds_United,Middlesbrough,4,0,1.65312,0.3611,1,0
Championship,2019/2020,2019-11-30,19,Derby_County,Queens_Park_Rangers,1,1,0.7185,2.1958,1,0
Championship,2019/2020,2019-11-30,19,Bristol_City,Huddersfield_Town,5,2,2.2888,0.5576,1,0
Championship,2019/2020,2019-11-30,19,Brentford,Luton_Town,7,0,4.073,0.1344,1,0
Championship,2019/2020,2019-11-30,19,Birmingham_City,Millwall,1,1,0.9811,0.6352,1,0
Championship,2019/2020,2019-11-30,19,Barnsley,Hull_City,3,1,0.8862,1.6874,1,0
Championship,2019/2020,2019-11-30,19,Nottingham_Forest,Cardiff_City,0,1,1.5051,1.0702,1,0
Premier League,2019/2020,2019-12-01,14,Norwich_City,Arsenal,2,2,0.7584,2.0054,1,0
Premier League,2019/2020,2019-12-01,14,Manchester_United,Aston_Villa,2,2,1.7402,1.2779,1,0
Premier League,2019/2020,2019-12-01,14,Leicester_City,Everton,2,1,2.1828,1.1075,1,0
Premier League,2019/2020,2019-12-01,14,Wolverhampton_Wanderers,Sheffield_United,1,1,1.3122,1.4952,1,0
Championship,2019/2020,2019-12-02,19,Preston_North_End,West_Bromwich_Albion,0,1,0.9605,1.6869,1,0
Premier League,2019/2020,2019-12-03,15,Crystal_Palace,AFC_Bournemouth,1,0,0.3381,0.3907,1,0
League One,2019/2020,2019-12-03,18,Burton_Albion,Southend_United,1,1,0.584,0.772,1,0
Premier League,2019/2020,2019-12-03,15,Burnley,Manchester_City,1,4,0.5813,2.2319,1,0
Premier League,2019/2020,2019-12-04,15,Leicester_City,Watford,2,0,2.4485,0.1837,1,0
Premier League,2019/2020,2019-12-04,15,Manchester_United,Tottenham_Hotspur,2,1,1.3668,0.925344,1,0
Premier League,2019/2020,2019-12-04,15,Wolverhampton_Wanderers,West_Ham_United,2,0,1.5384,0.5579,1,0
Premier League,2019/2020,2019-12-04,15,Chelsea,Aston_Villa,2,1,1.873,1.0364,1,0
Premier League,2019/2020,2019-12-04,15,Southampton,Norwich_City,2,1,1.7291,0.9087,1,0
Premier League,2019/2020,2019-12-04,15,Liverpool,Everton,5,2,2.0489,1.5525,1,0
Premier League,2019/2020,2019-12-05,15,Sheffield_United,Newcastle_United,0,2,1.1401,0.5358,1,0
Premier League,2019/2020,2019-12-05,15,Arsenal,Brighton_&_Hove_Albion,1,2,0.9495,1.8768,1,0
Championship,2019/2020,2019-12-06,20,Millwall,Nottingham_Forest,2,2,2.48831,1.795,1,0
League One,2019/2020,2019-12-07,20,Tranmere_Rovers,Accrington_Stanley,1,1,0.4072,1.9203,1,0
League One,2019/2020,2019-12-07,20,Rotherham_United,Rochdale,0,1,0.5997,0.3078,1,0
League One,2019/2020,2019-12-07,20,Portsmouth,Peterborough_United,2,2,1.4256,1.5932,1,0
League One,2019/2020,2019-12-07,20,Oxford_United,Shrewsbury_Town,0,0,0.732,0.370129,1,0
League One,2019/2020,2019-12-07,20,Gillingham,Sunderland,1,0,1.74738,0.3067,1,0
League One,2019/2020,2019-12-07,20,Bristol_Rovers,Southend_United,4,2,2.2084,2.315,1,0
League One,2019/2020,2019-12-07,20,Bolton_Wanderers,AFC_Wimbledon,2,2,0.8551,1.19879,1,0
Championship,2019/2020,2019-12-07,20,Sheffield_Wednesday,Brentford,2,1,2.0296,0.7731,1,0
League One,2019/2020,2019-12-07,20,Burton_Albion,Lincoln_City,0,2,1.341,0.949654,1,0
League One,2019/2020,2019-12-07,20,Coventry_City,Ipswich_Town,1,1,1.7417,1.8151,1,0
League One,2019/2020,2019-12-07,20,Blackpool,Fleetwood_Town,3,1,0.6846,0.800244,1,0
Championship,2019/2020,2019-12-07,20,Reading,Birmingham_City,2,3,1.6982,1.2042,1,0
League One,2019/2020,2019-12-07,20,Doncaster_Rovers,Milton_Keynes_Dons,1,1,2.0805,0.6373,1,0
Championship,2019/2020,2019-12-07,20,Middlesbrough,Charlton_Athletic,1,0,2.574,0.2329,1,0
Championship,2019/2020,2019-12-07,20,Luton_Town,Wigan_Athletic,2,1,2.723,0.9476,1,0
Championship,2019/2020,2019-12-07,20,Hull_City,Stoke_City,2,1,2.51229,0.293,1,0
Championship,2019/2020,2019-12-07,20,Fulham,Bristol_City,1,2,1.9616,2.0623,1,0
Championship,2019/2020,2019-12-07,20,Cardiff_City,Barnsley,3,2,1.1267,0.8977,1,0
Championship,2019/2020,2019-12-07,20,Blackburn_Rovers,Derby_County,1,0,0.9334,0.5812,1,0
Championship,2019/2020,2019-12-07,20,Huddersfield_Town,Leeds_United,0,2,1.5513,1.5991,1,0
Premier League,2019/2020,2019-12-07,16,Everton,Chelsea,3,1,1.79,1.0583,1,0
Premier League,2019/2020,2019-12-07,16,AFC_Bournemouth,Liverpool,0,3,0.1434,2.4315,1,0
Premier League,2019/2020,2019-12-07,16,Tottenham_Hotspur,Burnley,5,0,2.6669,0.930412,1,0
Premier League,2019/2020,2019-12-07,16,Watford,Crystal_Palace,0,0,1.4306,0.1794,1,0
Premier League,2019/2020,2019-12-07,16,Manchester_City,Manchester_United,1,2,2.2226,1.4282,1,0
Championship,2019/2020,2019-12-07,20,Queens_Park_Rangers,Preston_North_End,2,0,1.3557,0.4064,1,0
Championship,2019/2020,2019-12-08,20,West_Bromwich_Albion,Swansea_City,5,1,3.22187,2.1979,1,0
Premier League,2019/2020,2019-12-08,16,Newcastle_United,Southampton,2,1,0.93714,1.94136,1,0
Premier League,2019/2020,2019-12-08,16,Norwich_City,Sheffield_United,1,2,0.6576,0.7519,1,0
Premier League,2019/2020,2019-12-08,16,Brighton_&_Hove_Albion,Wolverhampton_Wanderers,2,2,1.2716,1.541,1,0
Premier League,2019/2020,2019-12-08,16,Aston_Villa,Leicester_City,1,4,1.1913,4.80881,1,0
Premier League,2019/2020,2019-12-09,16,West_Ham_United,Arsenal,1,3,0.6318,1.3966,1,0
Championship,2019/2020,2019-12-10,21,Bristol_City,Millwall,1,2,0.943,1.0086,1,0
Championship,2019/2020,2019-12-10,21,Leeds_United,Hull_City,2,0,0.790708,0.4442,1,0
Championship,2019/2020,2019-12-10,21,Nottingham_Forest,Middlesbrough,1,1,0.753521,1.1539,1,0
Championship,2019/2020,2019-12-10,21,Preston_North_End,Fulham,2,1,2.4208,0.7297,1,0
Championship,2019/2020,2019-12-10,21,Charlton_Athletic,Huddersfield_Town,0,1,0.2859,1.2678,1,0
Championship,2019/2020,2019-12-10,21,Stoke_City,Luton_Town,3,0,2.1212,0.2619,1,0
Championship,2019/2020,2019-12-11,21,Birmingham_City,Queens_Park_Rangers,0,2,0.8631,1.048,1,0
Championship,2019/2020,2019-12-11,21,Barnsley,Reading,1,1,2.10906,0.9403,1,0
Championship,2019/2020,2019-12-11,21,Derby_County,Sheffield_Wednesday,1,1,2.3558,0.7387,1,0
Championship,2019/2020,2019-12-11,21,Swansea_City,Blackburn_Rovers,1,1,0.7379,0.5287,1,0
Championship,2019/2020,2019-12-11,21,Wigan_Athletic,West_Bromwich_Albion,1,1,2.01217,0.5835,1,0
Championship,2019/2020,2019-12-11,21,Brentford,Cardiff_City,2,1,1.65146,0.4406,1,0
Championship,2019/2020,2019-12-13,22,Charlton_Athletic,Hull_City,2,2,1.3123,1.3436,1,0
League One,2019/2020,2019-12-14,21,Southend_United,Rotherham_United,2,2,2.2694,1.717,1,0
Premier League,2019/2020,2019-12-14,17,Leicester_City,Norwich_City,1,1,1.1533,1.1392,1,0
Premier League,2019/2020,2019-12-14,17,Chelsea,AFC_Bournemouth,0,1,2.15735,1.0133,1,0
Premier League,2019/2020,2019-12-14,17,Burnley,Newcastle_United,1,0,1.4349,0.9907,1,0
Premier League,2019/2020,2019-12-14,17,Sheffield_United,Aston_Villa,2,0,1.6672,1.0662,1,0
Premier League,2019/2020,2019-12-14,17,Southampton,West_Ham_United,0,1,0.903743,0.8602,1,0
Premier League,2019/2020,2019-12-14,17,Liverpool,Watford,2,0,1.4838,0.9898,1,0
Championship,2019/2020,2019-12-14,22,Barnsley,Queens_Park_Rangers,5,3,2.74302,2.20793,1,0
League One,2019/2020,2019-12-14,21,Wycombe_Wanderers,Burton_Albion,2,0,1.196,0.5602,1,0
League One,2019/2020,2019-12-14,21,Sunderland,Blackpool,1,1,0.5605,0.4819,1,0
League One,2019/2020,2019-12-14,21,Shrewsbury_Town,Coventry_City,2,1,1.2225,0.3977,1,0
Championship,2019/2020,2019-12-14,22,Derby_County,Millwall,0,1,1.0008,0.6971,1,0
League One,2019/2020,2019-12-14,21,Milton_Keynes_Dons,Oxford_United,1,0,1.0155,0.5814,1,0
League One,2019/2020,2019-12-14,21,Lincoln_City,Tranmere_Rovers,1,0,1.0642,0.2441,1,0
League One,2019/2020,2019-12-14,21,Ipswich_Town,Bristol_Rovers,1,2,1.55084,1.298,1,0
League One,2019/2020,2019-12-14,21,Fleetwood_Town,Gillingham,1,1,1.5309,0.4923,1,0
League One,2019/2020,2019-12-14,21,Accrington_Stanley,Portsmouth,4,1,1.6349,1.1303,1,0
Championship,2019/2020,2019-12-14,22,Bristol_City,Blackburn_Rovers,0,2,1.3186,0.5865,1,0
Championship,2019/2020,2019-12-14,22,Brentford,Fulham,1,0,2.46131,0.7979,1,0
Championship,2019/2020,2019-12-14,22,Birmingham_City,West_Bromwich_Albion,2,3,2.681,1.6059,1,0
Championship,2019/2020,2019-12-14,22,Swansea_City,Middlesbrough,3,1,1.2452,0.5043,1,0
Championship,2019/2020,2019-12-14,22,Stoke_City,Reading,0,0,0.6289,0.177,1,0
Championship,2019/2020,2019-12-14,22,Preston_North_End,Luton_Town,2,1,2.34456,1.5195,1,0
Championship,2019/2020,2019-12-14,22,Nottingham_Forest,Sheffield_Wednesday,0,4,0.7397,1.8955,1,0
Championship,2019/2020,2019-12-14,22,Leeds_United,Cardiff_City,3,3,3.78802,1.2266,1,0
League One,2019/2020,2019-12-14,21,Peterborough_United,Bolton_Wanderers,1,0,2.3625,0.4413,1,0
Championship,2019/2020,2019-12-14,22,Wigan_Athletic,Huddersfield_Town,1,1,0.7142,0.3504,1,0
League One,2019/2020,2019-12-14,21,AFC_Wimbledon,Doncaster_Rovers,2,1,1.4554,2.0399,1,0
Premier League,2019/2020,2019-12-15,17,Manchester_United,Everton,1,1,1.45716,0.3126,1,0
Premier League,2019/2020,2019-12-15,17,Wolverhampton_Wanderers,Tottenham_Hotspur,1,2,0.947856,0.9006,1,0
Premier League,2019/2020,2019-12-15,17,Arsenal,Manchester_City,0,3,0.4776,1.3015,1,0
Premier League,2019/2020,2019-12-16,17,Crystal_Palace,Brighton_&_Hove_Albion,1,1,0.6679,2.31359,1,0
Championship,2019/2020,2019-12-20,23,Middlesbrough,Stoke_City,2,1,0.8315,1.20767,1,0
Championship,2019/2020,2019-12-21,23,Fulham,Leeds_United,2,1,1.0835,1.67185,1,0
Championship,2019/2020,2019-12-21,23,Huddersfield_Town,Nottingham_Forest,2,1,1.52791,0.8034,1,0
Championship,2019/2020,2019-12-21,23,Hull_City,Birmingham_City,3,0,1.8681,0.974148,1,0
Championship,2019/2020,2019-12-21,23,Luton_Town,Swansea_City,0,1,1.0913,3.0348,1,0
Championship,2019/2020,2019-12-21,23,Millwall,Barnsley,1,2,2.1159,0.5669,1,0
Championship,2019/2020,2019-12-21,23,Queens_Park_Rangers,Charlton_Athletic,2,2,2.9592,2.3533,1,0
Championship,2019/2020,2019-12-21,23,Reading,Derby_County,3,0,2.7799,1.95674,1,0
Championship,2019/2020,2019-12-21,23,West_Bromwich_Albion,Brentford,1,1,0.5143,1.0111,1,0
League One,2019/2020,2019-12-21,22,Oxford_United,Wycombe_Wanderers,1,0,1.20998,0.41,1,0
League One,2019/2020,2019-12-21,22,Tranmere_Rovers,AFC_Wimbledon,1,0,2.55554,0.6731,1,0
Championship,2019/2020,2019-12-21,23,Cardiff_City,Preston_North_End,0,0,0.1087,0.8078,1,0
League One,2019/2020,2019-12-21,22,Portsmouth,Ipswich_Town,1,0,1.1983,1.0732,1,0
League One,2019/2020,2019-12-21,22,Doncaster_Rovers,Accrington_Stanley,1,1,0.7973,1.59892,1,0
League One,2019/2020,2019-12-21,22,Coventry_City,Lincoln_City,1,0,0.559204,0.1926,1,0
League One,2019/2020,2019-12-21,22,Gillingham,Milton_Keynes_Dons,3,1,1.16561,0.4719,1,0
League One,2019/2020,2019-12-21,22,Blackpool,Shrewsbury_Town,0,1,0.92529,1.4372,1,0
League One,2019/2020,2019-12-21,22,Bolton_Wanderers,Southend_United,3,2,0.7647,1.501,1,0
League One,2019/2020,2019-12-21,22,Bristol_Rovers,Peterborough_United,0,0,0.7756,0.8389,1,0
League One,2019/2020,2019-12-21,22,Rotherham_United,Fleetwood_Town,2,2,1.78442,1.02337,1,0
League One,2019/2020,2019-12-21,22,Burton_Albion,Rochdale,3,1,2.4637,1.0401,1,0
Premier League,2019/2020,2019-12-21,18,Everton,Arsenal,0,0,0.5318,0.6265,1,0
Premier League,2019/2020,2019-12-21,18,AFC_Bournemouth,Burnley,0,1,0.127,0.1774,1,0
Premier League,2019/2020,2019-12-21,18,Aston_Villa,Southampton,1,3,1.1007,2.82547,1,0
Premier League,2019/2020,2019-12-21,18,Brighton_&_Hove_Albion,Sheffield_United,0,1,0.4603,1.2808,1,0
Premier League,2019/2020,2019-12-21,18,Newcastle_United,Crystal_Palace,1,0,0.4948,1.3196,1,0
Premier League,2019/2020,2019-12-21,18,Norwich_City,Wolverhampton_Wanderers,1,2,1.26,1.40175,1,0
Premier League,2019/2020,2019-12-21,18,Manchester_City,Leicester_City,3,1,3.4469,1.0765,1,0
Championship,2019/2020,2019-12-22,23,Sheffield_Wednesday,Bristol_City,1,0,2.1994,0.4745,1,0
Premier League,2019/2020,2019-12-22,18,Tottenham_Hotspur,Chelsea,0,2,0.2773,1.3505,1,0
Premier League,2019/2020,2019-12-22,18,Watford,Manchester_United,2,0,1.4852,1.85097,1,0
Championship,2019/2020,2019-12-23,23,Blackburn_Rovers,Wigan_Athletic,0,0,0.4702,0.5698,1,0
Championship,2019/2020,2019-12-26,24,Hull_City,Nottingham_Forest,0,2,1.3194,1.6284,1,0
League One,2019/2020,2019-12-26,23,Blackpool,Accrington_Stanley,0,1,0.4749,1.2887,1,0
League One,2019/2020,2019-12-26,23,Bristol_Rovers,AFC_Wimbledon,1,2,1.0573,2.59214,1,0
League One,2019/2020,2019-12-26,23,Sunderland,Bolton_Wanderers,0,0,0.942,1.0527,1,0
League One,2019/2020,2019-12-26,23,Southend_United,Milton_Keynes_Dons,2,2,2.8739,2.09542,1,0
League One,2019/2020,2019-12-26,23,Shrewsbury_Town,Rotherham_United,1,2,0.3142,2.3159,1,0
League One,2019/2020,2019-12-26,23,Rochdale,Fleetwood_Town,2,3,0.558753,1.51238,1,0
League One,2019/2020,2019-12-26,23,Portsmouth,Wycombe_Wanderers,2,0,1.86,0.8204,1,0
League One,2019/2020,2019-12-26,23,Peterborough_United,Doncaster_Rovers,0,3,0.9009,0.4552,1,0
League One,2019/2020,2019-12-26,23,Oxford_United,Lincoln_City,1,0,0.2733,0.4025,1,0
Championship,2019/2020,2019-12-26,24,Reading,Queens_Park_Rangers,1,0,0.601884,2.41631,1,0
League One,2019/2020,2019-12-26,23,Ipswich_Town,Gillingham,0,0,0.256,0.657018,1,0
Championship,2019/2020,2019-12-26,24,Leeds_United,Preston_North_End,1,1,1.5348,0.5214,1,0
Championship,2019/2020,2019-12-26,24,Stoke_City,Sheffield_Wednesday,3,2,4.23595,0.870445,1,0
Premier League,2019/2020,2019-12-26,19,Leicester_City,Liverpool,0,4,0.1152,3.2646,1,0
Premier League,2019/2020,2019-12-26,19,Manchester_United,Newcastle_United,4,1,1.917,0.8145,1,0
Premier League,2019/2020,2019-12-26,19,Sheffield_United,Watford,1,1,2.4424,0.5803,1,0
Premier League,2019/2020,2019-12-26,19,Everton,Burnley,1,0,1.40831,0.3394,1,0
Premier League,2019/2020,2019-12-26,19,Crystal_Palace,West_Ham_United,2,1,2.7022,0.8608,1,0
Premier League,2019/2020,2019-12-26,19,Chelsea,Southampton,0,2,0.6815,1.0852,1,0
Premier League,2019/2020,2019-12-26,19,Aston_Villa,Norwich_City,1,0,0.5773,1.1915,1,0
Premier League,2019/2020,2019-12-26,19,AFC_Bournemouth,Arsenal,1,1,2.0336,1.4672,1,0
Championship,2019/2020,2019-12-26,24,Wigan_Athletic,Derby_County,1,1,1.6074,0.6082,1,0
Premier League,2019/2020,2019-12-26,19,Tottenham_Hotspur,Brighton_&_Hove_Albion,2,1,0.813965,1.0032,1,0
Championship,2019/2020,2019-12-26,24,Blackburn_Rovers,Birmingham_City,1,1,1.3195,2.1259,1,0
Championship,2019/2020,2019-12-26,24,Brentford,Swansea_City,3,1,2.3153,1.18334,1,0
Championship,2019/2020,2019-12-26,24,Cardiff_City,Millwall,1,1,1.2214,0.3028,1,0
Championship,2019/2020,2019-12-26,24,Charlton_Athletic,Bristol_City,3,2,2.90048,1.2901,1,0
Championship,2019/2020,2019-12-26,24,Luton_Town,Fulham,3,3,1.48362,2.92833,1,0
Championship,2019/2020,2019-12-26,24,Middlesbrough,Huddersfield_Town,1,0,2.0405,1.5192,1,0
Championship,2019/2020,2019-12-26,24,Barnsley,West_Bromwich_Albion,1,1,1.7174,0.4614,1,0
League One,2019/2020,2019-12-26,23,Burton_Albion,Tranmere_Rovers,4,2,2.8522,0.630258,1,0
Premier League,2019/2020,2019-12-27,19,Wolverhampton_Wanderers,Manchester_City,3,2,2.6026,1.45887,1,0
Premier League,2019/2020,2019-12-28,20,Burnley,Manchester_United,0,2,0.468,2.2351,1,0
Premier League,2019/2020,2019-12-28,20,West_Ham_United,Leicester_City,1,2,1.0623,2.51876,1,0
Premier League,2019/2020,2019-12-28,20,Norwich_City,Tottenham_Hotspur,2,2,0.2251,1.9041,1,0
Premier League,2019/2020,2019-12-28,20,Newcastle_United,Everton,1,2,1.7709,3.16166,1,0
Premier League,2019/2020,2019-12-28,20,Brighton_&_Hove_Albion,AFC_Bournemouth,2,0,0.836464,0.5148,1,0
Premier League,2019/2020,2019-12-28,20,Watford,Aston_Villa,3,0,2.80916,0.6647,1,0
Premier League,2019/2020,2019-12-28,20,Southampton,Crystal_Palace,1,1,1.3747,0.2584,1,0
League One,2019/2020,2019-12-29,24,AFC_Wimbledon,Oxford_United,1,2,0.805334,1.4407,1,0
League One,2019/2020,2019-12-29,24,Accrington_Stanley,Burton_Albion,2,0,1.6789,0.6377,1,0
League One,2019/2020,2019-12-29,24,Bolton_Wanderers,Shrewsbury_Town,1,1,0.8228,2.26941,1,0
League One,2019/2020,2019-12-29,24,Doncaster_Rovers,Sunderland,1,2,0.6582,1.1095,1,0
League One,2019/2020,2019-12-29,24,Fleetwood_Town,Bristol_Rovers,0,0,1.8442,0.305897,1,0
League One,2019/2020,2019-12-29,24,Lincoln_City,Ipswich_Town,5,3,2.5485,0.757509,1,0
League One,2019/2020,2019-12-29,24,Rotherham_United,Peterborough_United,4,0,1.9057,0.3978,1,0
League One,2019/2020,2019-12-29,24,Tranmere_Rovers,Blackpool,1,1,1.0973,0.8103,1,0
League One,2019/2020,2019-12-29,24,Wycombe_Wanderers,Coventry_City,1,4,0.7285,1.5748,1,0
League One,2019/2020,2019-12-29,24,Gillingham,Rochdale,1,0,1.53941,0.402,1,0
League One,2019/2020,2019-12-29,24,Milton_Keynes_Dons,Portsmouth,3,1,1.3869,3.0917,1,0
Championship,2019/2020,2019-12-29,25,Millwall,Brentford,1,0,0.4763,0.5609,1,0
Championship,2019/2020,2019-12-29,25,Fulham,Stoke_City,1,0,1.9673,0.5047,1,0
Championship,2019/2020,2019-12-29,25,Sheffield_Wednesday,Cardiff_City,1,2,1.311,1.1499,1,0
Championship,2019/2020,2019-12-29,25,Queens_Park_Rangers,Hull_City,1,2,0.6246,1.0552,1,0
Championship,2019/2020,2019-12-29,25,Preston_North_End,Reading,0,2,1.452,1.2422,1,0
Championship,2019/2020,2019-12-29,25,Nottingham_Forest,Wigan_Athletic,1,0,0.7387,2.0374,1,0
Championship,2019/2020,2019-12-29,25,Huddersfield_Town,Blackburn_Rovers,2,1,1.22751,1.4805,1,0
Championship,2019/2020,2019-12-29,25,West_Bromwich_Albion,Middlesbrough,0,2,0.677,1.3158,1,0
Championship,2019/2020,2019-12-29,25,Swansea_City,Barnsley,0,0,1.54505,1.3385,1,0
Premier League,2019/2020,2019-12-29,20,Manchester_City,Sheffield_United,2,0,1.1267,1.0651,1,0
Premier League,2019/2020,2019-12-29,20,Liverpool,Wolverhampton_Wanderers,1,0,1.2387,0.511,1,0
Premier League,2019/2020,2019-12-29,20,Arsenal,Chelsea,1,2,0.4921,1.3725,1,0
Championship,2019/2020,2019-12-29,25,Bristol_City,Luton_Town,3,0,2.8299,0.3436,1,0
Championship,2019/2020,2019-12-29,25,Birmingham_City,Leeds_United,4,5,2.312,1.5281,1,0
Championship,2019/2020,2019-12-30,25,Derby_County,Charlton_Athletic,2,1,2.20712,1.2033,1,0
Premier League,2019/2020,2020-01-01,21,Arsenal,Manchester_United,2,0,1.49631,0.689,1,0
League One,2019/2020,2020-01-01,25,Fleetwood_Town,Sunderland,1,1,1.5931,2.3104,1,0
Premier League,2019/2020,2020-01-01,21,West_Ham_United,AFC_Bournemouth,4,0,2.3541,0.5892,1,0
League One,2019/2020,2020-01-01,25,Tranmere_Rovers,Coventry_City,1,4,1.66311,3.029,1,0
Premier League,2019/2020,2020-01-01,21,Norwich_City,Crystal_Palace,1,1,1.5159,1.3925,1,0
Premier League,2019/2020,2020-01-01,21,Manchester_City,Everton,2,1,1.5151,1.0391,1,0
League One,2019/2020,2020-01-01,25,Gillingham,Portsmouth,1,1,1.10617,1.11418,1,0
Premier League,2019/2020,2020-01-01,21,Watford,Wolverhampton_Wanderers,2,1,1.0653,1.1981,1,0
Premier League,2019/2020,2020-01-01,21,Southampton,Tottenham_Hotspur,1,0,1.3483,0.9004,1,0
Premier League,2019/2020,2020-01-01,21,Newcastle_United,Leicester_City,0,3,0.7414,2.64537,1,0
Premier League,2019/2020,2020-01-01,21,Burnley,Aston_Villa,1,2,2.2682,1.3106,1,0
Premier League,2019/2020,2020-01-01,21,Brighton_&_Hove_Albion,Chelsea,1,1,1.33965,1.30614,1,0
League One,2019/2020,2020-01-01,25,Wycombe_Wanderers,Ipswich_Town,1,1,1.3153,1.41872,1,0
League One,2019/2020,2020-01-01,25,Lincoln_City,Peterborough_United,2,1,1.7765,0.5102,1,0
League One,2019/2020,2020-01-01,25,Milton_Keynes_Dons,Bristol_Rovers,3,0,2.57063,0.5971,1,0
League One,2019/2020,2020-01-01,25,Doncaster_Rovers,Oxford_United,1,0,0.194,1.1651,1,0
League One,2019/2020,2020-01-01,25,Rotherham_United,Blackpool,2,1,1.3484,0.99,1,0
League One,2019/2020,2020-01-01,25,Accrington_Stanley,Rochdale,1,2,1.4656,2.9544,1,0
League One,2019/2020,2020-01-01,25,AFC_Wimbledon,Southend_United,1,1,0.8506,1.7071,1,0
Championship,2019/2020,2020-01-01,26,Millwall,Luton_Town,3,1,2.4038,0.2354,1,0
Championship,2019/2020,2020-01-01,26,Birmingham_City,Wigan_Athletic,2,3,1.2591,1.942,1,0
Championship,2019/2020,2020-01-01,26,Bristol_City,Brentford,0,4,0.334238,3.41898,1,0
Championship,2019/2020,2020-01-01,26,Fulham,Reading,1,2,2.06796,2.0762,1,0
Championship,2019/2020,2020-01-01,26,Huddersfield_Town,Stoke_City,2,5,0.7212,2.10145,1,0
Championship,2019/2020,2020-01-01,26,Nottingham_Forest,Blackburn_Rovers,3,2,1.8338,1.1714,1,0
Championship,2019/2020,2020-01-01,26,Preston_North_End,Middlesbrough,0,2,0.6241,1.839,1,0
Championship,2019/2020,2020-01-01,26,Queens_Park_Rangers,Cardiff_City,6,1,2.8888,1.46187,1,0
Championship,2019/2020,2020-01-01,26,Sheffield_Wednesday,Hull_City,0,1,1.26275,1.1291,1,0
Championship,2019/2020,2020-01-01,26,West_Bromwich_Albion,Leeds_United,1,1,1.17085,0.5038,1,0
League One,2019/2020,2020-01-01,25,Bolton_Wanderers,Burton_Albion,3,4,1.0462,2.141,1,0
Premier League,2019/2020,2020-01-02,21,Liverpool,Sheffield_United,2,0,2.8168,0.6335,1,0
Championship,2019/2020,2020-01-02,26,Derby_County,Barnsley,2,1,2.6833,1.86896,1,0
Championship,2019/2020,2020-01-02,26,Swansea_City,Charlton_Athletic,1,0,1.12143,1.2014,1,0
League One,2019/2020,2020-01-04,26,Sunderland,Lincoln_City,3,1,1.0464,0.9987,1,0
League One,2019/2020,2020-01-07,18,Doncaster_Rovers,Shrewsbury_Town,2,0,2.8426,0.1362,1,0
Premier League,2019/2020,2020-01-10,22,Sheffield_United,West_Ham_United,1,0,1.4142,0.7406,1,0
Championship,2019/2020,2020-01-11,27,Hull_City,Fulham,0,1,1.24816,0.1328,1,0
Championship,2019/2020,2020-01-11,27,Brentford,Queens_Park_Rangers,3,1,2.0491,0.9885,1,0
League One,2019/2020,2020-01-11,27,Oxford_United,Rotherham_United,1,3,2.07955,1.5747,1,0
Championship,2019/2020,2020-01-11,27,Blackburn_Rovers,Preston_North_End,1,1,0.8897,0.4174,1,0
Championship,2019/2020,2020-01-11,27,Charlton_Athletic,West_Bromwich_Albion,2,2,0.5811,1.3021,1,0
League One,2019/2020,2020-01-11,27,Peterborough_United,Gillingham,0,0,0.858572,1.48681,1,0
Premier League,2019/2020,2020-01-11,22,Chelsea,Burnley,3,0,2.74111,0.777615,1,0
Premier League,2019/2020,2020-01-11,22,Everton,Brighton_&_Hove_Albion,1,0,1.7362,1.2795,1,0
Premier League,2019/2020,2020-01-11,22,Leicester_City,Southampton,1,2,0.6906,2.18021,1,0
Premier League,2019/2020,2020-01-11,22,Manchester_United,Norwich_City,4,0,2.8641,0.2887,1,0
Premier League,2019/2020,2020-01-11,22,Wolverhampton_Wanderers,Newcastle_United,1,1,1.6359,0.1988,1,0
Premier League,2019/2020,2020-01-11,22,Tottenham_Hotspur,Liverpool,0,1,1.2392,1.20372,1,0
Premier League,2019/2020,2020-01-11,22,Crystal_Palace,Arsenal,1,1,0.581,1.38672,1,0
League One,2019/2020,2020-01-11,27,Bristol_Rovers,Doncaster_Rovers,0,2,0.7284,1.0224,1,0
Championship,2019/2020,2020-01-11,27,Barnsley,Huddersfield_Town,2,1,1.4052,0.9972,1,0
League One,2019/2020,2020-01-11,27,Coventry_City,Milton_Keynes_Dons,1,1,0.777,0.7087,1,0
League One,2019/2020,2020-01-11,27,Portsmouth,AFC_Wimbledon,2,1,1.6405,0.8445,1,0
League One,2019/2020,2020-01-11,27,Rochdale,Bolton_Wanderers,2,0,1.016,0.5963,1,0
League One,2019/2020,2020-01-11,27,Shrewsbury_Town,Lincoln_City,1,1,1.1595,1.1844,1,0
League One,2019/2020,2020-01-11,27,Southend_United,Tranmere_Rovers,0,0,1.3379,0.3737,1,0
League One,2019/2020,2020-01-11,27,Sunderland,Wycombe_Wanderers,4,0,2.6711,1.356,1,0
League One,2019/2020,2020-01-11,27,Burton_Albion,Fleetwood_Town,1,0,1.05315,0.3554,1,0
Championship,2019/2020,2020-01-11,27,Luton_Town,Birmingham_City,1,2,1.1876,0.9161,1,0
Championship,2019/2020,2020-01-11,27,Middlesbrough,Derby_County,2,2,2.1267,0.83,1,0
Championship,2019/2020,2020-01-11,27,Leeds_United,Sheffield_Wednesday,0,2,1.6285,1.3046,1,0
League One,2019/2020,2020-01-11,27,Ipswich_Town,Accrington_Stanley,4,1,3.077,0.9799,1,0
Championship,2019/2020,2020-01-11,27,Reading,Nottingham_Forest,1,1,1.7553,0.7376,1,0
Championship,2019/2020,2020-01-11,27,Stoke_City,Millwall,0,0,0.57,0.2139,1,0
Championship,2019/2020,2020-01-11,27,Wigan_Athletic,Bristol_City,0,2,1.4602,1.5535,1,0
Premier League,2019/2020,2020-01-12,22,Aston_Villa,Manchester_City,1,6,1.1467,2.80992,1,0
Premier League,2019/2020,2020-01-12,22,AFC_Bournemouth,Watford,0,3,0.3758,2.04981,1,0
Championship,2019/2020,2020-01-12,27,Cardiff_City,Swansea_City,0,0,1.5149,0.6394,1,0
League One,2019/2020,2020-01-14,26,Burton_Albion,Milton_Keynes_Dons,1,0,0.5843,1.48004,1,0
League One,2019/2020,2020-01-14,16,Lincoln_City,Bolton_Wanderers,5,1,1.6403,0.3881,1,0
League One,2019/2020,2020-01-14,18,Oxford_United,Ipswich_Town,0,0,0.6151,0.4789,1,0
Championship,2019/2020,2020-01-17,28,Fulham,Middlesbrough,1,0,3.2026,0.8436,1,0
Premier League,2019/2020,2020-01-18,23,Norwich_City,AFC_Bournemouth,1,0,1.8567,0.6732,1,0
Premier League,2019/2020,2020-01-18,23,Watford,Tottenham_Hotspur,0,0,2.5599,2.0213,1,0
Premier League,2019/2020,2020-01-18,23,Arsenal,Sheffield_United,1,1,1.3591,0.7919,1,0
Premier League,2019/2020,2020-01-18,23,Brighton_&_Hove_Albion,Aston_Villa,1,1,1.1155,0.6415,1,0
Premier League,2019/2020,2020-01-18,23,Manchester_City,Crystal_Palace,2,2,2.769,0.37,1,0
Premier League,2019/2020,2020-01-18,23,Southampton,Wolverhampton_Wanderers,2,3,0.6819,2.4176,1,0
League One,2019/2020,2020-01-18,28,Wycombe_Wanderers,Rochdale,2,1,2.0059,2.17873,1,0
Premier League,2019/2020,2020-01-18,23,Newcastle_United,Chelsea,1,0,0.5905,2.3959,1,0
Championship,2019/2020,2020-01-18,28,Sheffield_Wednesday,Blackburn_Rovers,0,5,0.1862,2.3829,1,0
Championship,2019/2020,2020-01-18,28,Swansea_City,Wigan_Athletic,2,1,1.9085,0.7538,1,0
Championship,2019/2020,2020-01-18,28,Huddersfield_Town,Brentford,0,0,0.4677,0.571,1,0
Championship,2019/2020,2020-01-18,28,Derby_County,Hull_City,1,0,0.9523,0.9945,1,0
Championship,2019/2020,2020-01-18,28,Bristol_City,Barnsley,1,0,1.4119,1.356,1,0
Championship,2019/2020,2020-01-18,28,Birmingham_City,Cardiff_City,1,1,2.0633,0.6898,1,0
Championship,2019/2020,2020-01-18,28,Queens_Park_Rangers,Leeds_United,1,0,1.4041,2.3193,1,0
League One,2019/2020,2020-01-18,28,AFC_Wimbledon,Peterborough_United,1,0,0.4045,1.377,1,0
Championship,2019/2020,2020-01-18,28,Preston_North_End,Charlton_Athletic,2,1,0.7853,1.0638,1,0
Premier League,2019/2020,2020-01-18,23,West_Ham_United,Everton,1,1,1.2748,1.7939,1,0
League One,2019/2020,2020-01-18,28,Accrington_Stanley,Southend_United,1,2,2.93,1.4682,1,0
League One,2019/2020,2020-01-18,28,Doncaster_Rovers,Coventry_City,0,1,0.6053,0.5079,1,0
League One,2019/2020,2020-01-18,28,Fleetwood_Town,Shrewsbury_Town,2,2,1.5743,1.81769,1,0
League One,2019/2020,2020-01-18,28,Gillingham,Oxford_United,1,1,1.4358,0.7917,1,0
League One,2019/2020,2020-01-18,28,Lincoln_City,Blackpool,1,0,1.9803,0.880083,1,0
League One,2019/2020,2020-01-18,28,Milton_Keynes_Dons,Sunderland,0,1,0.6706,2.47002,1,0
League One,2019/2020,2020-01-18,28,Rotherham_United,Bristol_Rovers,3,0,1.5374,0.5579,1,0
League One,2019/2020,2020-01-18,28,Tranmere_Rovers,Ipswich_Town,1,2,0.2994,1.8218,1,0
League One,2019/2020,2020-01-18,28,Bolton_Wanderers,Portsmouth,0,1,1.3253,1.63456,1,0
Championship,2019/2020,2020-01-18,28,Millwall,Reading,2,0,1.5127,0.6274,1,0
Championship,2019/2020,2020-01-19,28,Nottingham_Forest,Luton_Town,3,1,2.35227,0.7869,1,0
Premier League,2019/2020,2020-01-19,23,Liverpool,Manchester_United,2,0,1.8743,1.3019,1,0
Premier League,2019/2020,2020-01-19,23,Burnley,Leicester_City,2,1,1.43084,2.5336,1,0
Championship,2019/2020,2020-01-20,28,West_Bromwich_Albion,Stoke_City,0,1,1.2394,0.7476,1,0
League One,2019/2020,2020-01-21,26,Peterborough_United,Wycombe_Wanderers,4,0,3.0438,0.4741,1,0
Premier League,2019/2020,2020-01-21,24,Everton,Newcastle_United,2,2,1.8316,1.42542,1,0
Championship,2019/2020,2020-01-21,29,Middlesbrough,Birmingham_City,1,1,1.7139,0.8953,1,0
Championship,2019/2020,2020-01-21,29,Barnsley,Preston_North_End,0,3,0.3804,1.5861,1,0
Premier League,2019/2020,2020-01-21,24,Chelsea,Arsenal,2,2,2.9278,0.3924,1,0
Premier League,2019/2020,2020-01-21,24,Sheffield_United,Manchester_City,0,1,0.7667,2.8375,1,0
Premier League,2019/2020,2020-01-21,24,Crystal_Palace,Southampton,0,2,0.5949,1.1333,1,0
Premier League,2019/2020,2020-01-21,24,AFC_Bournemouth,Brighton_&_Hove_Albion,3,1,1.4196,1.87005,1,0
Premier League,2019/2020,2020-01-21,24,Aston_Villa,Watford,2,1,1.28763,1.8339,1,0
Premier League,2019/2020,2020-01-22,24,Manchester_United,Burnley,0,2,1.3881,0.6205,1,0
Championship,2019/2020,2020-01-22,29,Charlton_Athletic,Fulham,0,0,0.1682,0.7114,1,0
Premier League,2019/2020,2020-01-22,24,Leicester_City,West_Ham_United,4,1,2.9128,1.6304,1,0
Premier League,2019/2020,2020-01-22,24,Tottenham_Hotspur,Norwich_City,2,1,2.1421,1.4661,1,0
Championship,2019/2020,2020-01-22,14,Nottingham_Forest,Reading,1,1,1.1476,0.5124,1,0
Premier League,2019/2020,2020-01-23,24,Wolverhampton_Wanderers,Liverpool,1,2,1.822,1.1575,1,0
League One,2019/2020,2020-01-24,29,Sunderland,Doncaster_Rovers,0,0,0.7376,0.413566,1,0
League One,2019/2020,2020-01-25,29,Peterborough_United,Rotherham_United,2,1,1.37,0.6257,1,0
League One,2019/2020,2020-01-25,29,Bristol_Rovers,Fleetwood_Town,0,0,0.992,1.4332,1,0
League One,2019/2020,2020-01-25,29,Burton_Albion,Accrington_Stanley,1,1,0.5072,0.9631,1,0
League One,2019/2020,2020-01-25,29,Rochdale,Gillingham,2,2,1.251,1.9892,1,0
League One,2019/2020,2020-01-25,29,Ipswich_Town,Lincoln_City,1,0,1.182,0.3808,1,0
Championship,2019/2020,2020-01-25,29,Stoke_City,Swansea_City,2,0,2.1571,0.6232,1,0
League One,2019/2020,2020-01-28,30,Accrington_Stanley,Peterborough_United,0,2,0.6412,1.3583,1,0
Championship,2019/2020,2020-01-28,29,Reading,Bristol_City,0,1,1.45794,1.5771,1,0
Championship,2019/2020,2020-01-28,29,Wigan_Athletic,Sheffield_Wednesday,2,1,2.002,1.1438,1,0
Championship,2019/2020,2020-01-28,29,Luton_Town,Derby_County,3,2,1.1167,1.5833,1,0
Championship,2019/2020,2020-01-28,29,Leeds_United,Millwall,3,2,4.13901,2.3611,1,0
Championship,2019/2020,2020-01-28,29,Hull_City,Huddersfield_Town,1,2,2.1729,1.2393,1,0
Championship,2019/2020,2020-01-28,29,Cardiff_City,West_Bromwich_Albion,2,1,1.14333,2.5296,1,0
League One,2019/2020,2020-01-28,30,AFC_Wimbledon,Burton_Albion,2,2,1.6112,0.6015,1,0
Championship,2019/2020,2020-01-28,29,Brentford,Nottingham_Forest,0,1,0.8621,0.6177,1,0
Championship,2019/2020,2020-01-28,29,Blackburn_Rovers,Queens_Park_Rangers,2,1,0.934,0.9739,1,0
League One,2019/2020,2020-01-28,30,Wycombe_Wanderers,Blackpool,2,1,0.873496,0.5977,1,0
League One,2019/2020,2020-01-28,30,Bolton_Wanderers,Bristol_Rovers,1,1,0.6972,1.9179,1,0
League One,2019/2020,2020-01-28,30,Rotherham_United,Ipswich_Town,1,0,2.696,0.5894,1,0
League One,2019/2020,2020-01-28,30,Milton_Keynes_Dons,Rochdale,2,1,2.22249,1.6511,1,0
League One,2019/2020,2020-01-28,30,Lincoln_City,Portsmouth,0,2,0.316,1.6408,1,0
League One,2019/2020,2020-01-28,30,Fleetwood_Town,Coventry_City,0,0,0.5879,0.1821,1,0
League One,2019/2020,2020-01-28,30,Doncaster_Rovers,Southend_United,3,1,1.17551,1.2212,1,0
League One,2019/2020,2020-01-29,30,Gillingham,Shrewsbury_Town,2,0,2.2093,0.7265,1,0
Premier League,2019/2020,2020-01-29,18,West_Ham_United,Liverpool,0,2,0.6681,2.7728,1,0
League One,2019/2020,2020-01-29,30,Tranmere_Rovers,Sunderland,0,1,0.384,0.8072,1,0
Championship,2019/2020,2020-01-31,30,Cardiff_City,Reading,1,1,1.8063,0.7153,1,0
Championship,2019/2020,2020-01-31,30,Derby_County,Stoke_City,4,0,1.1055,0.3179,1,0
Championship,2019/2020,2020-02-01,30,Birmingham_City,Nottingham_Forest,2,1,2.7413,2.2108,1,0
Premier League,2019/2020,2020-02-01,25,Leicester_City,Chelsea,2,2,1.4008,0.5666,1,0
Championship,2019/2020,2020-02-01,30,Leeds_United,Wigan_Athletic,0,1,1.85695,0.2729,1,0
Championship,2019/2020,2020-02-01,30,Middlesbrough,Blackburn_Rovers,1,1,1.85425,0.7495,1,0
Championship,2019/2020,2020-02-01,30,Preston_North_End,Swansea_City,1,1,0.575,1.068,1,0
Championship,2019/2020,2020-02-01,30,Queens_Park_Rangers,Bristol_City,0,1,1.2149,1.0014,1,0
Championship,2019/2020,2020-02-01,30,West_Bromwich_Albion,Luton_Town,2,0,1.2621,0.3222,1,0
League One,2019/2020,2020-02-01,31,Southend_United,Lincoln_City,2,1,2.53318,0.4291,1,0
League One,2019/2020,2020-02-01,31,Rotherham_United,Burton_Albion,3,2,1.93641,1.3704,1,0
League One,2019/2020,2020-02-01,31,Rochdale,Shrewsbury_Town,1,0,2.21863,1.36949,1,0
League One,2019/2020,2020-02-01,31,Portsmouth,Sunderland,2,0,3.74283,0.2994,1,0
League One,2019/2020,2020-02-01,31,Oxford_United,Blackpool,2,1,1.3848,0.8329,1,0
League One,2019/2020,2020-02-01,31,Milton_Keynes_Dons,Wycombe_Wanderers,2,0,1.16716,0.597,1,0
League One,2019/2020,2020-02-01,31,Ipswich_Town,Peterborough_United,1,4,1.2321,2.2595,1,0
League One,2019/2020,2020-02-01,31,Fleetwood_Town,Doncaster_Rovers,2,1,1.47022,1.3483,1,0
League One,2019/2020,2020-02-01,31,Bristol_Rovers,Coventry_City,1,2,1.0899,0.8656,1,0
League One,2019/2020,2020-02-01,31,Bolton_Wanderers,Tranmere_Rovers,2,0,1.4037,0.4058,1,0
League One,2019/2020,2020-02-01,31,Accrington_Stanley,AFC_Wimbledon,2,1,1.1213,0.6659,1,0
Championship,2019/2020,2020-02-01,30,Hull_City,Brentford,1,5,0.4645,3.09368,1,0
Championship,2019/2020,2020-02-01,30,Fulham,Huddersfield_Town,3,2,0.8828,2.0353,1,0
Championship,2019/2020,2020-02-01,30,Charlton_Athletic,Barnsley,2,1,1.1978,2.24318,1,0
Championship,2019/2020,2020-02-01,30,Sheffield_Wednesday,Millwall,0,0,0.9198,0.4877,1,0
Premier League,2019/2020,2020-02-01,25,AFC_Bournemouth,Aston_Villa,2,1,2.17234,1.7552,1,0
Premier League,2019/2020,2020-02-01,25,Crystal_Palace,Sheffield_United,0,1,0.7771,0.7447,1,0
Premier League,2019/2020,2020-02-01,25,Liverpool,Southampton,4,0,3.17213,0.7792,1,0
Premier League,2019/2020,2020-02-01,25,Newcastle_United,Norwich_City,0,0,1.0449,2.22932,1,0
Premier League,2019/2020,2020-02-01,25,Watford,Everton,2,3,0.8717,2.43117,1,0
Premier League,2019/2020,2020-02-01,25,West_Ham_United,Brighton_&_Hove_Albion,3,3,0.8211,1.90505,1,0
Premier League,2019/2020,2020-02-01,25,Manchester_United,Wolverhampton_Wanderers,0,0,1.0198,1.3039,1,0
Premier League,2019/2020,2020-02-02,25,Tottenham_Hotspur,Manchester_City,2,0,0.3145,2.85842,1,0
Premier League,2019/2020,2020-02-02,25,Burnley,Arsenal,0,0,1.962,1.2119,1,0
League One,2019/2020,2020-02-04,16,Tranmere_Rovers,Doncaster_Rovers,0,3,0.6011,3.07511,1,0
Championship,2019/2020,2020-02-07,31,Bristol_City,Birmingham_City,1,3,2.4027,1.87336,1,0
League One,2019/2020,2020-02-07,32,Lincoln_City,Rotherham_United,0,1,1.5532,0.9552,1,0
League One,2019/2020,2020-02-08,32,AFC_Wimbledon,Fleetwood_Town,1,2,1.7039,1.12396,1,0
Championship,2019/2020,2020-02-08,31,Wigan_Athletic,Preston_North_End,1,2,1.5273,1.969,1,0
Championship,2019/2020,2020-02-08,31,Barnsley,Sheffield_Wednesday,1,1,0.8536,1.26118,1,0
Championship,2019/2020,2020-02-08,31,Swansea_City,Derby_County,2,3,2.10207,0.896369,1,0
Championship,2019/2020,2020-02-08,31,Brentford,Middlesbrough,3,2,1.6737,1.5119,1,0
Championship,2019/2020,2020-02-08,31,Huddersfield_Town,Queens_Park_Rangers,2,0,2.888,0.7051,1,0
Championship,2019/2020,2020-02-08,31,Reading,Hull_City,1,1,1.3308,1.22458,1,0
Championship,2019/2020,2020-02-08,31,Stoke_City,Charlton_Athletic,3,1,2.2004,0.617,1,0
Championship,2019/2020,2020-02-08,31,Nottingham_Forest,Leeds_United,2,0,1.7707,1.7389,1,0
Championship,2019/2020,2020-02-08,31,Blackburn_Rovers,Fulham,0,1,0.185,1.2101,1,0
Championship,2019/2020,2020-02-08,31,Luton_Town,Cardiff_City,0,1,0.9577,0.7631,1,0
Premier League,2019/2020,2020-02-08,26,Everton,Crystal_Palace,3,1,2.45531,1.1243,1,0
Premier League,2019/2020,2020-02-08,26,Brighton_&_Hove_Albion,Watford,1,1,0.7744,0.232,1,0
League One,2019/2020,2020-02-08,32,Blackpool,Southend_United,2,1,2.55442,0.8101,1,0
League One,2019/2020,2020-02-08,32,Burton_Albion,Gillingham,0,0,0.387,1.152,1,0
League One,2019/2020,2020-02-08,32,Coventry_City,Bolton_Wanderers,2,1,2.3415,1.5197,1,0
League One,2019/2020,2020-02-08,32,Doncaster_Rovers,Rochdale,1,1,1.96114,0.3983,1,0
League One,2019/2020,2020-02-08,32,Peterborough_United,Oxford_United,4,0,2.65618,1.4307,1,0
League One,2019/2020,2020-02-08,32,Shrewsbury_Town,Milton_Keynes_Dons,1,1,1.33716,1.82518,1,0
League One,2019/2020,2020-02-08,32,Sunderland,Ipswich_Town,1,0,1.07386,0.8195,1,0
League One,2019/2020,2020-02-08,32,Tranmere_Rovers,Portsmouth,0,2,1.39079,0.937,1,0
League One,2019/2020,2020-02-08,32,Wycombe_Wanderers,Bristol_Rovers,3,1,1.396,1.7356,1,0
Championship,2019/2020,2020-02-09,31,Millwall,West_Bromwich_Albion,0,2,0.3249,3.3303,1,0
Premier League,2019/2020,2020-02-09,26,Sheffield_United,AFC_Bournemouth,2,1,2.01592,1.4514,1,0
Championship,2019/2020,2020-02-11,32,Swansea_City,Queens_Park_Rangers,0,0,0.4754,1.8065,1,0
Championship,2019/2020,2020-02-11,32,Wigan_Athletic,Middlesbrough,2,2,0.2812,0.4176,1,0
Championship,2019/2020,2020-02-11,32,Nottingham_Forest,Charlton_Athletic,0,1,1.6534,0.8313,1,0
League One,2019/2020,2020-02-11,33,Shrewsbury_Town,Accrington_Stanley,0,2,1.3423,0.787385,1,0
Championship,2019/2020,2020-02-11,32,Blackburn_Rovers,Hull_City,3,0,2.49243,0.5379,1,0
League One,2019/2020,2020-02-11,33,Burton_Albion,Oxford_United,2,2,1.0251,2.3635,1,0
League One,2019/2020,2020-02-11,33,Blackpool,Gillingham,2,3,1.3977,1.2906,1,0
League One,2019/2020,2020-02-11,33,AFC_Wimbledon,Ipswich_Town,0,0,0.3039,1.4763,1,0
League One,2019/2020,2020-02-11,33,Tranmere_Rovers,Bristol_Rovers,0,0,0.8408,1.6109,1,0
League One,2019/2020,2020-02-11,33,Wycombe_Wanderers,Fleetwood_Town,0,1,0.485938,2.13731,1,0
League One,2019/2020,2020-02-11,33,Lincoln_City,Milton_Keynes_Dons,1,1,1.04246,0.7711,1,0
Championship,2019/2020,2020-02-11,32,Brentford,Leeds_United,1,1,0.8389,1.2277,1,0
League One,2019/2020,2020-02-11,33,Peterborough_United,Southend_United,4,0,2.0051,0.5589,1,0
League One,2019/2020,2020-02-11,33,Coventry_City,Portsmouth,1,0,1.2688,1.5142,1,0
League One,2019/2020,2020-02-11,33,Doncaster_Rovers,Bolton_Wanderers,2,1,1.865,0.8133,1,0
League One,2019/2020,2020-02-11,33,Sunderland,Rochdale,3,0,1.04651,0.3098,1,0
Championship,2019/2020,2020-02-11,32,Barnsley,Birmingham_City,0,1,0.398113,1.2023,1,0
Championship,2019/2020,2020-02-12,32,Stoke_City,Preston_North_End,0,2,1.04113,1.1278,1,0
Championship,2019/2020,2020-02-12,32,Reading,West_Bromwich_Albion,1,2,1.2807,2.21924,1,0
Championship,2019/2020,2020-02-12,32,Millwall,Fulham,1,1,2.2507,1.0284,1,0
Championship,2019/2020,2020-02-12,32,Luton_Town,Sheffield_Wednesday,1,0,2.7312,1.2201,1,0
Championship,2019/2020,2020-02-12,32,Huddersfield_Town,Cardiff_City,0,3,0.9969,1.37551,1,0
Championship,2019/2020,2020-02-12,32,Bristol_City,Derby_County,3,2,3.4494,1.3123,1,0
Championship,2019/2020,2020-02-14,33,Hull_City,Swansea_City,4,4,1.9037,2.2984,1,0
Premier League,2019/2020,2020-02-14,26,Wolverhampton_Wanderers,Leicester_City,0,0,0.9623,0.713,1,0
League One,2019/2020,2020-02-15,34,Oxford_United,Sunderland,0,1,0.7942,1.0233,1,0
League One,2019/2020,2020-02-15,34,Portsmouth,Shrewsbury_Town,2,0,2.6214,0.6006,1,0
League One,2019/2020,2020-02-15,34,Bolton_Wanderers,Wycombe_Wanderers,0,2,0.4911,1.4631,1,0
League One,2019/2020,2020-02-15,34,Bristol_Rovers,Blackpool,2,1,1.63717,1.4592,1,0
League One,2019/2020,2020-02-15,34,Fleetwood_Town,Peterborough_United,2,1,0.5955,1.014,1,0
League One,2019/2020,2020-02-15,34,Rotherham_United,AFC_Wimbledon,2,2,1.89809,1.0546,1,0
League One,2019/2020,2020-02-15,34,Accrington_Stanley,Lincoln_City,4,3,2.2361,1.3936,1,0
League One,2019/2020,2020-02-15,34,Southend_United,Coventry_City,0,2,0.4671,1.0021,1,0
Championship,2019/2020,2020-02-15,33,Leeds_United,Bristol_City,1,0,2.88285,0.1562,1,0
League One,2019/2020,2020-02-15,34,Gillingham,Doncaster_Rovers,2,1,1.7325,1.3139,1,0
Premier League,2019/2020,2020-02-15,26,Southampton,Burnley,1,2,0.7623,0.8118,1,0
Premier League,2019/2020,2020-02-15,26,Norwich_City,Liverpool,0,1,0.349,2.05889,1,0
Championship,2019/2020,2020-02-15,33,West_Bromwich_Albion,Nottingham_Forest,2,2,1.8448,0.6632,1,0
Championship,2019/2020,2020-02-15,33,Birmingham_City,Brentford,1,1,1.6046,1.0639,1,0
Championship,2019/2020,2020-02-15,33,Cardiff_City,Wigan_Athletic,2,2,1.77555,1.5538,1,0
Championship,2019/2020,2020-02-15,33,Charlton_Athletic,Blackburn_Rovers,0,2,0.7116,0.8716,1,0
Championship,2019/2020,2020-02-15,33,Derby_County,Huddersfield_Town,1,1,0.607136,1.1192,1,0
Championship,2019/2020,2020-02-15,33,Fulham,Barnsley,0,3,1.43488,2.2291,1,0
Championship,2019/2020,2020-02-15,33,Middlesbrough,Luton_Town,0,1,0.4888,0.7384,1,0
Championship,2019/2020,2020-02-15,33,Preston_North_End,Millwall,0,1,1.19079,2.9306,1,0
Championship,2019/2020,2020-02-15,33,Queens_Park_Rangers,Stoke_City,4,2,3.93487,1.2559,1,0
Championship,2019/2020,2020-02-15,33,Sheffield_Wednesday,Reading,0,3,0.482881,1.974,1,0
League One,2019/2020,2020-02-15,34,Ipswich_Town,Burton_Albion,4,1,2.7525,0.5461,1,0
Premier League,2019/2020,2020-02-16,26,Aston_Villa,Tottenham_Hotspur,2,3,1.8674,3.41656,1,0
Premier League,2019/2020,2020-02-16,26,Arsenal,Newcastle_United,4,0,2.6025,0.8604,1,0
Premier League,2019/2020,2020-02-17,26,Chelsea,Manchester_United,0,2,0.9427,0.6312,1,0
League One,2019/2020,2020-02-18,29,Oxford_United,AFC_Wimbledon,5,0,4.6094,0.3912,1,0
League One,2019/2020,2020-02-18,26,Southend_United,Gillingham,0,1,0.3067,1.1706,1,0
Premier League,2019/2020,2020-02-19,26,Manchester_City,West_Ham_United,2,0,2.1343,0.1025,1,0
Championship,2019/2020,2020-02-21,34,Derby_County,Fulham,1,1,1.89027,1.5219,1,0
Premier League,2019/2020,2020-02-22,27,Leicester_City,Manchester_City,0,1,0.8462,2.5174,1,0
Premier League,2019/2020,2020-02-22,27,Southampton,Aston_Villa,2,0,2.6457,0.4613,1,0
Premier League,2019/2020,2020-02-22,27,Sheffield_United,Brighton_&_Hove_Albion,1,1,1.61844,1.203,1,0
Premier League,2019/2020,2020-02-22,27,Crystal_Palace,Newcastle_United,1,0,1.5665,0.2442,1,0
League One,2019/2020,2020-02-22,35,Fleetwood_Town,Portsmouth,1,0,1.1209,0.3886,1,0
Premier League,2019/2020,2020-02-22,27,Chelsea,Tottenham_Hotspur,2,1,1.75768,0.2379,1,0
League One,2019/2020,2020-02-22,35,Wycombe_Wanderers,Tranmere_Rovers,3,1,3.13283,0.3093,1,0
Championship,2019/2020,2020-02-22,34,Wigan_Athletic,Millwall,1,0,0.8498,1.4959,1,0
Championship,2019/2020,2020-02-22,34,Swansea_City,Huddersfield_Town,3,1,2.69577,1.3532,1,0
Premier League,2019/2020,2020-02-22,27,Burnley,AFC_Bournemouth,3,0,3.153,1.7731,1,0
League One,2019/2020,2020-02-22,35,Ipswich_Town,Oxford_United,0,1,1.5726,1.4572,1,0
League One,2019/2020,2020-02-22,35,Sunderland,Bristol_Rovers,3,0,3.2124,0.3352,1,0
Championship,2019/2020,2020-02-22,34,Stoke_City,Cardiff_City,2,0,1.32115,0.5152,1,0
League One,2019/2020,2020-02-22,35,Accrington_Stanley,Rotherham_United,1,2,1.3695,3.3276,1,0
League One,2019/2020,2020-02-22,35,AFC_Wimbledon,Blackpool,0,0,1.0542,1.32707,1,0
Championship,2019/2020,2020-02-22,34,Nottingham_Forest,Queens_Park_Rangers,0,0,0.8141,0.2365,1,0
Championship,2019/2020,2020-02-22,34,Leeds_United,Reading,1,0,1.7618,1.04104,1,0
Championship,2019/2020,2020-02-22,34,Preston_North_End,Hull_City,2,1,2.65945,0.9288,1,0
League One,2019/2020,2020-02-22,35,Shrewsbury_Town,Doncaster_Rovers,1,0,1.5082,1.0901,1,0
Championship,2019/2020,2020-02-22,34,Charlton_Athletic,Luton_Town,3,1,2.8418,0.3863,1,0
Championship,2019/2020,2020-02-22,34,Bristol_City,West_Bromwich_Albion,0,3,1.3696,1.90329,1,0
Championship,2019/2020,2020-02-22,34,Birmingham_City,Sheffield_Wednesday,3,3,0.9357,1.7588,1,0
Championship,2019/2020,2020-02-22,34,Barnsley,Middlesbrough,1,0,1.36253,0.3438,1,0
Championship,2019/2020,2020-02-22,34,Brentford,Blackburn_Rovers,2,2,2.24799,1.914,1,0
League One,2019/2020,2020-02-22,35,Lincoln_City,Gillingham,0,0,0.9206,0.718448,1,0
League One,2019/2020,2020-02-22,35,Milton_Keynes_Dons,Bolton_Wanderers,1,0,1.0868,0.2172,1,0
League One,2019/2020,2020-02-22,35,Rochdale,Coventry_City,1,2,0.6861,1.5048,1,0
League One,2019/2020,2020-02-22,35,Southend_United,Burton_Albion,2,3,1.95042,1.9094,1,0
Premier League,2019/2020,2020-02-23,27,Wolverhampton_Wanderers,Norwich_City,3,0,2.98718,0.3795,1,0
Premier League,2019/2020,2020-02-23,27,Arsenal,Everton,3,2,1.301,2.8095,1,0
Premier League,2019/2020,2020-02-23,27,Manchester_United,Watford,3,0,2.4339,0.3343,1,0
Premier League,2019/2020,2020-02-24,27,Liverpool,West_Ham_United,3,2,2.47102,0.7022,1,0
League One,2019/2020,2020-02-25,29,Portsmouth,Milton_Keynes_Dons,3,1,2.7926,1.87313,1,0
League One,2019/2020,2020-02-25,26,Shrewsbury_Town,Tranmere_Rovers,2,3,0.9771,1.83148,1,0
League One,2019/2020,2020-02-25,26,Oxford_United,Accrington_Stanley,3,0,2.8747,1.52336,1,0
League One,2019/2020,2020-02-25,26,Coventry_City,Rotherham_United,1,1,0.477,1.13017,1,0
League One,2019/2020,2020-02-25,26,Blackpool,Bolton_Wanderers,2,1,1.3959,1.1844,1,0
League One,2019/2020,2020-02-25,13,Sunderland,Fleetwood_Town,1,1,0.8067,1.04383,1,0
Championship,2019/2020,2020-02-25,35,Cardiff_City,Nottingham_Forest,0,1,0.8586,1.1496,1,0
Championship,2019/2020,2020-02-25,35,Huddersfield_Town,Bristol_City,2,1,3.41379,1.55602,1,0
Championship,2019/2020,2020-02-25,35,Luton_Town,Brentford,2,1,0.8885,1.474,1,0
Championship,2019/2020,2020-02-25,35,Queens_Park_Rangers,Derby_County,2,1,0.7752,0.9512,1,0
Championship,2019/2020,2020-02-25,35,West_Bromwich_Albion,Preston_North_End,2,0,2.19789,0.222,1,0
Championship,2019/2020,2020-02-26,35,Hull_City,Barnsley,0,1,1.0626,2.148,1,0
Championship,2019/2020,2020-02-26,35,Millwall,Birmingham_City,0,0,0.8161,0.5885,1,0
Championship,2019/2020,2020-02-26,35,Fulham,Swansea_City,1,0,1.67818,0.8419,1,0
Championship,2019/2020,2020-02-26,35,Reading,Wigan_Athletic,0,3,1.2645,1.1404,1,0
Championship,2019/2020,2020-02-26,35,Blackburn_Rovers,Stoke_City,0,0,1.6427,0.4294,1,0
Championship,2019/2020,2020-02-26,35,Sheffield_Wednesday,Charlton_Athletic,1,0,2.6355,0.9189,1,0
Championship,2019/2020,2020-02-26,35,Middlesbrough,Leeds_United,0,1,0.6152,2.0773,1,0
League One,2019/2020,2020-02-28,36,Portsmouth,Rochdale,3,0,2.49785,0.7463,1,0
Premier League,2019/2020,2020-02-28,28,Norwich_City,Leicester_City,1,0,0.6253,1.2711,1,0
Championship,2019/2020,2020-02-29,36,Millwall,Bristol_City,1,1,2.3976,0.2227,1,0
League One,2019/2020,2020-02-29,36,Bolton_Wanderers,Accrington_Stanley,0,0,1.1444,0.9902,1,0
League One,2019/2020,2020-02-29,36,Bristol_Rovers,Shrewsbury_Town,0,1,0.1827,0.667078,1,0
Championship,2019/2020,2020-02-29,36,Luton_Town,Stoke_City,1,1,1.382,1.2385,1,0
League One,2019/2020,2020-02-29,36,Doncaster_Rovers,Wycombe_Wanderers,3,1,2.1966,0.6567,1,0
League One,2019/2020,2020-02-29,36,Gillingham,AFC_Wimbledon,1,2,1.4648,2.54464,1,0
League One,2019/2020,2020-02-29,36,Oxford_United,Southend_United,2,1,1.7718,1.3231,1,0
League One,2019/2020,2020-02-29,36,Rotherham_United,Milton_Keynes_Dons,1,1,1.7396,0.565,1,0
Championship,2019/2020,2020-02-29,36,Queens_Park_Rangers,Birmingham_City,2,2,2.19146,2.1123,1,0
Championship,2019/2020,2020-02-29,36,Reading,Barnsley,2,0,0.8103,2.11756,1,0
League One,2019/2020,2020-02-29,36,Burton_Albion,Peterborough_United,1,1,0.5759,0.352,1,0
Premier League,2019/2020,2020-02-29,28,Brighton_&_Hove_Albion,Crystal_Palace,0,1,2.167,2.5011,1,0
League One,2019/2020,2020-02-29,36,Blackpool,Ipswich_Town,2,1,1.45785,2.32075,1,0
Premier League,2019/2020,2020-02-29,28,Newcastle_United,Burnley,0,0,1.0798,0.7093,1,0
Championship,2019/2020,2020-02-29,36,Huddersfield_Town,Charlton_Athletic,4,0,2.72172,0.8946,1,0
Championship,2019/2020,2020-02-29,36,Fulham,Preston_North_End,2,0,1.2164,1.0351,1,0
Premier League,2019/2020,2020-02-29,28,AFC_Bournemouth,Chelsea,2,2,1.3667,1.92173,1,0
Championship,2019/2020,2020-02-29,36,Cardiff_City,Brentford,2,2,1.2609,1.0523,1,0
Championship,2019/2020,2020-02-29,36,Blackburn_Rovers,Swansea_City,2,2,2.1561,1.3604,1,0
Championship,2019/2020,2020-02-29,36,Hull_City,Leeds_United,0,4,0.4008,1.4221,1,0
Championship,2019/2020,2020-02-29,36,Sheffield_Wednesday,Derby_County,1,3,1.1331,0.8889,1,0
Championship,2019/2020,2020-02-29,36,West_Bromwich_Albion,Wigan_Athletic,0,1,0.3958,1.82575,1,0
Premier League,2019/2020,2020-02-29,28,West_Ham_United,Southampton,3,1,2.3268,0.7148,1,0
Premier League,2019/2020,2020-02-29,28,Watford,Liverpool,3,0,2.34462,0.286,1,0
Premier League,2019/2020,2020-03-01,28,Tottenham_Hotspur,Wolverhampton_Wanderers,2,3,1.70497,2.56187,1,0
League One,2019/2020,2020-03-01,36,Coventry_City,Sunderland,1,0,0.9033,0.8519,1,0
Premier League,2019/2020,2020-03-01,28,Everton,Manchester_United,1,1,2.08605,1.12784,1,0
Championship,2019/2020,2020-03-02,36,Middlesbrough,Nottingham_Forest,2,2,1.7377,1.9847,1,0
League One,2019/2020,2020-03-03,26,Ipswich_Town,Fleetwood_Town,0,1,0.2557,0.4312,1,0
Championship,2019/2020,2020-03-06,37,Nottingham_Forest,Millwall,0,3,1.0782,1.454,1,0
Championship,2019/2020,2020-03-07,37,Bristol_City,Fulham,1,1,1.77683,1.5643,1,0
Championship,2019/2020,2020-03-07,37,Barnsley,Cardiff_City,0,2,0.334,1.70553,1,0
Championship,2019/2020,2020-03-07,37,Brentford,Sheffield_Wednesday,5,0,1.8357,0.6652,1,0
Championship,2019/2020,2020-03-07,37,Wigan_Athletic,Luton_Town,0,0,0.5548,0.5427,1,0
Championship,2019/2020,2020-03-07,37,Charlton_Athletic,Middlesbrough,0,1,1.3021,1.2787,1,0
Championship,2019/2020,2020-03-07,37,Leeds_United,Huddersfield_Town,2,0,1.88273,0.335,1,0
Championship,2019/2020,2020-03-07,37,Preston_North_End,Queens_Park_Rangers,1,3,1.80127,0.8651,1,0
Championship,2019/2020,2020-03-07,37,Swansea_City,West_Bromwich_Albion,0,0,0.903411,0.6457,1,0
Championship,2019/2020,2020-03-07,37,Birmingham_City,Reading,1,3,2.0601,0.966953,1,0
Championship,2019/2020,2020-03-07,37,Stoke_City,Hull_City,5,1,2.6929,0.8004,1,0
Premier League,2019/2020,2020-03-07,29,Liverpool,AFC_Bournemouth,2,1,1.8035,1.3877,1,0
Premier League,2019/2020,2020-03-07,29,Crystal_Palace,Watford,1,0,0.822,0.569,1,0
League One,2019/2020,2020-03-07,37,AFC_Wimbledon,Bolton_Wanderers,0,0,0.801,0.4492,1,0
League One,2019/2020,2020-03-07,37,Accrington_Stanley,Tranmere_Rovers,1,2,1.037,1.2063,1,0
League One,2019/2020,2020-03-07,37,Fleetwood_Town,Blackpool,0,0,0.4962,0.5934,1,0
Premier League,2019/2020,2020-03-07,29,Arsenal,West_Ham_United,1,0,1.2697,1.4974,1,0
League One,2019/2020,2020-03-07,37,Lincoln_City,Burton_Albion,3,2,1.828,2.9483,1,0
League One,2019/2020,2020-03-07,37,Milton_Keynes_Dons,Doncaster_Rovers,0,1,1.499,1.8258,1,0
League One,2019/2020,2020-03-07,37,Peterborough_United,Portsmouth,2,0,1.4867,0.8088,1,0
League One,2019/2020,2020-03-07,37,Rochdale,Rotherham_United,3,1,1.7652,1.9804,1,0
League One,2019/2020,2020-03-07,37,Shrewsbury_Town,Oxford_United,2,3,0.696446,2.1188,1,0
League One,2019/2020,2020-03-07,37,Southend_United,Bristol_Rovers,3,1,1.878,1.4505,1,0
League One,2019/2020,2020-03-07,37,Sunderland,Gillingham,2,2,1.9346,0.8358,1,0
League One,2019/2020,2020-03-07,37,Ipswich_Town,Coventry_City,0,1,0.6826,0.7675,1,0
Premier League,2019/2020,2020-03-07,29,Sheffield_United,Norwich_City,1,0,0.9793,1.56534,1,0
Premier League,2019/2020,2020-03-07,29,Burnley,Tottenham_Hotspur,1,1,3.15362,1.2049,1,0
Premier League,2019/2020,2020-03-07,29,Wolverhampton_Wanderers,Brighton_&_Hove_Albion,0,0,0.7946,0.2842,1,0
Premier League,2019/2020,2020-03-07,29,Southampton,Newcastle_United,0,1,0.5993,2.78634,1,0
Premier League,2019/2020,2020-03-08,29,Manchester_United,Manchester_City,2,0,1.6192,0.6187,1,0
Premier League,2019/2020,2020-03-08,29,Chelsea,Everton,4,0,1.8452,0.4978,1,0
Championship,2019/2020,2020-03-08,37,Derby_County,Blackburn_Rovers,3,0,2.783,0.5605,1,0
Premier League,2019/2020,2020-03-09,29,Leicester_City,Aston_Villa,4,0,2.12338,0.4718,1,0
League One,2019/2020,2020-03-10,18,Bristol_Rovers,Sunderland,2,0,2.147,0.5009,1,0
League One,2019/2020,2020-03-10,13,Burton_Albion,Bolton_Wanderers,2,2,1.5212,2.3648,1,0
League One,2019/2020,2020-03-10,18,Portsmouth,Fleetwood_Town,2,2,0.6504,2.04661,1,0
League One,2019/2020,2020-03-10,29,Blackpool,Tranmere_Rovers,1,2,0.6891,0.7189,1,0
Premier League,2019/2020,2020-06-17,28,Aston_Villa,Sheffield_United,0,0,1.4331,0.3287,0,0
Premier League,2019/2020,2020-06-17,28,Manchester_City,Arsenal,3,0,2.84145,0.2598,0,0
Premier League,2019/2020,2020-06-19,30,Norwich_City,Southampton,0,3,0.6115,1.7465,0,0
Premier League,2019/2020,2020-06-19,30,Tottenham_Hotspur,Manchester_United,1,1,0.3937,1.7145,0,0
Premier League,2019/2020,2020-06-20,30,Watford,Leicester_City,1,1,1.2635,0.9668,0,0
Championship,2019/2020,2020-06-20,38,Millwall,Derby_County,2,3,1.7549,1.3757,0,0
Championship,2019/2020,2020-06-20,38,Blackburn_Rovers,Bristol_City,3,1,0.6042,0.5452,0,0
Championship,2019/2020,2020-06-20,38,Huddersfield_Town,Wigan_Athletic,0,2,0.4928,1.2228,0,0
Championship,2019/2020,2020-06-20,38,Hull_City,Charlton_Athletic,0,1,0.8102,2.3874,0,0
Championship,2019/2020,2020-06-20,38,Luton_Town,Preston_North_End,1,1,0.2327,1.199,0,0
Championship,2019/2020,2020-06-20,38,Queens_Park_Rangers,Barnsley,0,1,1.1867,1.0391,0,0
Championship,2019/2020,2020-06-20,38,Reading,Stoke_City,1,1,0.4715,1.1742,0,0
Championship,2019/2020,2020-06-20,38,Sheffield_Wednesday,Nottingham_Forest,1,1,1.88621,0.5216,0,0
Championship,2019/2020,2020-06-20,38,West_Bromwich_Albion,Birmingham_City,0,0,1.6753,0.3769,0,0
Championship,2019/2020,2020-06-20,38,Fulham,Brentford,0,2,0.6082,1.4217,0,0
Premier League,2019/2020,2020-06-20,30,Brighton_&_Hove_Albion,Arsenal,2,1,1.0412,0.8247,0,0
Championship,2019/2020,2020-06-20,38,Middlesbrough,Swansea_City,0,3,1.0408,3.83294,0,0
Premier League,2019/2020,2020-06-20,30,West_Ham_United,Wolverhampton_Wanderers,0,2,0.5262,1.0209,0,0
Premier League,2019/2020,2020-06-20,30,AFC_Bournemouth,Crystal_Palace,0,2,0.5,0.7614,0,0
Premier League,2019/2020,2020-06-21,30,Newcastle_United,Sheffield_United,3,0,2.0372,0.6395,0,0
Premier League,2019/2020,2020-06-21,30,Everton,Liverpool,0,0,0.932399,0.7325,0,0
Premier League,2019/2020,2020-06-21,30,Aston_Villa,Chelsea,1,2,1.03628,1.0615,0,0
Championship,2019/2020,2020-06-21,38,Cardiff_City,Leeds_United,2,0,0.2832,2.0706,0,0
Premier League,2019/2020,2020-06-22,30,Manchester_City,Burnley,5,0,2.4282,0.0394,0,0
Premier League,2019/2020,2020-06-23,31,Tottenham_Hotspur,West_Ham_United,2,0,2.2937,1.23631,0,0
Premier League,2019/2020,2020-06-23,31,Leicester_City,Brighton_&_Hove_Albion,0,0,0.6345,1.1009,0,0
Premier League,2019/2020,2020-06-24,31,Wolverhampton_Wanderers,AFC_Bournemouth,1,0,1.6639,0.1091,0,0
Premier League,2019/2020,2020-06-24,31,Norwich_City,Everton,0,1,0.4205,0.776,0,0
Premier League,2019/2020,2020-06-24,31,Newcastle_United,Aston_Villa,1,1,0.8591,1.6379,0,0
Premier League,2019/2020,2020-06-24,31,Manchester_United,Sheffield_United,3,0,2.3922,0.1272,0,0
Premier League,2019/2020,2020-06-24,31,Liverpool,Crystal_Palace,4,0,2.44758,0.0845,0,0
Premier League,2019/2020,2020-06-25,31,Burnley,Watford,1,0,0.938469,0.711724,0,0
Premier League,2019/2020,2020-06-25,31,Southampton,Arsenal,0,2,0.9324,1.95548,0,0
Premier League,2019/2020,2020-06-25,31,Chelsea,Manchester_City,2,1,4.40138,0.8121,0,0
Championship,2019/2020,2020-06-26,39,Brentford,West_Bromwich_Albion,1,0,1.3895,0.5259,0,0
Championship,2019/2020,2020-06-27,39,Charlton_Athletic,Queens_Park_Rangers,1,0,0.6731,0.7447,0,0
Championship,2019/2020,2020-06-27,39,Preston_North_End,Cardiff_City,1,3,1.3827,1.3252,0,0
Championship,2019/2020,2020-06-27,39,Barnsley,Millwall,0,0,0.51,0.6686,0,0
Championship,2019/2020,2020-06-27,39,Derby_County,Reading,2,1,1.4857,0.980907,0,0
Championship,2019/2020,2020-06-27,39,Birmingham_City,Hull_City,3,3,1.4179,1.3691,0,0
Championship,2019/2020,2020-06-27,39,Leeds_United,Fulham,3,0,0.8721,0.5849,0,0
Championship,2019/2020,2020-06-27,39,Stoke_City,Middlesbrough,0,2,2.1223,0.7148,0,0
Championship,2019/2020,2020-06-27,39,Wigan_Athletic,Blackburn_Rovers,2,0,1.7899,0.9012,0,0
Premier League,2019/2020,2020-06-27,32,Aston_Villa,Wolverhampton_Wanderers,0,1,0.6359,0.7246,0,0
Championship,2019/2020,2020-06-27,39,Swansea_City,Luton_Town,0,1,0.909175,1.1178,0,0
Championship,2019/2020,2020-06-28,39,Bristol_City,Sheffield_Wednesday,1,2,0.999856,1.2314,0,0
Championship,2019/2020,2020-06-28,39,Nottingham_Forest,Huddersfield_Town,3,1,2.7314,1.6847,0,0
Premier League,2019/2020,2020-06-28,32,Watford,Southampton,1,3,0.4774,1.3022,0,0
Premier League,2019/2020,2020-06-29,32,Crystal_Palace,Burnley,0,1,0.906442,0.3597,0,0
Championship,2019/2020,2020-06-30,40,Leeds_United,Luton_Town,1,1,2.11936,0.2236,0,0
Championship,2019/2020,2020-06-30,40,Millwall,Swansea_City,1,1,1.6978,0.9375,0,0
Championship,2019/2020,2020-06-30,40,Barnsley,Blackburn_Rovers,2,0,1.3351,0.9935,0,0
Championship,2019/2020,2020-06-30,40,Cardiff_City,Charlton_Athletic,0,0,1.1451,0.3546,0,0
Championship,2019/2020,2020-06-30,40,Reading,Brentford,0,3,0.167,2.2971,0,0
Championship,2019/2020,2020-06-30,40,Queens_Park_Rangers,Fulham,1,2,0.861107,0.5721,0,0
Championship,2019/2020,2020-06-30,40,Wigan_Athletic,Stoke_City,3,0,2.4208,0.7928,0,0
Premier League,2019/2020,2020-06-30,32,Brighton_&_Hove_Albion,Manchester_United,0,3,0.3899,0.980808,0,0
Premier League,2019/2020,2020-07-01,32,West_Ham_United,Chelsea,3,2,2.2215,1.6122,0,0
Championship,2019/2020,2020-07-01,40,Preston_North_End,Derby_County,0,1,0.6186,0.4904,0,0
Championship,2019/2020,2020-07-01,40,Nottingham_Forest,Bristol_City,1,0,0.6092,1.0332,0,0
Championship,2019/2020,2020-07-01,40,Sheffield_Wednesday,West_Bromwich_Albion,0,3,1.0215,1.5983,0,0
Championship,2019/2020,2020-07-01,40,Birmingham_City,Huddersfield_Town,0,3,0.8065,3.3215,0,0
Premier League,2019/2020,2020-07-01,32,AFC_Bournemouth,Newcastle_United,1,4,1.7041,1.84498,0,0
Premier League,2019/2020,2020-07-01,32,Arsenal,Norwich_City,4,0,1.5016,0.2518,0,0
Premier League,2019/2020,2020-07-01,32,Everton,Leicester_City,2,1,1.2016,1.8421,0,0
Premier League,2019/2020,2020-07-02,32,Manchester_City,Liverpool,4,0,2.4286,1.04366,0,0
Championship,2019/2020,2020-07-02,40,Hull_City,Middlesbrough,2,1,0.7642,1.6309,0,0
Premier League,2019/2020,2020-07-02,32,Sheffield_United,Tottenham_Hotspur,3,1,1.6134,1.0913,0,0
Championship,2019/2020,2020-07-03,41,Charlton_Athletic,Millwall,0,1,1.0694,1.87948,0,0
Championship,2019/2020,2020-07-04,41,Stoke_City,Barnsley,4,0,1.69012,0.2408,0,0
Championship,2019/2020,2020-07-04,41,Luton_Town,Reading,0,5,0.7284,2.9319,0,0
Championship,2019/2020,2020-07-04,41,Huddersfield_Town,Preston_North_End,0,0,0.0631,0.445,0,0
Championship,2019/2020,2020-07-04,41,Fulham,Birmingham_City,1,0,1.40793,0.2771,0,0
Championship,2019/2020,2020-07-04,41,Blackburn_Rovers,Leeds_United,1,3,0.4946,1.0996,0,0
Championship,2019/2020,2020-07-04,41,Brentford,Wigan_Athletic,3,0,1.84715,0.1673,0,0
Premier League,2019/2020,2020-07-04,33,Chelsea,Watford,3,0,2.5201,0.6167,0,0
Championship,2019/2020,2020-07-04,41,Derby_County,Nottingham_Forest,1,1,1.51412,0.4606,0,0
Championship,2019/2020,2020-07-04,41,Bristol_City,Cardiff_City,0,1,0.8279,1.0747,0,0
Premier League,2019/2020,2020-07-04,33,Manchester_United,AFC_Bournemouth,5,2,2.5025,1.835,0,0
Premier League,2019/2020,2020-07-04,33,Wolverhampton_Wanderers,Arsenal,0,2,1.1739,1.3025,0,0
Premier League,2019/2020,2020-07-04,33,Norwich_City,Brighton_&_Hove_Albion,0,1,0.5993,1.0275,0,0
Premier League,2019/2020,2020-07-04,33,Leicester_City,Crystal_Palace,3,0,2.8489,0.7724,0,0
Championship,2019/2020,2020-07-05,41,Swansea_City,Sheffield_Wednesday,2,1,1.7736,1.8639,0,0
Championship,2019/2020,2020-07-05,41,Middlesbrough,Queens_Park_Rangers,0,1,0.9348,0.7064,0,0
Premier League,2019/2020,2020-07-05,33,Burnley,Sheffield_United,1,1,1.30815,1.1284,0,0
Premier League,2019/2020,2020-07-05,33,Newcastle_United,West_Ham_United,2,2,1.3985,2.07093,0,0
Premier League,2019/2020,2020-07-05,33,Liverpool,Aston_Villa,2,0,0.7244,0.6589,0,0
Championship,2019/2020,2020-07-05,41,West_Bromwich_Albion,Hull_City,4,2,2.22327,1.8644,0,0
Premier League,2019/2020,2020-07-05,33,Southampton,Manchester_City,1,0,0.6246,3.2479,0,0
Premier League,2019/2020,2020-07-06,33,Tottenham_Hotspur,Everton,1,0,0.4964,0.482,0,0
Premier League,2019/2020,2020-07-07,34,Arsenal,Leicester_City,1,1,1.0977,0.9456,0,0
Championship,2019/2020,2020-07-07,42,Nottingham_Forest,Fulham,0,1,0.4034,0.3443,0,0
Championship,2019/2020,2020-07-07,42,Brentford,Charlton_Athletic,2,1,1.6832,0.871,0,0
Championship,2019/2020,2020-07-07,42,Luton_Town,Barnsley,1,1,1.27428,1.8983,0,0
Championship,2019/2020,2020-07-07,42,Cardiff_City,Blackburn_Rovers,2,3,1.1956,2.16437,0,0
Championship,2019/2020,2020-07-07,42,Reading,Huddersfield_Town,0,0,0.7052,0.5961,0,0
Premier League,2019/2020,2020-07-07,34,Watford,Norwich_City,2,1,1.1617,1.2848,0,0
Premier League,2019/2020,2020-07-07,34,Crystal_Palace,Chelsea,2,3,1.54726,1.9319,0,0
Championship,2019/2020,2020-07-08,42,West_Bromwich_Albion,Derby_County,2,0,1.9525,0.1725,0,0
Championship,2019/2020,2020-07-08,42,Bristol_City,Hull_City,2,1,1.2677,1.2607,0,0
Premier League,2019/2020,2020-07-08,34,West_Ham_United,Burnley,0,1,1.6011,0.8771,0,0
Championship,2019/2020,2020-07-08,42,Wigan_Athletic,Queens_Park_Rangers,1,0,1.6544,0.4973,0,0
Championship,2019/2020,2020-07-08,42,Sheffield_Wednesday,Preston_North_End,1,3,1.4457,1.2512,0,0
Championship,2019/2020,2020-07-08,42,Millwall,Middlesbrough,0,2,0.5585,1.7202,0,0
Championship,2019/2020,2020-07-08,42,Birmingham_City,Swansea_City,1,3,1.65439,1.1495,0,0
Premier League,2019/2020,2020-07-08,34,Sheffield_United,Wolverhampton_Wanderers,1,0,0.532,0.3791,0,0
Premier League,2019/2020,2020-07-08,34,Manchester_City,Newcastle_United,5,0,2.8124,0.2701,0,0
Premier League,2019/2020,2020-07-08,34,Brighton_&_Hove_Albion,Liverpool,1,3,2.3674,2.4957,0,0
Premier League,2019/2020,2020-07-09,34,AFC_Bournemouth,Tottenham_Hotspur,0,0,1.4568,0.5306,0,0
Premier League,2019/2020,2020-07-09,34,Everton,Southampton,1,1,1.078,2.4586,0,0
Premier League,2019/2020,2020-07-09,34,Aston_Villa,Manchester_United,0,3,0.5156,2.3752,0,0
Championship,2019/2020,2020-07-09,42,Leeds_United,Stoke_City,5,0,3.7408,0.228,0,0
Championship,2019/2020,2020-07-10,43,Huddersfield_Town,Luton_Town,0,2,0.6425,0.5515,0,0
Championship,2019/2020,2020-07-10,43,Fulham,Cardiff_City,2,0,2.9441,1.0402,0,0
Championship,2019/2020,2020-07-11,43,Blackburn_Rovers,West_Bromwich_Albion,1,1,2.2183,2.41426,0,0
Championship,2019/2020,2020-07-11,43,Barnsley,Wigan_Athletic,0,0,1.2299,0.563,0,0
Championship,2019/2020,2020-07-11,43,Derby_County,Brentford,1,3,0.9229,1.52188,0,0
Championship,2019/2020,2020-07-11,43,Charlton_Athletic,Reading,0,1,1.9688,1.2164,0,0
Championship,2019/2020,2020-07-11,43,Middlesbrough,Bristol_City,1,3,1.47757,2.0847,0,0
Championship,2019/2020,2020-07-11,43,Preston_North_End,Nottingham_Forest,1,1,1.4667,1.2062,0,0
Premier League,2019/2020,2020-07-11,35,Brighton_&_Hove_Albion,Manchester_City,0,5,0.1503,4.64352,0,0
Premier League,2019/2020,2020-07-11,35,Sheffield_United,Chelsea,3,0,2.33929,1.2004,0,0
Premier League,2019/2020,2020-07-11,35,Liverpool,Burnley,1,1,1.7154,0.3602,0,0
Premier League,2019/2020,2020-07-11,35,Watford,Newcastle_United,2,1,3.6195,1.3082,0,0
Premier League,2019/2020,2020-07-11,35,Norwich_City,West_Ham_United,0,4,0.646,3.66457,0,0
Championship,2019/2020,2020-07-11,43,Queens_Park_Rangers,Sheffield_Wednesday,0,3,0.4548,2.07682,0,0
Championship,2019/2020,2020-07-11,43,Hull_City,Millwall,0,1,1.2568,0.9783,0,0
Championship,2019/2020,2020-07-12,43,Stoke_City,Birmingham_City,2,0,1.3602,0.8215,0,0
Championship,2019/2020,2020-07-12,43,Swansea_City,Leeds_United,0,1,0.2695,1.1408,0,0
Premier League,2019/2020,2020-07-12,35,AFC_Bournemouth,Leicester_City,4,1,2.4953,1.545,0,0
Premier League,2019/2020,2020-07-12,35,Wolverhampton_Wanderers,Everton,3,0,2.6185,0.2803,0,0
Premier League,2019/2020,2020-07-12,35,Aston_Villa,Crystal_Palace,2,0,1.749,1.20887,0,0
Premier League,2019/2020,2020-07-12,35,Tottenham_Hotspur,Arsenal,2,1,2.0588,0.6439,0,0
Premier League,2019/2020,2020-07-13,35,Manchester_United,Southampton,2,2,1.5239,1.6711,0,0
Championship,2019/2020,2020-07-14,44,Sheffield_Wednesday,Huddersfield_Town,0,0,0.5359,1.742,0,0
Championship,2019/2020,2020-07-14,44,Millwall,Blackburn_Rovers,1,0,1.2479,0.6679,0,0
Championship,2019/2020,2020-07-14,44,Luton_Town,Queens_Park_Rangers,1,1,1.9194,0.9286,0,0
Championship,2019/2020,2020-07-14,44,Cardiff_City,Derby_County,2,1,2.3316,0.8135,0,0
Championship,2019/2020,2020-07-14,44,Wigan_Athletic,Hull_City,8,0,2.0294,0.762,0,0
Championship,2019/2020,2020-07-14,44,Reading,Middlesbrough,1,2,1.4005,1.3951,0,0
Premier League,2019/2020,2020-07-14,36,Chelsea,Norwich_City,1,0,2.5258,0.0682,0,0
Championship,2019/2020,2020-07-14,44,West_Bromwich_Albion,Fulham,0,0,1.2359,0.5716,0,0
Premier League,2019/2020,2020-07-15,36,Arsenal,Liverpool,2,1,0.8222,2.1321,0,0
Premier League,2019/2020,2020-07-15,36,Newcastle_United,Tottenham_Hotspur,1,3,1.1212,1.53475,0,0
Premier League,2019/2020,2020-07-15,36,Manchester_City,AFC_Bournemouth,2,1,0.6534,1.6274,0,0
Championship,2019/2020,2020-07-15,44,Brentford,Preston_North_End,1,0,0.8146,0.5875,0,0
Championship,2019/2020,2020-07-15,44,Bristol_City,Stoke_City,1,1,0.3848,1.224,0,0
Championship,2019/2020,2020-07-15,44,Birmingham_City,Charlton_Athletic,1,1,2.5401,1.8628,0,0
Championship,2019/2020,2020-07-15,44,Nottingham_Forest,Swansea_City,2,2,0.4079,1.2414,0,0
Premier League,2019/2020,2020-07-15,36,Burnley,Wolverhampton_Wanderers,1,1,1.8899,1.2489,0,0
Premier League,2019/2020,2020-07-16,36,Crystal_Palace,Manchester_United,0,2,0.5863,2.1756,0,0
Premier League,2019/2020,2020-07-16,36,Leicester_City,Sheffield_United,2,0,2.60381,0.7492,0,0
Premier League,2019/2020,2020-07-16,36,Everton,Aston_Villa,1,1,0.9308,1.3057,0,0
Championship,2019/2020,2020-07-16,44,Leeds_United,Barnsley,1,0,1.3311,1.1442,0,0
Premier League,2019/2020,2020-07-16,36,Southampton,Brighton_&_Hove_Albion,1,1,2.55412,0.7216,0,0
Championship,2019/2020,2020-07-17,45,Huddersfield_Town,West_Bromwich_Albion,2,1,1.28627,1.59151,0,0
Premier League,2019/2020,2020-07-17,36,West_Ham_United,Watford,3,1,0.8535,1.4762,0,0
Championship,2019/2020,2020-07-18,45,Charlton_Athletic,Wigan_Athletic,2,2,2.1563,2.24278,0,0
Championship,2019/2020,2020-07-18,45,Stoke_City,Brentford,1,0,0.880563,1.6241,0,0
Championship,2019/2020,2020-07-18,45,Blackburn_Rovers,Reading,4,3,1.4882,1.2718,0,0
Championship,2019/2020,2020-07-18,45,Fulham,Sheffield_Wednesday,5,3,1.5944,2.042,0,0
Championship,2019/2020,2020-07-18,45,Hull_City,Luton_Town,0,1,0.8788,1.5296,0,0
Championship,2019/2020,2020-07-18,45,Middlesbrough,Cardiff_City,1,3,0.5941,1.7195,0,0
Championship,2019/2020,2020-07-18,45,Preston_North_End,Birmingham_City,2,0,1.2208,0.8064,0,0
Championship,2019/2020,2020-07-18,45,Queens_Park_Rangers,Millwall,4,3,2.84307,1.6542,0,0
Championship,2019/2020,2020-07-18,45,Swansea_City,Bristol_City,1,0,1.56299,1.7938,0,0
Premier League,2019/2020,2020-07-18,37,Norwich_City,Burnley,0,2,0.305545,1.7922,0,0
Championship,2019/2020,2020-07-19,45,Barnsley,Nottingham_Forest,1,0,2.6034,0.6697,0,0
Championship,2019/2020,2020-07-19,45,Derby_County,Leeds_United,1,3,0.809,1.7592,0,0
Premier League,2019/2020,2020-07-19,37,Tottenham_Hotspur,Leicester_City,3,0,0.7653,2.0578,0,0
Premier League,2019/2020,2020-07-19,37,AFC_Bournemouth,Southampton,0,2,0.5343,2.5146,0,0
Premier League,2019/2020,2020-07-20,37,Brighton_&_Hove_Albion,Newcastle_United,0,0,0.7885,0.9263,0,0
Premier League,2019/2020,2020-07-20,37,Wolverhampton_Wanderers,Crystal_Palace,2,0,1.4953,0.4356,0,0
Premier League,2019/2020,2020-07-20,37,Sheffield_United,Everton,0,1,0.5362,0.3793,0,0
Premier League,2019/2020,2020-07-21,37,Aston_Villa,Arsenal,1,0,0.5551,0.6069,0,0
Premier League,2019/2020,2020-07-21,37,Watford,Manchester_City,0,4,0.1116,3.30561,0,0
Championship,2019/2020,2020-07-22,46,West_Bromwich_Albion,Queens_Park_Rangers,2,2,2.4392,0.4539,0,0
Championship,2019/2020,2020-07-22,46,Sheffield_Wednesday,Middlesbrough,1,2,1.8657,1.4573,0,0
Championship,2019/2020,2020-07-22,46,Reading,Swansea_City,1,4,1.9249,2.70433,0,0
Championship,2019/2020,2020-07-22,46,Nottingham_Forest,Stoke_City,1,4,2.68062,2.5895,0,0
Championship,2019/2020,2020-07-22,46,Bristol_City,Preston_North_End,1,1,1.7242,1.7286,0,0
Championship,2019/2020,2020-07-22,46,Cardiff_City,Hull_City,3,0,1.49316,0.8746,0,0
Championship,2019/2020,2020-07-22,46,Wigan_Athletic,Fulham,1,1,1.5452,1.1515,0,0
Championship,2019/2020,2020-07-22,46,Birmingham_City,Derby_County,1,3,0.6867,1.14765,0,0
Championship,2019/2020,2020-07-22,46,Brentford,Barnsley,1,2,0.983666,1.2765,0,0
Championship,2019/2020,2020-07-22,46,Millwall,Huddersfield_Town,4,1,1.6692,0.929711,0,0
Championship,2019/2020,2020-07-22,46,Leeds_United,Charlton_Athletic,4,0,1.8021,1.1415,0,0
Championship,2019/2020,2020-07-22,46,Luton_Town,Blackburn_Rovers,3,2,1.5845,0.8644,0,0
Premier League,2019/2020,2020-07-22,37,Manchester_United,West_Ham_United,1,1,0.6483,1.5251,0,0
Premier League,2019/2020,2020-07-22,37,Liverpool,Chelsea,5,3,1.6901,2.41468,0,0
Premier League,2019/2020,2020-07-26,38,Manchester_City,Norwich_City,5,0,3.2698,1.00329,0,0
Premier League,2019/2020,2020-07-26,38,Arsenal,Watford,3,2,2.2933,3.7546,0,0
Premier League,2019/2020,2020-07-26,38,Burnley,Brighton_&_Hove_Albion,1,2,1.873,1.22707,0,0
Premier League,2019/2020,2020-07-26,38,Chelsea,Wolverhampton_Wanderers,2,0,1.4504,0.1772,0,0
Premier League,2019/2020,2020-07-26,38,Crystal_Palace,Tottenham_Hotspur,1,1,0.7935,0.3029,0,0
Premier League,2019/2020,2020-07-26,38,Everton,AFC_Bournemouth,1,3,1.7571,1.5628,0,0
Premier League,2019/2020,2020-07-26,38,Leicester_City,Manchester_United,0,2,0.7989,1.324,0,0
Premier League,2019/2020,2020-07-26,38,Newcastle_United,Liverpool,1,3,0.1158,0.6366,0,0
Premier League,2019/2020,2020-07-26,38,Southampton,Sheffield_United,3,1,1.6737,1.435,0,0
Premier League,2019/2020,2020-07-26,38,West_Ham_United,Aston_Villa,1,1,0.8533,0.9961,0,0
Championship,2020/2021,2020-09-11,1,Watford,Middlesbrough,1,0,0.8564,1.1214,0,0
League One,2020/2021,2020-09-12,1,Accrington_Stanley,Peterborough_United,2,0,0.3228,1.9051,0,0
League One,2020/2021,2020-09-12,1,Northampton_Town,AFC_Wimbledon,2,2,0.6779,1.3245,0,0
Championship,2020/2021,2020-09-12,1,Millwall,Stoke_City,0,0,0.493,0.8419,0,0
League One,2020/2021,2020-09-12,1,Crewe_Alexandra,Charlton_Athletic,0,2,1.5922,0.8619,0,0
Championship,2020/2021,2020-09-12,1,Preston_North_End,Swansea_City,0,1,0.639482,0.8954,0,0
League One,2020/2021,2020-09-12,1,Doncaster_Rovers,Milton_Keynes_Dons,1,1,0.2194,1.3731,0,0
League One,2020/2021,2020-09-12,1,Swindon_Town,Rochdale,3,1,1.4713,0.6899,0,0
League One,2020/2021,2020-09-12,1,Gillingham,Hull_City,0,2,0.5991,2.0104,0,0
League One,2020/2021,2020-09-12,1,Lincoln_City,Oxford_United,2,0,0.9195,0.770314,0,0
League One,2020/2021,2020-09-12,1,Plymouth_Argyle,Blackpool,1,0,0.2971,1.4537,0,0
League One,2020/2021,2020-09-12,1,Portsmouth,Shrewsbury_Town,0,0,0.6404,1.02217,0,0
League One,2020/2021,2020-09-12,1,Sunderland,Bristol_Rovers,1,1,3.1272,0.9938,0,0
Championship,2020/2021,2020-09-12,1,Huddersfield_Town,Norwich_City,0,1,0.2994,1.4557,0,0
League One,2020/2021,2020-09-12,1,Fleetwood_Town,Burton_Albion,2,1,2.3517,0.415,0,0
Championship,2020/2021,2020-09-12,1,Derby_County,Reading,0,2,0.3333,1.1068,0,0
Championship,2020/2021,2020-09-12,1,Queens_Park_Rangers,Nottingham_Forest,2,0,2.07211,1.5335,0,0
Championship,2020/2021,2020-09-12,1,Bristol_City,Coventry_City,2,1,1.4015,1.101,0,0
Championship,2020/2021,2020-09-12,1,Barnsley,Luton_Town,0,1,0.7129,0.3771,0,0
Championship,2020/2021,2020-09-12,1,AFC_Bournemouth,Blackburn_Rovers,3,2,0.9588,0.6714,0,0
Championship,2020/2021,2020-09-12,1,Wycombe_Wanderers,Rotherham_United,0,1,2.2837,0.7365,0,0
Premier League,2020/2021,2020-09-12,1,Fulham,Arsenal,0,3,0.148693,1.97216,0,0
Premier League,2020/2021,2020-09-12,1,Crystal_Palace,Southampton,1,0,1.1099,0.895,0,0
Premier League,2020/2021,2020-09-12,1,Liverpool,Leeds_United,4,3,2.7601,0.3168,0,0
Premier League,2020/2021,2020-09-12,1,West_Ham_United,Newcastle_United,0,2,1.0925,1.5741,0,0
Championship,2020/2021,2020-09-12,1,Cardiff_City,Sheffield_Wednesday,0,2,0.7416,1.2257,0,0
Championship,2020/2021,2020-09-12,1,Birmingham_City,Brentford,1,0,1.0171,2.52059,0,0
League One,2020/2021,2020-09-13,1,Ipswich_Town,Wigan_Athletic,2,0,2.75116,0.7777,0,0
Premier League,2020/2021,2020-09-13,1,West_Bromwich_Albion,Leicester_City,0,3,0.4153,2.83274,0,0
Premier League,2020/2021,2020-09-13,1,Tottenham_Hotspur,Everton,0,1,1.1257,1.2015,0,0
Premier League,2020/2021,2020-09-14,1,Brighton_&_Hove_Albion,Chelsea,1,3,1.05447,1.2224,0,0
Premier League,2020/2021,2020-09-14,1,Sheffield_United,Wolverhampton_Wanderers,0,2,1.03642,1.39931,0,0
Championship,2020/2021,2020-09-18,2,Coventry_City,Queens_Park_Rangers,3,2,1.3647,1.0438,0,0
League One,2020/2021,2020-09-19,2,Peterborough_United,Fleetwood_Town,2,1,0.7135,0.5765,0,0
League One,2020/2021,2020-09-19,2,Oxford_United,Sunderland,0,2,0.3716,1.3378,0,0
League One,2020/2021,2020-09-19,2,Milton_Keynes_Dons,Lincoln_City,1,2,0.8714,1.6694,0,0
League One,2020/2021,2020-09-19,2,Hull_City,Crewe_Alexandra,1,0,1.7992,0.9176,0,0
League One,2020/2021,2020-09-19,2,Charlton_Athletic,Doncaster_Rovers,1,3,2.0043,0.6924,1,0
League One,2020/2021,2020-09-19,2,Burton_Albion,Accrington_Stanley,2,1,0.6256,1.0155,0,0
League One,2020/2021,2020-09-19,2,Bristol_Rovers,Ipswich_Town,0,2,0.1961,1.47656,0,0
League One,2020/2021,2020-09-19,2,Blackpool,Swindon_Town,2,0,1.7142,0.7131,1,0
League One,2020/2021,2020-09-19,2,AFC_Wimbledon,Plymouth_Argyle,4,4,3.0402,2.32022,0,0
League One,2020/2021,2020-09-19,2,Shrewsbury_Town,Northampton_Town,1,2,1.341,1.08195,1,0
Championship,2020/2021,2020-09-19,2,Swansea_City,Birmingham_City,0,0,0.5624,0.4585,0,0
Championship,2020/2021,2020-09-19,2,Nottingham_Forest,Cardiff_City,0,2,2.0135,1.7457,0,0
Championship,2020/2021,2020-09-19,2,Blackburn_Rovers,Wycombe_Wanderers,5,0,3.47177,0.423,0,0
Championship,2020/2021,2020-09-19,2,Brentford,Huddersfield_Town,3,0,2.6862,0.896383,0,0
Premier League,2020/2021,2020-09-19,2,Manchester_United,Crystal_Palace,1,3,1.2319,1.6549,0,0
Championship,2020/2021,2020-09-19,2,Luton_Town,Derby_County,2,1,1.9822,1.326,0,0
Championship,2020/2021,2020-09-19,2,Middlesbrough,AFC_Bournemouth,1,1,1.09945,0.9255,1,0
Championship,2020/2021,2020-09-19,2,Norwich_City,Preston_North_End,2,2,1.37447,2.90314,1,0
Championship,2020/2021,2020-09-19,2,Reading,Barnsley,2,0,0.8872,0.7684,0,0
Premier League,2020/2021,2020-09-19,2,Everton,West_Bromwich_Albion,5,2,3.96557,0.3389,0,0
Championship,2020/2021,2020-09-19,2,Rotherham_United,Millwall,0,1,0.7703,0.6165,0,0
Championship,2020/2021,2020-09-19,2,Sheffield_Wednesday,Watford,0,0,0.6681,0.7608,0,0
Premier League,2020/2021,2020-09-19,2,Leeds_United,Fulham,4,3,1.37106,1.738,0,0
Premier League,2020/2021,2020-09-19,2,Arsenal,West_Ham_United,2,1,1.111,2.07569,0,0
League One,2020/2021,2020-09-19,2,Wigan_Athletic,Gillingham,2,3,0.5705,0.8981,0,0
League One,2020/2021,2020-09-20,2,Rochdale,Portsmouth,0,0,0.9705,1.5078,0,0
Premier League,2020/2021,2020-09-20,2,Southampton,Tottenham_Hotspur,2,5,2.1163,2.08872,0,0
Premier League,2020/2021,2020-09-20,2,Newcastle_United,Brighton_&_Hove_Albion,0,3,0.5185,1.7754,0,0
Premier League,2020/2021,2020-09-20,2,Chelsea,Liverpool,0,2,0.9331,2.12277,0,0
Premier League,2020/2021,2020-09-20,2,Leicester_City,Burnley,4,2,1.2237,1.3915,0,0
Championship,2020/2021,2020-09-20,2,Stoke_City,Bristol_City,0,2,0.3446,1.91,0,0
Premier League,2020/2021,2020-09-21,2,Aston_Villa,Sheffield_United,1,0,1.0079,0.9302,0,0
Premier League,2020/2021,2020-09-21,2,Wolverhampton_Wanderers,Manchester_City,1,3,0.5574,1.8959,0,0
Championship,2020/2021,2020-09-25,3,Huddersfield_Town,Nottingham_Forest,1,0,3.02772,0.7708,0,0
Championship,2020/2021,2020-09-26,3,Millwall,Brentford,1,1,0.647134,1.2385,0,0
League One,2020/2021,2020-09-26,3,Crewe_Alexandra,Milton_Keynes_Dons,2,0,1.4378,0.1719,0,0
Championship,2020/2021,2020-09-26,3,Cardiff_City,Reading,1,2,1.15874,0.6504,0,0
Championship,2020/2021,2020-09-26,3,Birmingham_City,Rotherham_United,1,1,1.565,1.9148,0,0
Championship,2020/2021,2020-09-26,3,Barnsley,Coventry_City,0,0,1.048,0.572422,0,0
Premier League,2020/2021,2020-09-26,3,Burnley,Southampton,0,1,0.4961,0.6338,0,0
Championship,2020/2021,2020-09-26,3,Watford,Luton_Town,1,0,1.26648,0.7388,0,0
Championship,2020/2021,2020-09-26,3,Preston_North_End,Stoke_City,0,1,0.7061,2.3269,0,0
Premier League,2020/2021,2020-09-26,3,West_Bromwich_Albion,Chelsea,3,3,0.5773,2.03818,0,0
Premier League,2020/2021,2020-09-26,3,Crystal_Palace,Everton,1,2,0.4252,1.9371,0,0
Premier League,2020/2021,2020-09-26,3,Brighton_&_Hove_Albion,Manchester_United,2,3,2.55171,1.5471,0,0
Championship,2020/2021,2020-09-26,3,Wycombe_Wanderers,Swansea_City,0,2,0.3133,3.4065,0,0
Championship,2020/2021,2020-09-26,3,Queens_Park_Rangers,Middlesbrough,1,1,1.68461,0.5995,0,0
League One,2020/2021,2020-09-26,3,Accrington_Stanley,Oxford_United,1,4,1.2492,1.9132,0,0
Championship,2020/2021,2020-09-26,3,Derby_County,Blackburn_Rovers,0,4,1.1881,2.43524,0,0
League One,2020/2021,2020-09-26,3,Doncaster_Rovers,Bristol_Rovers,4,1,2.1329,1.2131,0,0
League One,2020/2021,2020-09-26,3,Fleetwood_Town,AFC_Wimbledon,0,1,0.3462,0.7004,0,0
League One,2020/2021,2020-09-26,3,Gillingham,Blackpool,2,0,0.853853,0.845748,0,0
League One,2020/2021,2020-09-26,3,Ipswich_Town,Rochdale,2,0,1.5186,0.9489,0,0
League One,2020/2021,2020-09-26,3,Northampton_Town,Hull_City,0,2,0.3218,1.2998,0,0
League One,2020/2021,2020-09-26,3,Plymouth_Argyle,Shrewsbury_Town,1,1,1.31792,0.3374,0,0
League One,2020/2021,2020-09-26,3,Portsmouth,Wigan_Athletic,1,2,1.07562,0.4984,0,0
League One,2020/2021,2020-09-26,3,Sunderland,Peterborough_United,1,0,1.26223,0.943635,0,0
League One,2020/2021,2020-09-26,3,Swindon_Town,Burton_Albion,4,2,1.5286,1.3386,0,0
Premier League,2020/2021,2020-09-27,3,Manchester_City,Leicester_City,2,5,0.8707,2.853,0,0
Premier League,2020/2021,2020-09-27,3,West_Ham_United,Wolverhampton_Wanderers,4,0,2.35705,0.4569,0,0
Championship,2020/2021,2020-09-27,3,AFC_Bournemouth,Norwich_City,1,0,0.892778,0.6719,0,0
Championship,2020/2021,2020-09-27,3,Bristol_City,Sheffield_Wednesday,2,0,1.49135,0.9439,0,0
League One,2020/2021,2020-09-27,3,Lincoln_City,Charlton_Athletic,2,0,1.48558,0.7296,0,0
Premier League,2020/2021,2020-09-27,3,Sheffield_United,Leeds_United,0,1,1.3971,1.171,0,0
Premier League,2020/2021,2020-09-27,3,Tottenham_Hotspur,Newcastle_United,1,1,2.9501,1.0146,0,0
Premier League,2020/2021,2020-09-28,3,Liverpool,Arsenal,3,1,2.70986,1.2633,0,0
Premier League,2020/2021,2020-09-28,3,Fulham,Aston_Villa,0,3,0.7197,1.4213,0,0
Championship,2020/2021,2020-10-02,4,Coventry_City,AFC_Bournemouth,1,3,1.0916,2.14624,0,0
League One,2020/2021,2020-10-03,4,Burton_Albion,Portsmouth,2,4,0.2853,2.2551,0,0
League One,2020/2021,2020-10-03,4,Bristol_Rovers,Northampton_Town,2,0,2.80413,0.3199,0,0
Premier League,2020/2021,2020-10-03,4,Everton,Brighton_&_Hove_Albion,4,2,1.60043,1.34719,0,0
League One,2020/2021,2020-10-03,4,AFC_Wimbledon,Accrington_Stanley,1,2,1.19995,0.5644,0,0
Premier League,2020/2021,2020-10-03,4,Chelsea,Crystal_Palace,4,0,2.6808,0.1514,0,0
League One,2020/2021,2020-10-03,4,Charlton_Athletic,Sunderland,0,0,0.1581,2.27511,0,0
Premier League,2020/2021,2020-10-03,4,Leeds_United,Manchester_City,1,1,2.4327,1.2104,0,0
Premier League,2020/2021,2020-10-03,4,Newcastle_United,Burnley,3,1,1.8259,0.4325,0,0
League One,2020/2021,2020-10-03,4,Blackpool,Lincoln_City,2,3,1.2023,2.92437,0,0
League One,2020/2021,2020-10-03,4,Hull_City,Plymouth_Argyle,1,0,0.6151,0.675568,0,0
League One,2020/2021,2020-10-03,4,Wigan_Athletic,Doncaster_Rovers,1,0,0.801,0.9994,0,0
League One,2020/2021,2020-10-03,4,Peterborough_United,Swindon_Town,3,1,2.89927,1.36026,0,0
League One,2020/2021,2020-10-03,4,Rochdale,Fleetwood_Town,2,1,1.83105,0.4569,0,0
League One,2020/2021,2020-10-03,4,Shrewsbury_Town,Gillingham,1,1,0.9143,0.6512,0,0
Championship,2020/2021,2020-10-03,4,Norwich_City,Derby_County,0,1,2.0693,0.4184,0,0
Championship,2020/2021,2020-10-03,4,Blackburn_Rovers,Cardiff_City,0,0,1.9795,0.698,0,0
Championship,2020/2021,2020-10-03,4,Luton_Town,Wycombe_Wanderers,2,0,2.3707,0.2147,0,0
Championship,2020/2021,2020-10-03,4,Middlesbrough,Barnsley,2,1,1.54888,1.8841,0,0
Championship,2020/2021,2020-10-03,4,Nottingham_Forest,Bristol_City,1,2,1.6689,0.4752,0,0
Championship,2020/2021,2020-10-03,4,Reading,Watford,1,0,0.4125,0.586,0,0
League One,2020/2021,2020-10-03,4,Milton_Keynes_Dons,Ipswich_Town,1,1,1.80486,0.5438,0,0
Championship,2020/2021,2020-10-03,4,Rotherham_United,Huddersfield_Town,1,1,0.2058,0.903,0,0
Championship,2020/2021,2020-10-03,4,Sheffield_Wednesday,Queens_Park_Rangers,1,1,0.5994,0.8745,0,0
Championship,2020/2021,2020-10-03,4,Swansea_City,Millwall,2,1,1.57024,0.6253,0,0
Premier League,2020/2021,2020-10-04,4,Wolverhampton_Wanderers,Fulham,1,0,1.25094,0.889,0,0
Premier League,2020/2021,2020-10-04,4,Arsenal,Sheffield_United,2,1,0.5564,0.193,0,0
Premier League,2020/2021,2020-10-04,4,Southampton,West_Bromwich_Albion,2,0,1.2312,0.1871,0,0
Premier League,2020/2021,2020-10-04,4,Aston_Villa,Liverpool,7,2,2.69919,1.7763,0,0
Championship,2020/2021,2020-10-04,4,Stoke_City,Birmingham_City,1,1,1.528,0.2137,0,0
Championship,2020/2021,2020-10-04,4,Brentford,Preston_North_End,2,4,1.3871,1.6444,0,0
Premier League,2020/2021,2020-10-04,4,Manchester_United,Tottenham_Hotspur,1,6,0.946,3.5103,0,0
Premier League,2020/2021,2020-10-04,4,Leicester_City,West_Ham_United,0,3,0.5681,2.0109,0,0
League One,2020/2021,2020-10-09,5,Fleetwood_Town,Hull_City,4,1,3.18087,1.7225,0,0
League One,2020/2021,2020-10-10,5,Gillingham,Oxford_United,3,1,1.1157,3.89391,0,0
League One,2020/2021,2020-10-10,5,Crewe_Alexandra,Wigan_Athletic,3,0,3.44181,0.5379,0,0
League One,2020/2021,2020-10-10,5,Accrington_Stanley,Rochdale,2,1,1.4391,1.5743,0,0
League One,2020/2021,2020-10-10,5,Lincoln_City,Bristol_Rovers,1,2,0.9256,1.7049,0,0
League One,2020/2021,2020-10-10,5,Northampton_Town,Peterborough_United,0,2,0.4011,1.074,0,0
League One,2020/2021,2020-10-10,5,Portsmouth,Milton_Keynes_Dons,2,1,0.9915,1.7805,0,0
League One,2020/2021,2020-10-10,5,Swindon_Town,AFC_Wimbledon,0,1,0.6758,0.5246,0,0
League One,2020/2021,2020-10-10,12,Blackpool,Ipswich_Town,1,4,1.0415,0.5906,0,0
League One,2020/2021,2020-10-10,5,Plymouth_Argyle,Burton_Albion,2,0,1.3417,0.7156,0,0
Championship,2020/2021,2020-10-16,5,Derby_County,Watford,0,1,0.5767,0.3948,0,0
League One,2020/2021,2020-10-17,6,Milton_Keynes_Dons,Gillingham,2,0,1.4997,1.1602,0,0
Championship,2020/2021,2020-10-17,5,Wycombe_Wanderers,Millwall,1,2,1.51089,2.5268,0,0
Championship,2020/2021,2020-10-17,5,Swansea_City,Huddersfield_Town,1,2,3.00173,1.81217,0,0
Championship,2020/2021,2020-10-17,5,Rotherham_United,Norwich_City,1,2,2.5648,2.9075,0,0
Championship,2020/2021,2020-10-17,5,Middlesbrough,Reading,0,0,0.3028,0.4019,0,0
Championship,2020/2021,2020-10-17,5,Luton_Town,Stoke_City,0,2,0.884,1.13265,0,0
Championship,2020/2021,2020-10-17,5,Brentford,Coventry_City,2,0,2.36553,0.791157,0,0
Championship,2020/2021,2020-10-17,5,Blackburn_Rovers,Nottingham_Forest,0,1,0.2138,1.5248,0,0
Championship,2020/2021,2020-10-17,5,Birmingham_City,Sheffield_Wednesday,0,1,1.7106,1.5621,0,0
Championship,2020/2021,2020-10-17,5,Barnsley,Bristol_City,2,2,1.8378,1.82107,0,0
Championship,2020/2021,2020-10-17,5,AFC_Bournemouth,Queens_Park_Rangers,0,0,0.3667,0.5065,0,0
League One,2020/2021,2020-10-17,6,Peterborough_United,Oxford_United,2,0,2.13836,1.9396,0,0
League One,2020/2021,2020-10-17,6,Plymouth_Argyle,Northampton_Town,2,1,1.5871,0.6584,0,0
League One,2020/2021,2020-10-17,6,Ipswich_Town,Accrington_Stanley,2,0,1.96994,0.9342,0,0
League One,2020/2021,2020-10-17,6,Fleetwood_Town,Lincoln_City,0,0,0.9806,1.21149,0,0
League One,2020/2021,2020-10-17,6,Crewe_Alexandra,Blackpool,1,1,0.4538,0.8241,0,0
League One,2020/2021,2020-10-17,6,Charlton_Athletic,Wigan_Athletic,1,0,1.1905,1.15399,0,0
League One,2020/2021,2020-10-17,6,Bristol_Rovers,Burton_Albion,1,1,0.8748,0.776,0,0
League One,2020/2021,2020-10-17,6,Portsmouth,Doncaster_Rovers,0,1,0.8784,1.0114,0,0
League One,2020/2021,2020-10-17,6,Swindon_Town,Sunderland,0,2,0.6546,1.5343,0,0
League One,2020/2021,2020-10-17,6,AFC_Wimbledon,Shrewsbury_Town,0,1,0.5127,0.7442,0,0
League One,2020/2021,2020-10-17,6,Rochdale,Hull_City,0,3,0.6584,2.0414,0,0
Premier League,2020/2021,2020-10-17,5,Manchester_City,Arsenal,1,0,1.30234,0.8975,0,0
Premier League,2020/2021,2020-10-17,5,Newcastle_United,Manchester_United,1,4,0.8519,2.2869,0,0
Premier League,2020/2021,2020-10-17,5,Chelsea,Southampton,3,3,1.7596,1.884,0,0
Premier League,2020/2021,2020-10-17,5,Everton,Liverpool,2,2,1.2318,2.65356,0,0
Premier League,2020/2021,2020-10-18,5,Crystal_Palace,Brighton_&_Hove_Albion,1,1,0.7884,1.7502,0,0
Premier League,2020/2021,2020-10-18,5,Sheffield_United,Fulham,1,1,1.6527,1.4945,0,0
Premier League,2020/2021,2020-10-18,5,Tottenham_Hotspur,West_Ham_United,3,3,1.6924,1.9047,0,0
Championship,2020/2021,2020-10-18,5,Preston_North_End,Cardiff_City,0,1,0.3343,0.5393,0,0
Premier League,2020/2021,2020-10-18,5,Leicester_City,Aston_Villa,0,1,0.6114,0.7287,0,0
Premier League,2020/2021,2020-10-19,5,West_Bromwich_Albion,Burnley,0,0,0.832998,1.0918,0,0
Premier League,2020/2021,2020-10-19,5,Leeds_United,Wolverhampton_Wanderers,0,1,1.0568,0.434,0,0
League One,2020/2021,2020-10-20,7,Sunderland,Crewe_Alexandra,1,0,1.5943,0.1662,0,0
League One,2020/2021,2020-10-20,7,Oxford_United,Milton_Keynes_Dons,3,2,1.6176,0.9161,0,0
League One,2020/2021,2020-10-20,7,Shrewsbury_Town,Bristol_Rovers,0,1,1.2358,1.6079,0,0
League One,2020/2021,2020-10-20,7,Doncaster_Rovers,Ipswich_Town,4,1,1.4467,0.4359,0,0
League One,2020/2021,2020-10-20,7,Gillingham,Portsmouth,0,2,0.6046,1.48486,0,0
League One,2020/2021,2020-10-20,7,Hull_City,AFC_Wimbledon,1,0,1.34302,1.0242,0,0
Championship,2020/2021,2020-10-20,6,Reading,Wycombe_Wanderers,1,0,0.737,0.4192,0,0
Championship,2020/2021,2020-10-20,6,Huddersfield_Town,Derby_County,1,0,2.053,0.8346,0,0
Championship,2020/2021,2020-10-20,6,Nottingham_Forest,Rotherham_United,1,1,3.19844,1.1445,0,0
Championship,2020/2021,2020-10-20,6,Norwich_City,Birmingham_City,1,0,1.4546,0.2936,0,0
Championship,2020/2021,2020-10-20,6,Millwall,Luton_Town,2,0,2.00302,0.5705,0,0
Championship,2020/2021,2020-10-20,6,Coventry_City,Swansea_City,1,1,1.0771,0.3024,0,0
Championship,2020/2021,2020-10-20,6,Bristol_City,Middlesbrough,0,1,0.3245,1.5524,0,0
League One,2020/2021,2020-10-20,7,Lincoln_City,Plymouth_Argyle,2,0,1.84314,0.4879,0,0
League One,2020/2021,2020-10-20,7,Blackpool,Charlton_Athletic,0,1,0.3422,1.2305,0,0
League One,2020/2021,2020-10-20,7,Accrington_Stanley,Fleetwood_Town,1,0,1.60278,1.1791,0,0
League One,2020/2021,2020-10-20,7,Wigan_Athletic,Peterborough_United,0,1,0.4166,1.04331,0,0
League One,2020/2021,2020-10-20,7,Burton_Albion,Rochdale,0,1,0.707907,0.439,0,0
League One,2020/2021,2020-10-20,7,Northampton_Town,Swindon_Town,2,1,1.60534,1.50011,0,0
Championship,2020/2021,2020-10-21,6,Cardiff_City,AFC_Bournemouth,1,1,0.7039,2.2702,0,0
Championship,2020/2021,2020-10-21,6,Stoke_City,Barnsley,2,2,1.3649,1.40776,0,0
Championship,2020/2021,2020-10-21,6,Watford,Blackburn_Rovers,3,1,2.17943,2.2005,0,0
Championship,2020/2021,2020-10-21,6,Queens_Park_Rangers,Preston_North_End,0,2,0.384,2.1354,0,0
Championship,2020/2021,2020-10-21,6,Sheffield_Wednesday,Brentford,1,2,0.317,1.2592,0,0
Premier League,2020/2021,2020-10-23,6,Aston_Villa,Leeds_United,0,3,1.4541,2.74855,0,0
Championship,2020/2021,2020-10-23,7,Nottingham_Forest,Derby_County,1,1,1.1335,0.7825,0,0
Championship,2020/2021,2020-10-24,7,Millwall,Barnsley,1,1,1.2462,0.2629,0,0
Championship,2020/2021,2020-10-24,7,Huddersfield_Town,Preston_North_End,1,2,1.058,1.2426,0,0
Championship,2020/2021,2020-10-24,7,Coventry_City,Blackburn_Rovers,0,4,0.445,4.16603,0,0
Championship,2020/2021,2020-10-24,7,Cardiff_City,Middlesbrough,1,1,1.8408,0.4376,0,0
Championship,2020/2021,2020-10-24,7,Bristol_City,Swansea_City,1,1,1.4025,0.688342,0,0
Championship,2020/2021,2020-10-24,7,Watford,AFC_Bournemouth,1,1,1.0642,1.5433,0,0
League One,2020/2021,2020-10-24,8,Blackpool,Milton_Keynes_Dons,1,0,0.7955,0.352,0,0
League One,2020/2021,2020-10-24,8,Gillingham,Fleetwood_Town,0,2,1.2143,1.16755,0,0
League One,2020/2021,2020-10-24,8,Wigan_Athletic,Plymouth_Argyle,1,1,0.8471,1.2512,0,0
League One,2020/2021,2020-10-24,8,Sunderland,Portsmouth,1,3,0.5941,2.3196,0,0
League One,2020/2021,2020-10-24,8,Shrewsbury_Town,Rochdale,1,2,1.0259,1.6186,0,0
League One,2020/2021,2020-10-24,8,Northampton_Town,Charlton_Athletic,0,2,0.7353,0.7743,0,0
League One,2020/2021,2020-10-24,8,Lincoln_City,Ipswich_Town,1,0,2.3243,0.707,0,0
League One,2020/2021,2020-10-24,8,Hull_City,Peterborough_United,1,2,0.7526,0.5574,0,0
Championship,2020/2021,2020-10-24,7,Norwich_City,Wycombe_Wanderers,2,1,1.9461,0.8731,0,0
League One,2020/2021,2020-10-24,8,Doncaster_Rovers,Crewe_Alexandra,1,2,1.4994,0.6869,0,0
Championship,2020/2021,2020-10-24,7,Queens_Park_Rangers,Birmingham_City,0,0,0.7962,1.5701,0,0
Championship,2020/2021,2020-10-24,7,Sheffield_Wednesday,Luton_Town,0,1,0.8212,1.209,0,0
Championship,2020/2021,2020-10-24,7,Stoke_City,Brentford,3,2,0.9864,1.0226,0,0
Premier League,2020/2021,2020-10-24,6,West_Ham_United,Manchester_City,1,1,0.2776,0.9798,0,0
League One,2020/2021,2020-10-24,8,Burton_Albion,AFC_Wimbledon,1,1,0.8358,0.2277,0,0
Premier League,2020/2021,2020-10-24,6,Fulham,Crystal_Palace,1,2,1.06799,2.559,0,0
Premier League,2020/2021,2020-10-24,6,Manchester_United,Chelsea,0,0,0.658,0.2154,0,0
Premier League,2020/2021,2020-10-24,6,Liverpool,Sheffield_United,2,1,2.28537,1.5716,0,0
Championship,2020/2021,2020-10-24,7,Reading,Rotherham_United,3,0,1.4532,0.5833,0,0
Premier League,2020/2021,2020-10-25,6,Southampton,Everton,2,0,0.663,0.3645,0,0
Premier League,2020/2021,2020-10-25,6,Wolverhampton_Wanderers,Newcastle_United,1,1,0.7022,0.2651,0,0
Premier League,2020/2021,2020-10-25,6,Arsenal,Leicester_City,0,1,0.7228,0.7135,0,0
Premier League,2020/2021,2020-10-26,6,Brighton_&_Hove_Albion,West_Bromwich_Albion,1,1,0.5015,0.3549,0,0
Premier League,2020/2021,2020-10-26,6,Burnley,Tottenham_Hotspur,0,1,1.0073,0.604,0,0
Championship,2020/2021,2020-10-27,8,Wycombe_Wanderers,Watford,1,1,1.7542,0.9046,0,0
Championship,2020/2021,2020-10-27,8,Swansea_City,Stoke_City,2,0,1.66174,0.2675,0,0
Championship,2020/2021,2020-10-27,8,Middlesbrough,Coventry_City,2,0,1.5569,0.1155,0,0
Championship,2020/2021,2020-10-27,8,Brentford,Norwich_City,1,1,1.9997,0.9127,0,0
Championship,2020/2021,2020-10-27,8,Barnsley,Queens_Park_Rangers,3,0,2.865,0.4584,0,0
League One,2020/2021,2020-10-27,9,Charlton_Athletic,Oxford_United,2,0,0.4854,1.25266,0,0
Championship,2020/2021,2020-10-27,8,Blackburn_Rovers,Reading,2,4,1.7701,0.5147,0,0
League One,2020/2021,2020-10-27,9,Crewe_Alexandra,Lincoln_City,0,1,0.4823,1.53423,0,0
League One,2020/2021,2020-10-27,9,Bristol_Rovers,Hull_City,1,3,0.3058,1.6109,0,0
League One,2020/2021,2020-10-27,9,AFC_Wimbledon,Blackpool,1,0,1.3807,0.9625,0,0
League One,2020/2021,2020-10-27,9,Rochdale,Sunderland,2,2,1.1469,1.67632,0,0
League One,2020/2021,2020-10-27,9,Portsmouth,Northampton_Town,4,0,2.08346,1.19552,0,0
League One,2020/2021,2020-10-27,9,Plymouth_Argyle,Doncaster_Rovers,2,1,1.7092,1.4002,0,0
League One,2020/2021,2020-10-27,9,Ipswich_Town,Gillingham,1,0,1.0769,1.95595,0,0
League One,2020/2021,2020-10-27,9,Fleetwood_Town,Shrewsbury_Town,1,0,1.1289,0.6631,0,0
League One,2020/2021,2020-10-27,9,Peterborough_United,Burton_Albion,2,2,3.1968,2.70193,0,0
League One,2020/2021,2020-10-27,9,Milton_Keynes_Dons,Wigan_Athletic,2,0,1.36,0.2223,0,0
Championship,2020/2021,2020-10-28,8,Derby_County,Cardiff_City,1,1,0.6973,1.2409,0,0
Championship,2020/2021,2020-10-28,8,Birmingham_City,Huddersfield_Town,2,1,1.29356,0.6458,0,0
Championship,2020/2021,2020-10-28,8,Preston_North_End,Millwall,0,2,0.5841,1.9571,0,0
Championship,2020/2021,2020-10-28,8,Luton_Town,Nottingham_Forest,1,1,0.4355,0.2162,0,0
Championship,2020/2021,2020-10-28,8,Rotherham_United,Sheffield_Wednesday,3,0,2.46852,0.506,0,0
Championship,2020/2021,2020-10-28,8,AFC_Bournemouth,Bristol_City,1,0,1.4544,0.8462,0,0
Premier League,2020/2021,2020-10-30,7,Wolverhampton_Wanderers,Crystal_Palace,2,0,1.28,0.6564,0,0
Championship,2020/2021,2020-10-30,9,Coventry_City,Reading,3,2,1.42772,1.3616,0,0
Championship,2020/2021,2020-10-31,9,Bristol_City,Norwich_City,1,3,1.78993,2.09901,0,0
Premier League,2020/2021,2020-10-31,7,Sheffield_United,Manchester_City,0,1,0.4851,1.6364,0,0
League One,2020/2021,2020-10-31,10,Wigan_Athletic,Northampton_Town,2,3,1.4842,1.7934,0,0
League One,2020/2021,2020-10-31,10,Swindon_Town,Hull_City,2,1,0.7602,1.2531,0,0
League One,2020/2021,2020-10-31,10,Rochdale,Bristol_Rovers,1,1,1.3885,0.6461,0,0
League One,2020/2021,2020-10-31,10,Portsmouth,Charlton_Athletic,0,2,1.102,1.4003,0,0
League One,2020/2021,2020-10-31,10,Peterborough_United,Shrewsbury_Town,5,1,3.6315,0.6081,0,0
League One,2020/2021,2020-10-31,10,Milton_Keynes_Dons,AFC_Wimbledon,1,1,1.0664,0.7396,0,0
League One,2020/2021,2020-10-31,10,Ipswich_Town,Crewe_Alexandra,1,0,0.6267,1.2473,0,0
League One,2020/2021,2020-10-31,10,Fleetwood_Town,Oxford_United,2,0,0.517,1.19526,0,0
League One,2020/2021,2020-10-31,10,Doncaster_Rovers,Lincoln_City,1,0,1.42376,0.8785,0,0
League One,2020/2021,2020-10-31,10,Burton_Albion,Blackpool,1,2,1.5413,1.725,0,0
Championship,2020/2021,2020-10-31,9,Wycombe_Wanderers,Sheffield_Wednesday,1,0,0.7522,0.6379,0,0
Championship,2020/2021,2020-10-31,9,Swansea_City,Blackburn_Rovers,2,0,0.876,0.8781,0,0
Championship,2020/2021,2020-10-31,9,Stoke_City,Rotherham_United,1,0,0.7235,0.3187,0,0
Championship,2020/2021,2020-10-31,9,Queens_Park_Rangers,Cardiff_City,3,2,1.8013,2.37876,0,0
Championship,2020/2021,2020-10-31,9,Preston_North_End,Birmingham_City,1,2,0.6959,1.60913,0,0
Premier League,2020/2021,2020-10-31,7,Burnley,Chelsea,0,3,0.5027,0.8844,0,0
Championship,2020/2021,2020-10-31,9,Millwall,Huddersfield_Town,0,3,0.5167,1.107,0,0
Championship,2020/2021,2020-10-31,9,Luton_Town,Brentford,0,3,0.235,2.5289,0,0
Championship,2020/2021,2020-10-31,9,Barnsley,Watford,1,0,0.3244,1.0444,0,0
Championship,2020/2021,2020-10-31,9,AFC_Bournemouth,Derby_County,1,1,0.8165,0.5386,0,0
League One,2020/2021,2020-10-31,10,Gillingham,Sunderland,0,2,1.31599,3.1025,0,0
Premier League,2020/2021,2020-10-31,7,Liverpool,West_Ham_United,2,1,1.6533,0.254,0,0
Championship,2020/2021,2020-10-31,9,Middlesbrough,Nottingham_Forest,1,0,1.67392,0.3258,0,0
Premier League,2020/2021,2020-11-01,7,Tottenham_Hotspur,Brighton_&_Hove_Albion,2,1,1.745,0.3037,0,0
Premier League,2020/2021,2020-11-01,7,Manchester_United,Arsenal,0,1,0.3965,1.0409,0,0
Premier League,2020/2021,2020-11-01,7,Newcastle_United,Everton,2,1,2.971,1.4623,0,0
Premier League,2020/2021,2020-11-01,7,Aston_Villa,Southampton,3,4,1.9563,0.7253,0,0
Premier League,2020/2021,2020-11-02,7,Leeds_United,Leicester_City,1,4,2.1253,2.86077,0,0
Premier League,2020/2021,2020-11-02,7,Fulham,West_Bromwich_Albion,2,0,1.45358,0.4901,0,0
League One,2020/2021,2020-11-03,11,Sunderland,Ipswich_Town,2,1,2.3028,0.596,0,0
League One,2020/2021,2020-11-03,11,AFC_Wimbledon,Doncaster_Rovers,2,2,0.477358,1.5738,0,0
League One,2020/2021,2020-11-03,11,Northampton_Town,Milton_Keynes_Dons,0,0,0.5643,0.2257,0,0
League One,2020/2021,2020-11-03,11,Oxford_United,Rochdale,3,1,1.4877,1.76891,0,0
Championship,2020/2021,2020-11-03,10,Huddersfield_Town,Bristol_City,1,2,0.7571,1.7387,0,0
Championship,2020/2021,2020-11-03,10,Norwich_City,Millwall,0,0,1.7434,0.2428,0,0
Championship,2020/2021,2020-11-03,10,Sheffield_Wednesday,AFC_Bournemouth,1,0,2.3549,1.4999,0,0
Championship,2020/2021,2020-11-03,10,Blackburn_Rovers,Middlesbrough,0,0,0.2252,2.2546,0,0
Championship,2020/2021,2020-11-03,10,Cardiff_City,Barnsley,3,0,2.73822,0.510451,0,0
League One,2020/2021,2020-11-03,11,Lincoln_City,Portsmouth,1,3,1.2954,2.23519,0,0
League One,2020/2021,2020-11-03,11,Crewe_Alexandra,Gillingham,0,1,2.33532,0.4719,0,0
League One,2020/2021,2020-11-03,11,Charlton_Athletic,Fleetwood_Town,3,2,2.61995,0.8364,0,0
League One,2020/2021,2020-11-03,11,Plymouth_Argyle,Swindon_Town,4,2,3.3689,1.1525,0,0
Championship,2020/2021,2020-11-03,10,Brentford,Swansea_City,1,1,1.537,1.1624,0,0
League One,2020/2021,2020-11-03,11,Shrewsbury_Town,Burton_Albion,1,1,2.0084,1.61214,0,0
League One,2020/2021,2020-11-03,11,Blackpool,Wigan_Athletic,1,0,1.3921,0.9025,0,0
League One,2020/2021,2020-11-03,11,Bristol_Rovers,Peterborough_United,0,2,0.4312,1.0307,0,0
Championship,2020/2021,2020-11-04,10,Birmingham_City,Wycombe_Wanderers,1,2,1.0864,1.3467,0,0
Championship,2020/2021,2020-11-04,10,Watford,Stoke_City,3,2,1.3745,0.9593,0,0
Championship,2020/2021,2020-11-04,10,Reading,Preston_North_End,0,3,1.2906,3.2269,0,0
Championship,2020/2021,2020-11-04,10,Derby_County,Queens_Park_Rangers,0,1,0.307,1.2911,0,0
Championship,2020/2021,2020-11-04,10,Nottingham_Forest,Coventry_City,2,1,2.0617,1.6879,0,0
Championship,2020/2021,2020-11-04,10,Rotherham_United,Luton_Town,0,1,0.7755,1.2786,0,0
Premier League,2020/2021,2020-11-06,8,Brighton_&_Hove_Albion,Burnley,0,0,1.473,0.4579,0,0
Premier League,2020/2021,2020-11-06,8,Southampton,Newcastle_United,2,0,0.744,0.3171,0,0
Championship,2020/2021,2020-11-06,11,Cardiff_City,Bristol_City,0,1,1.2633,0.8425,0,0
Championship,2020/2021,2020-11-07,11,Reading,Stoke_City,0,3,1.7057,1.0832,0,0
Championship,2020/2021,2020-11-07,11,Blackburn_Rovers,Queens_Park_Rangers,3,1,2.24749,2.0247,0,0
Championship,2020/2021,2020-11-07,11,Brentford,Middlesbrough,0,0,0.842,0.6424,0,0
Championship,2020/2021,2020-11-07,11,Derby_County,Barnsley,0,2,0.6026,1.0736,0,0
Championship,2020/2021,2020-11-07,11,Norwich_City,Swansea_City,1,0,1.5137,1.5799,0,0
Championship,2020/2021,2020-11-07,11,Nottingham_Forest,Wycombe_Wanderers,2,0,1.79451,0.6623,0,0
Championship,2020/2021,2020-11-07,11,Rotherham_United,Preston_North_End,2,1,1.8645,0.7878,0,0
Championship,2020/2021,2020-11-07,11,Sheffield_Wednesday,Millwall,0,0,0.700152,1.4374,0,0
Championship,2020/2021,2020-11-07,11,Watford,Coventry_City,3,2,2.6749,1.5035,0,0
Championship,2020/2021,2020-11-07,11,Birmingham_City,AFC_Bournemouth,1,3,1.018,2.35389,0,0
Championship,2020/2021,2020-11-07,11,Huddersfield_Town,Luton_Town,1,1,0.7246,0.4171,0,0
Premier League,2020/2021,2020-11-07,8,Chelsea,Sheffield_United,4,1,2.22168,0.4339,0,0
Premier League,2020/2021,2020-11-07,8,Everton,Manchester_United,1,3,0.3971,1.5415,0,0
Premier League,2020/2021,2020-11-07,8,West_Ham_United,Fulham,1,0,1.31275,1.7817,0,0
Premier League,2020/2021,2020-11-07,8,Crystal_Palace,Leeds_United,4,1,0.8756,0.8472,0,0
Premier League,2020/2021,2020-11-08,8,West_Bromwich_Albion,Tottenham_Hotspur,0,1,0.811533,1.9035,0,0
Premier League,2020/2021,2020-11-08,8,Leicester_City,Wolverhampton_Wanderers,1,0,1.9612,0.8297,0,0
Premier League,2020/2021,2020-11-08,8,Manchester_City,Liverpool,1,1,1.4173,1.2051,0,0
Premier League,2020/2021,2020-11-08,8,Arsenal,Aston_Villa,0,3,1.4694,1.8113,0,0
League One,2020/2021,2020-11-14,12,Shrewsbury_Town,Swindon_Town,3,3,0.5724,1.3308,0,0
League One,2020/2021,2020-11-14,12,Northampton_Town,Accrington_Stanley,0,1,0.2931,1.53062,0,0
League One,2020/2021,2020-11-14,12,Crewe_Alexandra,Peterborough_United,2,0,0.9806,1.13742,0,0
League One,2020/2021,2020-11-14,12,Hull_City,Burton_Albion,2,0,1.7518,0.4296,0,0
League One,2020/2021,2020-11-14,12,Sunderland,Milton_Keynes_Dons,1,2,1.5143,1.549,0,0
League One,2020/2021,2020-11-14,12,Bristol_Rovers,Fleetwood_Town,1,4,0.6281,2.4204,0,0
League One,2020/2021,2020-11-16,12,Plymouth_Argyle,Portsmouth,2,2,2.36904,1.1324,0,0
League One,2020/2021,2020-11-17,9,Swindon_Town,Accrington_Stanley,0,3,0.9229,1.6617,0,0
League One,2020/2021,2020-11-17,4,Oxford_United,Crewe_Alexandra,0,2,0.2681,1.83047,0,0
Championship,2020/2021,2020-11-20,12,Coventry_City,Birmingham_City,0,0,0.5324,1.3358,0,0
Premier League,2020/2021,2020-11-21,9,Manchester_United,West_Bromwich_Albion,1,0,2.3891,0.6394,0,0
Premier League,2020/2021,2020-11-21,9,Tottenham_Hotspur,Manchester_City,2,0,0.7073,1.4684,0,0
Championship,2020/2021,2020-11-21,12,Luton_Town,Blackburn_Rovers,1,1,1.20619,1.19394,0,0
Premier League,2020/2021,2020-11-21,9,Aston_Villa,Brighton_&_Hove_Albion,1,2,1.6953,1.4303,0,0
Premier League,2020/2021,2020-11-21,9,Newcastle_United,Chelsea,0,2,0.3494,1.4647,0,0
League One,2020/2021,2020-11-21,13,Rochdale,AFC_Wimbledon,0,1,0.5493,1.2906,0,0
League One,2020/2021,2020-11-21,13,Swindon_Town,Bristol_Rovers,1,0,0.8876,0.8899,0,0
League One,2020/2021,2020-11-21,13,Wigan_Athletic,Oxford_United,1,2,0.848,2.4099,0,0
Championship,2020/2021,2020-11-21,12,AFC_Bournemouth,Reading,4,2,1.4044,1.62848,0,0
Championship,2020/2021,2020-11-21,12,Barnsley,Nottingham_Forest,2,0,2.11914,1.5699,0,0
League One,2020/2021,2020-11-21,13,Milton_Keynes_Dons,Hull_City,1,3,1.645,1.4637,0,0
League One,2020/2021,2020-11-21,13,Peterborough_United,Blackpool,1,2,0.6629,1.006,0,0
Championship,2020/2021,2020-11-21,12,Millwall,Cardiff_City,1,1,1.2077,1.5079,0,0
League One,2020/2021,2020-11-21,13,Ipswich_Town,Shrewsbury_Town,2,1,2.91683,1.1563,0,0
League One,2020/2021,2020-11-21,13,Fleetwood_Town,Plymouth_Argyle,5,1,2.0849,0.4678,0,0
League One,2020/2021,2020-11-21,13,Doncaster_Rovers,Sunderland,1,1,1.1756,0.6777,0,0
League One,2020/2021,2020-11-21,13,Burton_Albion,Northampton_Town,1,3,1.1674,0.7874,0,0
League One,2020/2021,2020-11-21,13,Accrington_Stanley,Lincoln_City,0,0,0.693639,0.547003,0,0
Championship,2020/2021,2020-11-21,12,Middlesbrough,Norwich_City,0,1,1.7404,1.4742,0,0
League One,2020/2021,2020-11-21,13,Gillingham,Charlton_Athletic,1,1,2.42333,2.0031,0,0
Championship,2020/2021,2020-11-21,12,Wycombe_Wanderers,Brentford,0,0,0.4525,0.636,0,0
Championship,2020/2021,2020-11-21,12,Swansea_City,Rotherham_United,1,0,1.2563,0.3148,0,0
Championship,2020/2021,2020-11-21,12,Stoke_City,Huddersfield_Town,4,3,0.9656,1.17375,0,0
Championship,2020/2021,2020-11-21,12,Queens_Park_Rangers,Watford,1,1,1.759,1.7202,0,0
Championship,2020/2021,2020-11-21,12,Preston_North_End,Sheffield_Wednesday,1,0,0.5299,0.6541,0,0
League One,2020/2021,2020-11-21,13,Portsmouth,Crewe_Alexandra,4,1,1.74687,2.29274,0,0
Championship,2020/2021,2020-11-21,12,Bristol_City,Derby_County,1,0,0.5386,0.5525,0,0
Premier League,2020/2021,2020-11-22,9,Liverpool,Leicester_City,3,0,3.27466,1.56909,0,0
Premier League,2020/2021,2020-11-22,9,Leeds_United,Arsenal,0,0,1.82487,0.8625,0,0
Premier League,2020/2021,2020-11-22,9,Sheffield_United,West_Ham_United,0,1,0.893551,2.1581,0,0
Premier League,2020/2021,2020-11-22,9,Fulham,Everton,2,3,1.943,2.0247,0,0
Premier League,2020/2021,2020-11-23,9,Burnley,Crystal_Palace,1,0,1.4545,1.5746,0,0
Premier League,2020/2021,2020-11-23,9,Wolverhampton_Wanderers,Southampton,1,1,1.55353,1.0071,0,0
Championship,2020/2021,2020-11-24,13,Wycombe_Wanderers,Huddersfield_Town,0,0,0.6606,0.7079,0,0
League One,2020/2021,2020-11-24,14,Rochdale,Northampton_Town,1,1,0.9015,0.6243,0,0
League One,2020/2021,2020-11-24,14,Swindon_Town,Lincoln_City,0,1,0.8736,0.4933,0,0
League One,2020/2021,2020-11-24,14,Milton_Keynes_Dons,Shrewsbury_Town,2,2,1.56283,1.7816,0,0
League One,2020/2021,2020-11-24,14,Ipswich_Town,Hull_City,0,3,0.6476,1.5739,0,0
League One,2020/2021,2020-11-24,14,Doncaster_Rovers,Blackpool,3,2,2.0674,1.9618,0,0
League One,2020/2021,2020-11-24,14,Burton_Albion,Charlton_Athletic,4,2,2.84609,1.84375,0,0
League One,2020/2021,2020-11-24,14,Accrington_Stanley,Crewe_Alexandra,1,0,2.28702,0.3433,0,0
League One,2020/2021,2020-11-24,14,Gillingham,AFC_Wimbledon,2,1,1.6609,1.03512,0,0
League One,2020/2021,2020-11-24,14,Portsmouth,Oxford_United,1,1,1.798,1.1636,0,0
League One,2020/2021,2020-11-24,14,Peterborough_United,Plymouth_Argyle,1,0,1.2289,0.427,0,0
Championship,2020/2021,2020-11-24,13,Queens_Park_Rangers,Rotherham_United,3,2,2.1445,2.0444,0,0
League One,2020/2021,2020-11-24,14,Wigan_Athletic,Bristol_Rovers,0,0,0.2921,1.26483,0,0
Championship,2020/2021,2020-11-24,13,Luton_Town,Birmingham_City,1,1,1.4804,1.5862,0,0
Championship,2020/2021,2020-11-24,13,Stoke_City,Norwich_City,2,3,1.94651,1.179,0,0
Championship,2020/2021,2020-11-24,13,AFC_Bournemouth,Nottingham_Forest,2,0,1.7089,1.155,0,0
Championship,2020/2021,2020-11-24,13,Preston_North_End,Blackburn_Rovers,0,3,0.2127,2.48398,0,0
Championship,2020/2021,2020-11-24,13,Barnsley,Brentford,0,1,0.1376,1.8412,0,0
Championship,2020/2021,2020-11-25,13,Millwall,Reading,1,1,1.3861,0.6655,0,0
Championship,2020/2021,2020-11-25,13,Bristol_City,Watford,0,0,0.8163,0.9201,0,0
Championship,2020/2021,2020-11-25,13,Swansea_City,Sheffield_Wednesday,1,1,0.5421,0.1775,0,0
Championship,2020/2021,2020-11-25,13,Middlesbrough,Derby_County,3,0,1.9495,0.6153,0,0
Championship,2020/2021,2020-11-25,13,Coventry_City,Cardiff_City,1,0,0.7519,0.4183,0,0
Championship,2020/2021,2020-11-27,14,Brentford,Queens_Park_Rangers,2,1,1.0417,1.3178,0,0
League One,2020/2021,2020-11-27,14,Fleetwood_Town,Sunderland,1,1,1.39579,1.2478,0,0
Premier League,2020/2021,2020-11-27,10,Crystal_Palace,Newcastle_United,0,2,0.6061,1.2918,0,0
Premier League,2020/2021,2020-11-28,10,Brighton_&_Hove_Albion,Liverpool,1,1,2.2811,0.2413,0,0
Premier League,2020/2021,2020-11-28,10,Manchester_City,Burnley,5,0,1.6968,0.4892,0,0
Premier League,2020/2021,2020-11-28,10,Everton,Leeds_United,0,1,1.2227,3.21108,0,0
Premier League,2020/2021,2020-11-28,10,West_Bromwich_Albion,Sheffield_United,1,0,1.2868,3.1222,0,0
Championship,2020/2021,2020-11-28,14,Rotherham_United,AFC_Bournemouth,2,2,1.379,1.5778,0,0
Championship,2020/2021,2020-11-28,14,Watford,Preston_North_End,4,1,3.3127,0.726,0,0
League One,2020/2021,2020-11-28,8,Oxford_United,Swindon_Town,1,2,1.6662,0.8829,0,0
League One,2020/2021,2020-11-28,5,Ipswich_Town,Charlton_Athletic,0,2,1.0204,1.1407,0,0
Championship,2020/2021,2020-11-28,14,Birmingham_City,Millwall,0,0,0.9572,0.4887,0,0
Championship,2020/2021,2020-11-28,14,Blackburn_Rovers,Barnsley,2,1,0.9077,1.1114,0,0
Championship,2020/2021,2020-11-28,14,Cardiff_City,Luton_Town,4,0,2.6518,0.1887,0,0
Championship,2020/2021,2020-11-28,14,Reading,Bristol_City,3,1,1.8677,0.9492,0,0
Championship,2020/2021,2020-11-28,14,Huddersfield_Town,Middlesbrough,3,2,1.6713,2.0894,0,0
Championship,2020/2021,2020-11-28,14,Norwich_City,Coventry_City,1,1,1.80955,1.6577,0,0
Championship,2020/2021,2020-11-28,14,Sheffield_Wednesday,Stoke_City,0,0,0.1592,0.7323,0,0
Championship,2020/2021,2020-11-28,14,Derby_County,Wycombe_Wanderers,1,1,2.55429,1.8024,0,0
Championship,2020/2021,2020-11-29,14,Nottingham_Forest,Swansea_City,0,1,1.20708,0.9319,0,0
Premier League,2020/2021,2020-11-29,10,Southampton,Manchester_United,2,3,0.4551,2.10696,0,0
Premier League,2020/2021,2020-11-29,10,Chelsea,Tottenham_Hotspur,0,0,0.8264,0.1923,0,0
Premier League,2020/2021,2020-11-29,10,Arsenal,Wolverhampton_Wanderers,1,2,1.5291,1.78397,0,0
Premier League,2020/2021,2020-11-30,10,West_Ham_United,Aston_Villa,2,1,0.4111,2.5033,0,0
Premier League,2020/2021,2020-11-30,10,Leicester_City,Fulham,1,2,1.1799,2.2387,0,0
League One,2020/2021,2020-12-01,15,Blackpool,Portsmouth,1,0,1.0016,0.4229,0,0
League One,2020/2021,2020-12-01,15,Crewe_Alexandra,Swindon_Town,4,2,2.15846,0.5476,0,0
League One,2020/2021,2020-12-01,15,Sunderland,Burton_Albion,1,1,1.70091,0.9799,0,0
League One,2020/2021,2020-12-01,15,Oxford_United,Ipswich_Town,0,0,0.9458,0.3213,0,0
League One,2020/2021,2020-12-01,15,Plymouth_Argyle,Rochdale,0,4,1.38551,1.4852,0,0
Championship,2020/2021,2020-12-01,15,Cardiff_City,Huddersfield_Town,3,0,2.0894,0.6168,0,0
Championship,2020/2021,2020-12-01,15,AFC_Bournemouth,Preston_North_End,2,3,1.0468,1.4194,0,0
Championship,2020/2021,2020-12-01,15,Birmingham_City,Barnsley,1,2,0.6413,1.4835,0,0
Championship,2020/2021,2020-12-01,15,Derby_County,Coventry_City,1,1,1.1903,1.3142,0,0
Championship,2020/2021,2020-12-01,15,Queens_Park_Rangers,Bristol_City,1,2,2.7093,2.1278,0,0
Championship,2020/2021,2020-12-01,15,Rotherham_United,Brentford,0,2,0.4372,1.6336,0,0
League One,2020/2021,2020-12-01,15,Northampton_Town,Fleetwood_Town,1,0,1.1528,0.9642,0,0
League One,2020/2021,2020-12-01,15,Lincoln_City,Wigan_Athletic,2,1,0.944,0.2626,0,0
Championship,2020/2021,2020-12-02,15,Middlesbrough,Swansea_City,2,1,1.3756,0.883256,0,0
Championship,2020/2021,2020-12-02,15,Blackburn_Rovers,Millwall,2,1,0.9169,1.7552,0,0
Championship,2020/2021,2020-12-02,15,Nottingham_Forest,Watford,0,0,0.6667,0.2607,0,0
Championship,2020/2021,2020-12-02,15,Sheffield_Wednesday,Reading,1,1,0.2097,2.4861,0,0
Championship,2020/2021,2020-12-02,15,Luton_Town,Norwich_City,3,1,1.3639,1.2229,1,0
League One,2020/2021,2020-12-02,15,Bristol_Rovers,Gillingham,0,2,1.0045,2.6505,0,0
League One,2020/2021,2020-12-02,15,AFC_Wimbledon,Peterborough_United,2,1,1.68802,1.3916,0,0
Championship,2020/2021,2020-12-02,15,Wycombe_Wanderers,Stoke_City,0,1,0.4133,1.4693,1,0
League One,2020/2021,2020-12-02,15,Hull_City,Doncaster_Rovers,2,1,1.907,0.2992,0,0
League One,2020/2021,2020-12-02,15,Charlton_Athletic,Milton_Keynes_Dons,0,1,0.8552,0.942449,1,0
League One,2020/2021,2020-12-02,15,Shrewsbury_Town,Accrington_Stanley,2,2,1.3308,1.80184,1,0
Championship,2020/2021,2020-12-04,16,Barnsley,AFC_Bournemouth,0,4,0.5172,1.5483,0,0
League One,2020/2021,2020-12-05,16,AFC_Wimbledon,Bristol_Rovers,2,4,1.7038,2.3272,0,0
League One,2020/2021,2020-12-05,16,Accrington_Stanley,Milton_Keynes_Dons,2,1,1.8514,0.7748,0,0
League One,2020/2021,2020-12-05,16,Burton_Albion,Crewe_Alexandra,1,1,0.341,0.5627,0,0
League One,2020/2021,2020-12-05,16,Northampton_Town,Doncaster_Rovers,0,2,0.3698,2.3865,1,0
League One,2020/2021,2020-12-05,16,Oxford_United,Hull_City,1,1,0.4401,1.12716,1,0
League One,2020/2021,2020-12-05,16,Plymouth_Argyle,Ipswich_Town,1,2,1.0581,1.1133,1,0
League One,2020/2021,2020-12-05,16,Portsmouth,Peterborough_United,2,0,1.55143,0.2664,1,0
League One,2020/2021,2020-12-05,16,Rochdale,Lincoln_City,0,2,0.2955,0.6253,0,0
League One,2020/2021,2020-12-05,16,Shrewsbury_Town,Charlton_Athletic,1,1,2.0299,0.3985,1,0
League One,2020/2021,2020-12-05,16,Gillingham,Swindon_Town,2,0,0.9104,1.60087,0,0
League One,2020/2021,2020-12-05,16,Fleetwood_Town,Blackpool,0,1,0.4432,0.4661,0,0
Championship,2020/2021,2020-12-05,16,Watford,Cardiff_City,0,1,0.922,0.4559,1,0
Premier League,2020/2021,2020-12-05,11,Manchester_City,Fulham,2,0,2.86349,0.2879,0,0
League One,2020/2021,2020-12-05,16,Sunderland,Wigan_Athletic,0,1,0.864,0.059,0,0
Premier League,2020/2021,2020-12-05,11,Chelsea,Leeds_United,3,1,4.20509,0.7877,1,0
Premier League,2020/2021,2020-12-05,11,West_Ham_United,Manchester_United,1,3,2.0849,1.6654,1,0
Championship,2020/2021,2020-12-05,16,Reading,Nottingham_Forest,2,0,3.6937,0.4696,1,0
Championship,2020/2021,2020-12-05,16,Brentford,Blackburn_Rovers,2,2,1.422,0.5134,1,0
Premier League,2020/2021,2020-12-05,11,Burnley,Everton,1,1,0.7927,2.2078,0,0
Championship,2020/2021,2020-12-05,16,Coventry_City,Rotherham_United,3,1,1.98683,1.6314,0,0
Championship,2020/2021,2020-12-05,16,Bristol_City,Birmingham_City,0,1,0.69,0.5019,0,0
Championship,2020/2021,2020-12-05,16,Millwall,Derby_County,0,1,1.0317,0.968696,1,0
Championship,2020/2021,2020-12-05,16,Norwich_City,Sheffield_Wednesday,2,1,2.0854,0.7196,1,0
Championship,2020/2021,2020-12-05,16,Preston_North_End,Wycombe_Wanderers,2,2,1.338,1.95128,0,0
Championship,2020/2021,2020-12-05,16,Stoke_City,Middlesbrough,1,0,1.1125,1.05542,0,0
Championship,2020/2021,2020-12-05,16,Swansea_City,Luton_Town,2,0,0.8627,1.1044,0,0
Championship,2020/2021,2020-12-05,16,Huddersfield_Town,Queens_Park_Rangers,2,0,1.0181,0.1757,0,0
Premier League,2020/2021,2020-12-06,11,West_Bromwich_Albion,Crystal_Palace,1,5,0.6649,1.6699,0,0
Premier League,2020/2021,2020-12-06,11,Liverpool,Wolverhampton_Wanderers,4,0,1.2008,0.4004,1,0
Premier League,2020/2021,2020-12-06,11,Sheffield_United,Leicester_City,1,2,0.2412,1.4185,0,0
Premier League,2020/2021,2020-12-06,11,Tottenham_Hotspur,Arsenal,2,0,0.267,0.6237,1,0
Premier League,2020/2021,2020-12-07,11,Brighton_&_Hove_Albion,Southampton,1,2,1.9432,1.4132,1,0
Championship,2020/2021,2020-12-08,17,Coventry_City,Luton_Town,0,0,0.3243,0.5988,0,0
Championship,2020/2021,2020-12-08,17,Millwall,Queens_Park_Rangers,1,1,0.746,0.792,1,0
Championship,2020/2021,2020-12-08,17,Stoke_City,Cardiff_City,1,2,0.975,0.7778,0,0
Championship,2020/2021,2020-12-08,17,Swansea_City,AFC_Bournemouth,0,0,0.3859,1.1313,0,0
Championship,2020/2021,2020-12-08,17,Watford,Rotherham_United,2,0,2.2856,1.0506,1,0
Championship,2020/2021,2020-12-08,17,Huddersfield_Town,Sheffield_Wednesday,2,0,1.4445,0.4296,0,0
Championship,2020/2021,2020-12-09,17,Brentford,Derby_County,0,0,1.3141,0.249309,1,0
Championship,2020/2021,2020-12-09,17,Preston_North_End,Middlesbrough,3,0,1.73939,0.9143,0,0
Championship,2020/2021,2020-12-09,17,Barnsley,Wycombe_Wanderers,2,1,1.5,1.0818,0,0
Championship,2020/2021,2020-12-09,17,Bristol_City,Blackburn_Rovers,1,0,1.2767,1.273,0,0
Championship,2020/2021,2020-12-09,17,Norwich_City,Nottingham_Forest,2,1,0.9221,0.8475,1,0
Championship,2020/2021,2020-12-09,17,Reading,Birmingham_City,1,2,1.9491,0.1813,1,0
Premier League,2020/2021,2020-12-11,12,Leeds_United,West_Ham_United,1,2,1.5596,1.33,0,0
Championship,2020/2021,2020-12-12,18,Sheffield_Wednesday,Barnsley,1,2,0.7186,2.393,0,0
League One,2020/2021,2020-12-12,17,Crewe_Alexandra,Northampton_Town,2,1,2.99057,0.8756,1,0
League One,2020/2021,2020-12-12,17,Doncaster_Rovers,Gillingham,2,1,2.63828,0.2708,0,0
League One,2020/2021,2020-12-12,17,Hull_City,Shrewsbury_Town,0,1,0.8888,0.5988,0,0
League One,2020/2021,2020-12-12,17,Ipswich_Town,Portsmouth,0,2,0.4495,1.347,1,0
League One,2020/2021,2020-12-12,17,Lincoln_City,Sunderland,0,4,1.1601,2.895,0,0
League One,2020/2021,2020-12-12,17,Milton_Keynes_Dons,Burton_Albion,1,1,1.9079,1.7048,1,0
League One,2020/2021,2020-12-12,17,Charlton_Athletic,AFC_Wimbledon,5,2,2.71135,0.8165,1,0
League One,2020/2021,2020-12-12,17,Peterborough_United,Rochdale,4,1,3.1249,0.9521,1,0
League One,2020/2021,2020-12-12,17,Swindon_Town,Fleetwood_Town,0,1,0.6185,0.7338,1,0
Championship,2020/2021,2020-12-12,18,Rotherham_United,Bristol_City,2,0,2.2656,0.2617,0,0
League One,2020/2021,2020-12-12,17,Wigan_Athletic,Accrington_Stanley,4,3,1.55788,1.72409,0,0
Championship,2020/2021,2020-12-12,18,AFC_Bournemouth,Huddersfield_Town,5,0,2.7988,0.6513,1,0
Championship,2020/2021,2020-12-12,18,Birmingham_City,Watford,0,1,0.4706,1.3757,0,0
Championship,2020/2021,2020-12-12,18,Blackburn_Rovers,Norwich_City,1,2,1.1673,1.74563,0,0
Championship,2020/2021,2020-12-12,18,Derby_County,Stoke_City,0,0,1.0481,0.1823,0,0
League One,2020/2021,2020-12-12,17,Blackpool,Oxford_United,0,0,0.4254,0.6325,0,0
Championship,2020/2021,2020-12-12,18,Middlesbrough,Millwall,3,0,2.5572,0.6534,0,0
Championship,2020/2021,2020-12-12,18,Nottingham_Forest,Brentford,1,3,0.584353,1.0433,0,0
Championship,2020/2021,2020-12-12,18,Queens_Park_Rangers,Reading,0,1,1.0146,0.2947,1,0
Championship,2020/2021,2020-12-12,18,Wycombe_Wanderers,Coventry_City,1,2,1.5395,0.8825,1,0
Championship,2020/2021,2020-12-12,18,Cardiff_City,Swansea_City,0,2,0.5709,1.0647,0,0
Championship,2020/2021,2020-12-12,18,Luton_Town,Preston_North_End,3,0,2.6014,0.6103,1,0
League One,2020/2021,2020-12-12,17,Bristol_Rovers,Plymouth_Argyle,3,0,2.28,2.1092,0,0
Premier League,2020/2021,2020-12-12,12,Newcastle_United,West_Bromwich_Albion,2,1,0.8149,0.6266,0,0
Premier League,2020/2021,2020-12-12,12,Manchester_United,Manchester_City,0,0,0.6427,1.32713,0,0
Premier League,2020/2021,2020-12-12,12,Everton,Chelsea,1,0,1.2207,0.6632,1,0
Premier League,2020/2021,2020-12-12,12,Wolverhampton_Wanderers,Aston_Villa,0,1,1.13188,1.3784,0,0
Premier League,2020/2021,2020-12-13,12,Southampton,Sheffield_United,3,0,1.9945,0.3176,1,0
Premier League,2020/2021,2020-12-13,12,Crystal_Palace,Tottenham_Hotspur,1,1,1.6277,0.9544,1,0
Premier League,2020/2021,2020-12-13,12,Fulham,Liverpool,1,1,1.493,1.8211,1,0
Premier League,2020/2021,2020-12-13,12,Arsenal,Burnley,0,1,1.6288,1.4708,1,0
Premier League,2020/2021,2020-12-13,12,Leicester_City,Brighton_&_Hove_Albion,3,0,1.5606,0.8923,0,0
Championship,2020/2021,2020-12-15,19,Nottingham_Forest,Sheffield_Wednesday,2,0,1.39,0.2782,0,0
League One,2020/2021,2020-12-15,18,Portsmouth,Fleetwood_Town,0,0,0.6908,0.7347,1,0
League One,2020/2021,2020-12-15,18,Oxford_United,Northampton_Town,4,0,2.2046,0.2793,1,0
League One,2020/2021,2020-12-15,18,Milton_Keynes_Dons,Peterborough_United,1,1,0.8925,0.2127,1,0
League One,2020/2021,2020-12-15,18,Ipswich_Town,Burton_Albion,2,1,2.5927,0.6545,1,0
League One,2020/2021,2020-12-15,18,Doncaster_Rovers,Swindon_Town,2,1,1.4056,1.4944,0,0
League One,2020/2021,2020-12-15,18,Sunderland,AFC_Wimbledon,1,1,0.4569,1.8673,0,0
League One,2020/2021,2020-12-15,18,Lincoln_City,Shrewsbury_Town,0,1,1.2394,0.4721,0,0
Championship,2020/2021,2020-12-15,19,Queens_Park_Rangers,Stoke_City,0,0,1.0387,0.5043,1,0
League One,2020/2021,2020-12-15,18,Crewe_Alexandra,Plymouth_Argyle,2,1,1.3531,0.5051,1,0
League One,2020/2021,2020-12-15,18,Blackpool,Hull_City,3,2,1.8423,1.0079,0,0
League One,2020/2021,2020-12-15,18,Gillingham,Accrington_Stanley,0,2,0.8962,2.2223,0,0
League One,2020/2021,2020-12-15,18,Wigan_Athletic,Rochdale,0,5,0.535,2.6264,0,0
Championship,2020/2021,2020-12-15,19,AFC_Bournemouth,Wycombe_Wanderers,1,0,3.0007,0.4618,1,0
Championship,2020/2021,2020-12-15,19,Watford,Brentford,1,1,1.7614,1.9929,1,0
Championship,2020/2021,2020-12-15,19,Bristol_City,Millwall,0,2,0.178,1.5012,0,0
Premier League,2020/2021,2020-12-15,13,Wolverhampton_Wanderers,Chelsea,2,1,0.5008,1.04785,0,0
Premier League,2020/2021,2020-12-15,13,Manchester_City,West_Bromwich_Albion,1,1,2.2238,0.4662,0,0
Championship,2020/2021,2020-12-15,19,Barnsley,Preston_North_End,2,1,0.6532,0.887361,0,0
Championship,2020/2021,2020-12-16,19,Cardiff_City,Birmingham_City,3,2,3.01342,0.7259,0,0
Championship,2020/2021,2020-12-16,19,Middlesbrough,Luton_Town,1,0,1.315,1.69952,0,0
Championship,2020/2021,2020-12-16,19,Blackburn_Rovers,Rotherham_United,2,1,1.6454,1.5246,0,0
Championship,2020/2021,2020-12-16,19,Coventry_City,Huddersfield_Town,0,0,0.4833,1.0319,0,0
Championship,2020/2021,2020-12-16,19,Reading,Norwich_City,1,2,0.3692,1.4917,1,0
Premier League,2020/2021,2020-12-16,13,Arsenal,Southampton,1,1,0.5952,1.1808,0,0
Premier League,2020/2021,2020-12-16,13,Leicester_City,Everton,0,2,0.8527,1.40612,0,0
Premier League,2020/2021,2020-12-16,13,Fulham,Brighton_&_Hove_Albion,0,0,0.999653,0.480246,0,0
Premier League,2020/2021,2020-12-16,13,Leeds_United,Newcastle_United,5,2,2.7265,1.6,0,0
Premier League,2020/2021,2020-12-16,13,Liverpool,Tottenham_Hotspur,2,1,0.9797,1.161,1,0
Championship,2020/2021,2020-12-16,19,Derby_County,Swansea_City,2,0,1.1004,0.1706,0,0
Premier League,2020/2021,2020-12-16,13,West_Ham_United,Crystal_Palace,1,1,0.4376,1.1198,0,0
Premier League,2020/2021,2020-12-17,13,Aston_Villa,Burnley,0,0,1.5475,0.3285,0,0
Premier League,2020/2021,2020-12-17,13,Sheffield_United,Manchester_United,2,3,1.4733,1.9253,0,0
League One,2020/2021,2020-12-18,19,Hull_City,Portsmouth,0,2,1.0739,0.2354,0,0
Championship,2020/2021,2020-12-18,20,Preston_North_End,Bristol_City,1,0,2.0265,0.984,0,0
Championship,2020/2021,2020-12-19,20,Wycombe_Wanderers,Queens_Park_Rangers,1,1,2.01289,0.5431,0,0
Championship,2020/2021,2020-12-19,20,Brentford,Reading,3,1,0.8098,0.5629,0,0
Championship,2020/2021,2020-12-19,20,Birmingham_City,Middlesbrough,1,4,0.6108,0.9661,0,0
Championship,2020/2021,2020-12-19,20,Norwich_City,Cardiff_City,2,0,1.1361,0.9013,1,0
Championship,2020/2021,2020-12-19,20,Swansea_City,Barnsley,2,0,0.7951,0.6219,0,0
Championship,2020/2021,2020-12-19,20,Luton_Town,AFC_Bournemouth,0,0,0.7646,0.7784,0,0
Championship,2020/2021,2020-12-19,20,Millwall,Nottingham_Forest,1,1,1.1082,0.5732,0,0
Championship,2020/2021,2020-12-19,20,Stoke_City,Blackburn_Rovers,1,0,0.5189,1.4859,0,0
Championship,2020/2021,2020-12-19,20,Sheffield_Wednesday,Coventry_City,1,0,1.3562,0.959632,0,0
Championship,2020/2021,2020-12-19,20,Huddersfield_Town,Watford,2,0,0.796,3.4487,0,0
League One,2020/2021,2020-12-19,19,AFC_Wimbledon,Crewe_Alexandra,1,2,1.18595,1.9111,0,0
League One,2020/2021,2020-12-19,19,Accrington_Stanley,Blackpool,0,0,1.68845,0.3033,0,0
League One,2020/2021,2020-12-19,19,Burton_Albion,Doncaster_Rovers,1,3,1.1359,1.6648,0,0
League One,2020/2021,2020-12-19,19,Fleetwood_Town,Wigan_Athletic,1,1,0.5696,1.07765,0,0
League One,2020/2021,2020-12-19,19,Northampton_Town,Lincoln_City,0,4,0.6512,1.9297,1,0
League One,2020/2021,2020-12-19,19,Plymouth_Argyle,Milton_Keynes_Dons,1,0,1.3793,0.4219,1,0
League One,2020/2021,2020-12-19,19,Swindon_Town,Charlton_Athletic,2,2,0.7628,2.1305,1,0
Premier League,2020/2021,2020-12-19,14,Crystal_Palace,Liverpool,0,7,0.3067,2.5597,0,0
Premier League,2020/2021,2020-12-19,14,Southampton,Manchester_City,0,1,0.733383,0.8692,1,0
Premier League,2020/2021,2020-12-19,14,Everton,Arsenal,2,1,0.6367,1.3812,1,0
Premier League,2020/2021,2020-12-19,14,Newcastle_United,Fulham,1,1,1.3934,0.9825,0,0
League One,2020/2021,2020-12-19,19,Rochdale,Gillingham,1,4,0.3396,2.93479,0,0
Premier League,2020/2021,2020-12-20,14,West_Bromwich_Albion,Aston_Villa,0,3,0.0494,2.355,0,0
Premier League,2020/2021,2020-12-20,14,Tottenham_Hotspur,Leicester_City,0,2,0.7442,1.7076,0,0
Premier League,2020/2021,2020-12-20,14,Brighton_&_Hove_Albion,Sheffield_United,1,1,2.8787,0.5435,1,0
Premier League,2020/2021,2020-12-20,14,Manchester_United,Leeds_United,6,2,3.64632,1.7836,0,0
Premier League,2020/2021,2020-12-21,14,Burnley,Wolverhampton_Wanderers,2,1,1.7332,1.4839,0,0
Premier League,2020/2021,2020-12-21,14,Chelsea,West_Ham_United,3,0,2.07303,0.4135,0,0
League One,2020/2021,2020-12-22,5,Doncaster_Rovers,Shrewsbury_Town,0,1,0.8426,0.7226,0,0
Premier League,2020/2021,2020-12-26,15,Leicester_City,Manchester_United,2,2,0.9074,1.7064,0,0
Premier League,2020/2021,2020-12-26,15,Aston_Villa,Crystal_Palace,3,0,4.32903,0.8724,0,0
Premier League,2020/2021,2020-12-26,15,Fulham,Southampton,0,0,0.7463,0.1749,0,0
Premier League,2020/2021,2020-12-26,15,Arsenal,Chelsea,3,1,2.0581,2.6028,0,0
Premier League,2020/2021,2020-12-26,15,Manchester_City,Newcastle_United,2,0,2.989,0.2736,0,0
Premier League,2020/2021,2020-12-26,15,Sheffield_United,Everton,0,1,1.3552,0.6992,0,0
Championship,2020/2021,2020-12-26,21,Watford,Norwich_City,1,0,1.9815,0.5856,0,0
Championship,2020/2021,2020-12-26,21,Barnsley,Huddersfield_Town,2,1,2.51103,0.8784,0,0
Championship,2020/2021,2020-12-26,21,Queens_Park_Rangers,Swansea_City,0,2,1.3506,1.65005,0,0
League One,2020/2021,2020-12-26,20,Wigan_Athletic,Shrewsbury_Town,1,1,1.0073,1.2873,0,0
League One,2020/2021,2020-12-26,20,Oxford_United,AFC_Wimbledon,2,0,0.7508,2.34935,0,0
League One,2020/2021,2020-12-26,20,Milton_Keynes_Dons,Bristol_Rovers,2,0,2.1117,0.641379,0,0
League One,2020/2021,2020-12-26,20,Lincoln_City,Burton_Albion,5,1,3.07836,0.8403,0,0
League One,2020/2021,2020-12-26,20,Crewe_Alexandra,Fleetwood_Town,1,1,1.5215,1.01,0,0
Championship,2020/2021,2020-12-26,21,Reading,Luton_Town,2,1,0.5416,0.6877,0,0
Championship,2020/2021,2020-12-26,21,Nottingham_Forest,Birmingham_City,0,0,1.2009,0.3989,0,0
Championship,2020/2021,2020-12-26,21,Derby_County,Preston_North_End,0,1,0.2359,0.6619,0,0
Championship,2020/2021,2020-12-26,21,Coventry_City,Stoke_City,0,0,0.3574,1.1904,0,0
Championship,2020/2021,2020-12-26,21,Cardiff_City,Brentford,2,3,0.1993,0.8528,0,0
Championship,2020/2021,2020-12-26,21,Bristol_City,Wycombe_Wanderers,2,1,0.9784,0.5855,0,0
Championship,2020/2021,2020-12-26,21,Blackburn_Rovers,Sheffield_Wednesday,1,1,0.9228,0.3864,0,0
League One,2020/2021,2020-12-26,20,Charlton_Athletic,Plymouth_Argyle,2,2,1.2375,1.3475,0,0
Premier League,2020/2021,2020-12-27,15,Wolverhampton_Wanderers,Tottenham_Hotspur,1,1,0.8597,0.3929,0,0
Premier League,2020/2021,2020-12-27,15,Liverpool,West_Bromwich_Albion,1,1,1.5441,0.5632,1,0
Premier League,2020/2021,2020-12-27,15,West_Ham_United,Brighton_&_Hove_Albion,2,2,1.2863,1.158,0,0
Premier League,2020/2021,2020-12-27,15,Leeds_United,Burnley,1,0,1.8972,1.5362,0,0
Premier League,2020/2021,2020-12-28,16,Chelsea,Aston_Villa,1,1,1.7915,0.7039,0,0
Premier League,2020/2021,2020-12-28,16,Crystal_Palace,Leicester_City,1,1,0.4768,1.9398,0,0
Championship,2020/2021,2020-12-29,22,Huddersfield_Town,Blackburn_Rovers,2,1,1.7567,1.77503,0,0
Championship,2020/2021,2020-12-29,22,Sheffield_Wednesday,Middlesbrough,2,1,1.1392,2.0231,0,0
Championship,2020/2021,2020-12-29,22,Birmingham_City,Derby_County,0,4,0.4297,3.7012,0,0
Championship,2020/2021,2020-12-29,22,Preston_North_End,Coventry_City,2,0,0.9552,0.532854,0,0
Championship,2020/2021,2020-12-29,22,Rotherham_United,Barnsley,1,2,1.646,1.4018,0,0
Championship,2020/2021,2020-12-29,22,Wycombe_Wanderers,Cardiff_City,2,1,1.2341,1.53562,0,0
Championship,2020/2021,2020-12-29,22,Stoke_City,Nottingham_Forest,1,1,0.5276,0.9577,0,0
Championship,2020/2021,2020-12-29,22,Luton_Town,Bristol_City,2,1,0.8456,1.4008,0,0
Championship,2020/2021,2020-12-29,22,Norwich_City,Queens_Park_Rangers,1,1,2.4224,2.0947,0,0
Premier League,2020/2021,2020-12-29,16,Manchester_United,Wolverhampton_Wanderers,1,0,1.51191,0.4837,0,0
Premier League,2020/2021,2020-12-29,16,Burnley,Sheffield_United,1,0,1.0125,0.6785,0,0
Premier League,2020/2021,2020-12-29,16,Southampton,West_Ham_United,0,0,0.6112,1.1599,0,0
Premier League,2020/2021,2020-12-29,16,West_Bromwich_Albion,Leeds_United,0,5,0.4746,1.2298,0,0
Premier League,2020/2021,2020-12-29,16,Brighton_&_Hove_Albion,Arsenal,0,1,0.8921,1.1081,0,0
League One,2020/2021,2020-12-29,21,Burton_Albion,Wigan_Athletic,3,4,1.32905,1.6427,0,0
League One,2020/2021,2020-12-29,21,Shrewsbury_Town,Blackpool,1,0,1.59852,0.6185,1,0
League One,2020/2021,2020-12-29,21,Plymouth_Argyle,Oxford_United,2,3,1.3266,3.2567,1,0
League One,2020/2021,2020-12-29,21,Northampton_Town,Gillingham,3,1,2.4941,0.6972,0,0
League One,2020/2021,2020-12-29,21,Swindon_Town,Milton_Keynes_Dons,1,4,0.2803,1.22062,0,0
Premier League,2020/2021,2020-12-30,16,Newcastle_United,Liverpool,0,0,0.4779,1.4047,0,0
Championship,2020/2021,2020-12-30,22,Swansea_City,Reading,0,0,1.3406,0.6177,0,0
Championship,2020/2021,2020-12-30,22,Brentford,AFC_Bournemouth,2,1,2.0802,1.7177,0,0
Championship,2020/2021,2021-01-01,23,Sheffield_Wednesday,Derby_County,1,0,1.84658,1.7433,0,0
Premier League,2020/2021,2021-01-01,17,Everton,West_Ham_United,0,1,0.4053,1.3825,0,0
Premier League,2020/2021,2021-01-01,17,Manchester_United,Aston_Villa,2,1,2.13,1.4062,0,0
Premier League,2020/2021,2021-01-02,17,Brighton_&_Hove_Albion,Wolverhampton_Wanderers,3,3,2.2045,1.5749,0,0
Premier League,2020/2021,2021-01-02,17,Crystal_Palace,Sheffield_United,2,0,0.5843,0.3726,0,0
Premier League,2020/2021,2021-01-02,17,Tottenham_Hotspur,Leeds_United,3,0,2.6152,1.1388,0,0
Premier League,2020/2021,2021-01-02,17,West_Bromwich_Albion,Arsenal,0,4,0.9542,3.70253,0,0
Championship,2020/2021,2021-01-02,23,Birmingham_City,Blackburn_Rovers,0,2,0.3371,1.86821,0,0
Championship,2020/2021,2021-01-02,23,Wycombe_Wanderers,Middlesbrough,1,3,0.6734,3.0874,0,0
Championship,2020/2021,2021-01-02,23,Millwall,Coventry_City,1,2,1.2206,1.3613,0,0
League One,2020/2021,2021-01-02,22,Plymouth_Argyle,Gillingham,1,0,1.0581,1.8586,0,0
League One,2020/2021,2021-01-02,22,Northampton_Town,Sunderland,0,0,0.3521,1.0777,0,0
League One,2020/2021,2021-01-02,22,Hull_City,Charlton_Athletic,2,0,2.8702,0.2943,0,0
League One,2020/2021,2021-01-02,22,Burton_Albion,Oxford_United,1,5,1.4873,1.4559,0,0
League One,2020/2021,2021-01-02,22,Bristol_Rovers,Blackpool,2,1,1.8777,1.587,0,0
League One,2020/2021,2021-01-02,22,AFC_Wimbledon,Lincoln_City,1,2,1.196,0.5502,0,0
Championship,2020/2021,2021-01-02,23,Stoke_City,AFC_Bournemouth,0,1,0.7291,0.9667,0,0
Championship,2020/2021,2021-01-02,23,Swansea_City,Watford,2,1,1.4688,1.51098,0,0
Championship,2020/2021,2021-01-02,23,Preston_North_End,Nottingham_Forest,0,1,0.777,1.2423,0,0
Championship,2020/2021,2021-01-02,23,Norwich_City,Barnsley,1,0,1.7297,1.1839,0,0
Championship,2020/2021,2021-01-02,23,Huddersfield_Town,Reading,1,2,0.871,0.999009,0,0
Premier League,2020/2021,2021-01-03,17,Newcastle_United,Leicester_City,1,2,0.4992,0.6175,0,0
Premier League,2020/2021,2021-01-03,17,Chelsea,Manchester_City,1,3,0.8448,2.66978,0,0
Premier League,2020/2021,2021-01-04,17,Southampton,Liverpool,1,0,0.3885,1.5298,0,0
League One,2020/2021,2021-01-08,23,Charlton_Athletic,Accrington_Stanley,0,2,0.841292,2.0137,0,0
League One,2020/2021,2021-01-09,23,Gillingham,Burton_Albion,0,1,1.57777,0.4683,0,0
League One,2020/2021,2021-01-09,23,Lincoln_City,Peterborough_United,1,1,2.7034,1.1803,0,0
League One,2020/2021,2021-01-09,21,Rochdale,Crewe_Alexandra,3,3,1.4303,2.41678,0,0
League One,2020/2021,2021-01-09,20,Sunderland,Hull_City,1,1,0.8108,1.6801,0,0
League One,2020/2021,2021-01-09,23,Ipswich_Town,Swindon_Town,2,3,2.2774,0.814,0,0
League One,2020/2021,2021-01-12,12,Charlton_Athletic,Rochdale,4,4,2.9335,0.5809,0,0
Premier League,2020/2021,2021-01-12,18,Wolverhampton_Wanderers,Everton,1,2,0.7212,0.5563,0,0
Premier League,2020/2021,2021-01-12,1,Burnley,Manchester_United,0,1,0.9041,1.165,0,0
Premier League,2020/2021,2021-01-12,18,Sheffield_United,Newcastle_United,1,0,2.1047,0.6407,0,0
Championship,2020/2021,2021-01-12,23,Luton_Town,Queens_Park_Rangers,0,2,0.5584,2.1675,0,0
Championship,2020/2021,2021-01-12,21,AFC_Bournemouth,Millwall,1,1,0.7928,1.52854,0,0
Premier League,2020/2021,2021-01-13,18,Manchester_City,Brighton_&_Hove_Albion,1,0,2.01004,0.1932,0,0
Premier League,2020/2021,2021-01-13,16,Tottenham_Hotspur,Fulham,1,1,2.576,1.0825,0,0
Premier League,2020/2021,2021-01-14,18,Arsenal,Crystal_Palace,0,0,0.4469,0.805871,0,0
Championship,2020/2021,2021-01-16,24,AFC_Bournemouth,Luton_Town,0,1,0.8983,0.468998,0,0
Championship,2020/2021,2021-01-16,24,Middlesbrough,Birmingham_City,0,1,1.00068,0.9734,0,0
Championship,2020/2021,2021-01-16,24,Cardiff_City,Norwich_City,1,2,0.5487,2.00265,0,0
Championship,2020/2021,2021-01-16,24,Derby_County,Rotherham_United,0,1,0.4946,1.9513,0,0
Championship,2020/2021,2021-01-16,24,Nottingham_Forest,Millwall,3,1,1.4034,0.7236,0,0
Championship,2020/2021,2021-01-16,24,Watford,Huddersfield_Town,2,0,1.6342,0.1851,0,0
Championship,2020/2021,2021-01-16,24,Barnsley,Swansea_City,0,2,0.6799,0.4865,0,0
Championship,2020/2021,2021-01-16,24,Bristol_City,Preston_North_End,2,0,1.0129,0.4994,0,0
Championship,2020/2021,2021-01-16,24,Blackburn_Rovers,Stoke_City,1,1,1.2419,1.08437,0,0
Premier League,2020/2021,2021-01-16,19,Leeds_United,Brighton_&_Hove_Albion,0,1,0.3019,1.3712,0,0
League One,2020/2021,2021-01-16,24,Swindon_Town,Doncaster_Rovers,1,2,0.4088,1.342,0,0
League One,2020/2021,2021-01-16,24,Bristol_Rovers,Charlton_Athletic,0,1,1.0691,2.3835,0,0
League One,2020/2021,2021-01-16,24,Accrington_Stanley,Gillingham,0,1,1.2407,0.9881,0,0
League One,2020/2021,2021-01-16,24,Hull_City,Blackpool,1,1,0.8339,1.68346,0,0
Premier League,2020/2021,2021-01-16,19,Wolverhampton_Wanderers,West_Bromwich_Albion,2,3,1.5103,2.3802,0,0
League One,2020/2021,2021-01-16,24,Peterborough_United,Milton_Keynes_Dons,3,0,1.5656,0.565122,0,0
League One,2020/2021,2021-01-16,24,Plymouth_Argyle,Crewe_Alexandra,1,1,1.35698,0.7234,0,0
League One,2020/2021,2021-01-16,24,Rochdale,Wigan_Athletic,3,3,1.345,3.0447,0,0
League One,2020/2021,2021-01-16,24,AFC_Wimbledon,Sunderland,0,3,0.4269,1.9505,0,0
Premier League,2020/2021,2021-01-16,19,Leicester_City,Southampton,2,0,2.1748,0.563498,0,0
Premier League,2020/2021,2021-01-16,19,Fulham,Chelsea,0,1,0.7046,1.6238,0,0
Premier League,2020/2021,2021-01-16,19,West_Ham_United,Burnley,1,0,1.7546,0.4686,0,0
League One,2020/2021,2021-01-16,24,Burton_Albion,Ipswich_Town,0,1,0.9268,0.7918,0,0
League One,2020/2021,2021-01-16,24,Fleetwood_Town,Portsmouth,0,1,1.4193,0.8308,0,0
Premier League,2020/2021,2021-01-17,19,Manchester_City,Crystal_Palace,4,0,0.689328,0.0666,0,0
Premier League,2020/2021,2021-01-17,19,Liverpool,Manchester_United,0,0,1.1631,1.1296,0,0
Premier League,2020/2021,2021-01-17,19,Sheffield_United,Tottenham_Hotspur,1,3,0.8628,0.9646,0,0
Premier League,2020/2021,2021-01-18,19,Arsenal,Newcastle_United,3,0,2.40682,0.1724,0,0
League One,2020/2021,2021-01-19,23,Doncaster_Rovers,Rochdale,1,0,0.9851,0.6728,0,0
Championship,2020/2021,2021-01-19,25,Reading,Coventry_City,3,0,1.9031,0.8943,0,0
League One,2020/2021,2021-01-19,23,Milton_Keynes_Dons,Fleetwood_Town,3,1,2.04746,2.94104,0,0
League One,2020/2021,2021-01-19,23,Portsmouth,AFC_Wimbledon,4,0,1.9873,1.1285,0,0
League One,2020/2021,2021-01-19,23,Sunderland,Plymouth_Argyle,1,2,1.2363,0.2961,0,0
League One,2020/2021,2021-01-19,23,Crewe_Alexandra,Bristol_Rovers,3,2,2.386,2.0249,0,0
League One,2020/2021,2021-01-19,21,Peterborough_United,Charlton_Athletic,2,1,1.3872,1.2555,0,0
Championship,2020/2021,2021-01-19,25,Rotherham_United,Stoke_City,3,3,1.1362,1.0002,0,0
Championship,2020/2021,2021-01-19,25,Watford,Barnsley,1,0,2.2016,0.4697,0,0
Championship,2020/2021,2021-01-19,25,Derby_County,AFC_Bournemouth,1,0,1.493,1.2891,0,0
League One,2020/2021,2021-01-19,11,Hull_City,Accrington_Stanley,3,0,2.5731,0.4982,0,0
Premier League,2020/2021,2021-01-19,18,Leicester_City,Chelsea,2,0,1.381,0.7428,0,0
Premier League,2020/2021,2021-01-19,18,West_Ham_United,West_Bromwich_Albion,2,1,2.053,0.4659,0,0
Premier League,2020/2021,2021-01-20,18,Fulham,Manchester_United,1,2,0.9092,1.7406,0,0
Championship,2020/2021,2021-01-20,25,Birmingham_City,Preston_North_End,0,1,0.6205,0.7909,0,0
Championship,2020/2021,2021-01-20,25,Nottingham_Forest,Middlesbrough,1,2,0.334,1.39728,0,0
Championship,2020/2021,2021-01-20,25,Huddersfield_Town,Millwall,0,1,1.7331,0.9308,0,0
Championship,2020/2021,2021-01-20,25,Cardiff_City,Queens_Park_Rangers,0,1,0.965089,0.8631,0,0
Championship,2020/2021,2021-01-20,25,Brentford,Luton_Town,1,0,1.4891,0.8124,0,0
Championship,2020/2021,2021-01-20,25,Norwich_City,Bristol_City,2,0,2.0736,0.0951,0,0
Premier League,2020/2021,2021-01-20,1,Manchester_City,Aston_Villa,2,0,3.48045,0.6311,0,0
Premier League,2020/2021,2021-01-21,18,Liverpool,Burnley,0,1,1.6237,1.0785,0,0
Championship,2020/2021,2021-01-22,26,Stoke_City,Watford,1,2,1.4268,1.6411,0,0
League One,2020/2021,2021-01-23,25,Crewe_Alexandra,AFC_Wimbledon,1,1,1.4622,1.0476,0,0
League One,2020/2021,2021-01-23,25,Gillingham,Rochdale,2,2,2.2405,0.9495,0,0
League One,2020/2021,2021-01-23,25,Ipswich_Town,Peterborough_United,0,1,0.7423,1.3864,0,0
League One,2020/2021,2021-01-23,25,Lincoln_City,Northampton_Town,2,1,1.8639,0.2973,0,0
League One,2020/2021,2021-01-23,25,Charlton_Athletic,Swindon_Town,2,2,4.0218,0.5083,0,0
League One,2020/2021,2021-01-23,25,Oxford_United,Bristol_Rovers,2,0,1.4143,1.2438,0,0
League One,2020/2021,2021-01-23,25,Sunderland,Shrewsbury_Town,1,0,0.8058,0.7737,0,0
League One,2020/2021,2021-01-23,25,Wigan_Athletic,Fleetwood_Town,0,0,1.1587,1.0279,0,0
Premier League,2020/2021,2021-01-23,11,Aston_Villa,Newcastle_United,2,0,2.235,0.4801,0,0
League One,2020/2021,2021-01-23,25,Portsmouth,Hull_City,0,4,0.6903,1.44221,0,0
Championship,2020/2021,2021-01-23,26,Queens_Park_Rangers,Derby_County,0,1,1.03893,0.974714,0,0
Championship,2020/2021,2021-01-24,26,Middlesbrough,Blackburn_Rovers,0,1,1.39739,1.0906,0,0
Championship,2020/2021,2021-01-24,26,Preston_North_End,Reading,0,0,0.4927,1.3429,0,0
League One,2020/2021,2021-01-26,26,Portsmouth,Lincoln_City,0,1,0.3941,1.6126,0,0
League One,2020/2021,2021-01-26,26,Accrington_Stanley,Hull_City,2,0,1.3145,0.9502,0,0
Premier League,2020/2021,2021-01-26,20,Crystal_Palace,West_Ham_United,2,3,0.7015,2.9035,0,0
Premier League,2020/2021,2021-01-26,20,Newcastle_United,Leeds_United,1,2,1.3776,0.7084,0,0
Premier League,2020/2021,2021-01-26,20,West_Bromwich_Albion,Manchester_City,0,5,0.5696,1.8711,0,0
Premier League,2020/2021,2021-01-26,20,Southampton,Arsenal,1,3,0.835404,2.2024,0,0
League One,2020/2021,2021-01-26,26,Peterborough_United,Bristol_Rovers,0,0,1.7852,0.857189,0,0
Championship,2020/2021,2021-01-26,22,Millwall,Watford,0,0,0.1298,0.811053,0,0
Championship,2020/2021,2021-01-26,26,Bristol_City,Huddersfield_Town,2,1,1.2415,2.6551,0,0
League One,2020/2021,2021-01-26,26,Doncaster_Rovers,AFC_Wimbledon,2,0,1.4409,0.9154,0,0
League One,2020/2021,2021-01-26,26,Milton_Keynes_Dons,Charlton_Athletic,0,1,0.6583,1.2317,0,0
League One,2020/2021,2021-01-26,26,Ipswich_Town,Sunderland,0,1,0.2791,1.1455,0,0
League One,2020/2021,2021-01-26,26,Fleetwood_Town,Northampton_Town,0,0,0.4322,1.0768,0,0
League One,2020/2021,2021-01-26,26,Wigan_Athletic,Blackpool,0,5,0.3287,4.39592,0,0
League One,2020/2021,2021-01-26,26,Rochdale,Oxford_United,3,4,0.9569,1.61934,0,0
League One,2020/2021,2021-01-26,26,Gillingham,Crewe_Alexandra,4,1,2.3151,2.1911,0,0
League One,2020/2021,2021-01-26,26,Swindon_Town,Plymouth_Argyle,0,2,0.3037,1.4238,0,0
Championship,2020/2021,2021-01-27,21,Middlesbrough,Rotherham_United,0,3,1.1003,1.5633,0,0
Championship,2020/2021,2021-01-27,24,Coventry_City,Sheffield_Wednesday,2,0,1.9283,0.2887,0,0
Championship,2020/2021,2021-01-27,26,Barnsley,Cardiff_City,2,2,1.0305,0.8098,0,0
Championship,2020/2021,2021-01-27,26,Swansea_City,Brentford,1,1,0.093,2.58021,0,0
Premier League,2020/2021,2021-01-27,20,Burnley,Aston_Villa,3,2,0.5169,2.30975,0,0
Premier League,2020/2021,2021-01-27,20,Chelsea,Wolverhampton_Wanderers,0,0,0.6796,0.5292,0,0
Premier League,2020/2021,2021-01-27,20,Brighton_&_Hove_Albion,Fulham,0,0,1.80187,0.491,0,0
Premier League,2020/2021,2021-01-27,20,Everton,Leicester_City,1,1,0.4714,1.17657,0,0
Premier League,2020/2021,2021-01-27,20,Manchester_United,Sheffield_United,1,2,1.0894,0.9627,0,0
Premier League,2020/2021,2021-01-28,20,Tottenham_Hotspur,Liverpool,1,3,0.1406,2.46464,0,0
Championship,2020/2021,2021-01-29,27,Reading,AFC_Bournemouth,3,1,3.05154,1.4354,0,0
League One,2020/2021,2021-01-30,27,Sunderland,Gillingham,2,2,1.53793,1.425,0,0
League One,2020/2021,2021-01-30,27,Shrewsbury_Town,Peterborough_United,2,0,0.5427,1.2644,0,0
League One,2020/2021,2021-01-30,27,Oxford_United,Fleetwood_Town,1,0,1.99962,0.3077,0,0
League One,2020/2021,2021-01-30,27,Lincoln_City,Doncaster_Rovers,0,1,2.6143,0.5382,0,0
League One,2020/2021,2021-01-30,27,Hull_City,Swindon_Town,1,0,1.2588,0.161,0,0
League One,2020/2021,2021-01-30,27,Crewe_Alexandra,Ipswich_Town,1,1,0.7065,0.4539,0,0
League One,2020/2021,2021-01-30,27,Bristol_Rovers,Rochdale,1,2,2.1333,2.3658,0,0
League One,2020/2021,2021-01-30,27,AFC_Wimbledon,Milton_Keynes_Dons,0,2,0.2206,0.8608,0,0
League One,2020/2021,2021-01-30,27,Plymouth_Argyle,Accrington_Stanley,2,2,1.8489,1.4953,0,0
Championship,2020/2021,2021-01-30,27,Norwich_City,Middlesbrough,0,0,0.8381,0.6089,0,0
Championship,2020/2021,2021-01-30,27,Nottingham_Forest,Barnsley,0,0,0.4071,1.0863,0,0
Championship,2020/2021,2021-01-30,27,Blackburn_Rovers,Luton_Town,1,0,0.8647,0.4011,0,0
Premier League,2020/2021,2021-01-30,21,West_Bromwich_Albion,Fulham,2,2,0.980432,1.34965,0,0
Premier League,2020/2021,2021-01-30,21,Everton,Newcastle_United,0,2,0.7829,1.6596,0,0
Premier League,2020/2021,2021-01-30,21,Manchester_City,Sheffield_United,1,0,1.5694,0.1894,0,0
Premier League,2020/2021,2021-01-30,21,Southampton,Aston_Villa,0,1,1.97034,0.6083,0,0
Championship,2020/2021,2021-01-30,27,Sheffield_Wednesday,Preston_North_End,1,0,0.8837,0.8885,0,0
Championship,2020/2021,2021-01-30,27,Rotherham_United,Swansea_City,1,3,1.2113,0.509,0,0
Premier League,2020/2021,2021-01-30,21,Arsenal,Manchester_United,0,0,0.8633,1.6864,0,0
Championship,2020/2021,2021-01-30,27,Huddersfield_Town,Stoke_City,1,1,0.9239,1.2151,0,0
Championship,2020/2021,2021-01-30,27,Derby_County,Bristol_City,1,0,1.3534,0.202,0,0
Championship,2020/2021,2021-01-30,27,Cardiff_City,Millwall,1,1,2.4533,1.0822,0,0
Championship,2020/2021,2021-01-30,27,Birmingham_City,Coventry_City,1,1,2.2283,0.7958,0,0
Championship,2020/2021,2021-01-30,27,Brentford,Wycombe_Wanderers,7,2,4.34562,0.9926,0,0
Premier League,2020/2021,2021-01-30,21,Crystal_Palace,Wolverhampton_Wanderers,1,0,1.41726,0.3719,0,0
Premier League,2020/2021,2021-01-31,21,Brighton_&_Hove_Albion,Tottenham_Hotspur,1,0,1.6067,0.3756,0,0
Premier League,2020/2021,2021-01-31,21,West_Ham_United,Liverpool,1,3,0.8369,1.9664,0,0
Premier League,2020/2021,2021-01-31,21,Leicester_City,Leeds_United,1,3,1.8221,2.1288,0,0
Premier League,2020/2021,2021-01-31,21,Chelsea,Burnley,2,0,1.1992,0.1992,0,0
Championship,2020/2021,2021-02-01,27,Watford,Queens_Park_Rangers,1,2,1.3864,1.999,0,0
Premier League,2020/2021,2021-02-02,22,Wolverhampton_Wanderers,Arsenal,2,1,1.513,0.7886,0,0
Premier League,2020/2021,2021-02-02,22,Manchester_United,Southampton,9,0,4.66982,0.4765,0,0
Premier League,2020/2021,2021-02-02,22,Newcastle_United,Crystal_Palace,1,2,1.9118,0.752,0,0
Premier League,2020/2021,2021-02-02,22,Sheffield_United,West_Bromwich_Albion,2,1,1.3193,1.55251,0,0
League One,2020/2021,2021-02-02,22,Swindon_Town,Wigan_Athletic,1,0,1.17454,0.4691,0,0
League One,2020/2021,2021-02-02,23,Blackpool,Northampton_Town,2,0,2.6675,0.2996,0,0
Championship,2020/2021,2021-02-02,26,Wycombe_Wanderers,Birmingham_City,0,0,0.4097,1.3884,0,0
League One,2020/2021,2021-02-02,27,Charlton_Athletic,Portsmouth,1,3,0.7241,1.5872,0,0
League One,2020/2021,2021-02-02,8,Accrington_Stanley,Bristol_Rovers,6,1,2.54888,0.6476,0,0
Championship,2020/2021,2021-02-02,26,Millwall,Norwich_City,0,0,1.4901,1.0324,0,0
Championship,2020/2021,2021-02-02,26,AFC_Bournemouth,Sheffield_Wednesday,1,2,1.3766,1.8481,0,0
Championship,2020/2021,2021-02-02,26,Coventry_City,Nottingham_Forest,1,2,0.6843,0.4212,0,0
League One,2020/2021,2021-02-02,22,Shrewsbury_Town,Crewe_Alexandra,0,1,0.7462,0.7955,0,0
Premier League,2020/2021,2021-02-03,22,Aston_Villa,West_Ham_United,1,3,0.741,1.667,0,0
Premier League,2020/2021,2021-02-03,22,Leeds_United,Everton,1,2,1.28444,1.64,0,0
Premier League,2020/2021,2021-02-03,22,Fulham,Leicester_City,0,2,0.5619,1.4434,0,0
Premier League,2020/2021,2021-02-03,22,Burnley,Manchester_City,0,2,0.0739,2.01916,0,0
Premier League,2020/2021,2021-02-03,22,Liverpool,Brighton_&_Hove_Albion,0,1,0.9909,1.2932,0,0
Championship,2020/2021,2021-02-03,23,Brentford,Bristol_City,3,2,1.85371,1.2117,0,0
Championship,2020/2021,2021-02-03,20,Rotherham_United,Derby_County,3,0,1.2612,1.3811,0,0
Premier League,2020/2021,2021-02-04,22,Tottenham_Hotspur,Chelsea,0,1,0.6006,1.5691,0,0
Championship,2020/2021,2021-02-05,28,Swansea_City,Norwich_City,2,0,0.7725,0.7182,0,0
League One,2020/2021,2021-02-05,28,Gillingham,Lincoln_City,0,3,1.09197,2.43218,0,0
League One,2020/2021,2021-02-06,28,Fleetwood_Town,Bristol_Rovers,0,0,1.0367,1.5067,0,0
League One,2020/2021,2021-02-06,28,Ipswich_Town,Blackpool,2,0,1.3746,0.4439,0,0
League One,2020/2021,2021-02-06,28,Doncaster_Rovers,Oxford_United,3,2,0.4918,0.750082,0,0
League One,2020/2021,2021-02-06,28,Burton_Albion,Hull_City,1,0,0.925,0.4628,0,0
League One,2020/2021,2021-02-06,28,Accrington_Stanley,Northampton_Town,0,0,1.02651,1.106,0,0
League One,2020/2021,2021-02-06,28,Peterborough_United,Crewe_Alexandra,2,0,2.3919,0.4468,0,0
Premier League,2020/2021,2021-02-06,23,Burnley,Brighton_&_Hove_Albion,1,1,1.81912,0.52088,0,0
League One,2020/2021,2021-02-06,28,Portsmouth,Plymouth_Argyle,2,2,2.0537,1.8841,0,0
League One,2020/2021,2021-02-06,28,Milton_Keynes_Dons,Sunderland,2,2,3.03477,1.50701,0,0
Championship,2020/2021,2021-02-06,28,Coventry_City,Watford,0,0,1.1312,0.6594,0,0
Championship,2020/2021,2021-02-06,28,AFC_Bournemouth,Birmingham_City,3,2,1.2943,1.5561,0,0
Championship,2020/2021,2021-02-06,28,Bristol_City,Cardiff_City,0,2,0.272,1.1789,0,0
Championship,2020/2021,2021-02-06,28,Luton_Town,Huddersfield_Town,1,1,3.4185,1.3107,0,0
Championship,2020/2021,2021-02-06,28,Middlesbrough,Brentford,1,4,2.13337,2.16666,0,0
Championship,2020/2021,2021-02-06,28,Millwall,Sheffield_Wednesday,4,1,1.6456,0.7324,0,0
Championship,2020/2021,2021-02-06,28,Preston_North_End,Rotherham_United,1,2,1.6059,1.678,0,0
Championship,2020/2021,2021-02-06,28,Queens_Park_Rangers,Blackburn_Rovers,1,0,1.2689,1.36351,0,0
Championship,2020/2021,2021-02-06,28,Stoke_City,Reading,0,0,0.6833,0.4696,0,0
Championship,2020/2021,2021-02-06,28,Wycombe_Wanderers,Nottingham_Forest,0,3,0.5925,2.1229,0,0
League One,2020/2021,2021-02-06,28,Rochdale,Charlton_Athletic,0,2,0.265,1.94592,0,0
League One,2020/2021,2021-02-06,28,Swindon_Town,Shrewsbury_Town,0,1,0.3298,0.2473,0,0
Premier League,2020/2021,2021-02-06,23,Aston_Villa,Arsenal,1,0,1.1656,0.813,0,0
League One,2020/2021,2021-02-06,28,Wigan_Athletic,AFC_Wimbledon,2,3,1.2205,2.5315,0,0
Premier League,2020/2021,2021-02-06,23,Manchester_United,Everton,3,3,1.8006,1.5011,0,0
Premier League,2020/2021,2021-02-06,23,Fulham,West_Ham_United,0,0,1.5026,1.0361,0,0
Premier League,2020/2021,2021-02-06,23,Newcastle_United,Southampton,3,2,0.6914,1.3277,0,0
Premier League,2020/2021,2021-02-07,23,Sheffield_United,Chelsea,1,2,0.6514,1.6038,0,0
Premier League,2020/2021,2021-02-07,23,Wolverhampton_Wanderers,Leicester_City,0,0,1.1529,0.7723,0,0
Premier League,2020/2021,2021-02-07,23,Tottenham_Hotspur,West_Bromwich_Albion,2,0,1.4878,0.563,0,0
Premier League,2020/2021,2021-02-07,23,Liverpool,Manchester_City,1,4,1.2028,3.46911,0,0
Premier League,2020/2021,2021-02-08,23,Leeds_United,Crystal_Palace,2,0,1.92112,0.3634,0,0
League One,2020/2021,2021-02-09,19,Bristol_Rovers,Oxford_United,0,2,1.0305,0.982,0,0
League One,2020/2021,2021-02-09,19,Peterborough_United,Ipswich_Town,2,1,1.7623,0.380144,0,0
League One,2020/2021,2021-02-09,19,Shrewsbury_Town,Sunderland,2,1,1.48286,1.95035,0,0
League One,2020/2021,2021-02-09,21,Hull_City,Lincoln_City,0,0,0.7176,0.3686,0,0
League One,2020/2021,2021-02-09,22,Rochdale,Milton_Keynes_Dons,1,4,1.6266,1.66439,0,0
League One,2020/2021,2021-02-09,27,Northampton_Town,Wigan_Athletic,0,1,0.82,0.844504,0,0
League One,2020/2021,2021-02-09,21,Fleetwood_Town,Doncaster_Rovers,3,1,1.3031,0.3691,0,0
League One,2020/2021,2021-02-09,10,Accrington_Stanley,Plymouth_Argyle,0,1,1.5834,1.5859,0,0
League One,2020/2021,2021-02-09,20,Portsmouth,Swindon_Town,2,0,2.2619,0.3478,0,0
Championship,2020/2021,2021-02-09,23,Rotherham_United,Cardiff_City,1,2,1.5193,1.6784,0,0
Championship,2020/2021,2021-02-09,25,Sheffield_Wednesday,Wycombe_Wanderers,2,0,1.40549,0.6014,0,0
Championship,2020/2021,2021-02-10,24,Reading,Brentford,1,3,1.1734,0.751608,0,0
Championship,2020/2021,2021-02-12,29,Blackburn_Rovers,Preston_North_End,1,2,1.6968,0.9157,0,0
Championship,2020/2021,2021-02-13,29,Nottingham_Forest,AFC_Bournemouth,0,0,0.4219,0.752,0,0
Championship,2020/2021,2021-02-13,29,Birmingham_City,Luton_Town,0,1,0.1879,1.69765,0,0
Championship,2020/2021,2021-02-13,29,Cardiff_City,Coventry_City,3,1,1.1334,1.8533,0,0
Championship,2020/2021,2021-02-13,29,Derby_County,Middlesbrough,2,1,1.0313,0.3743,0,0
Championship,2020/2021,2021-02-13,29,Huddersfield_Town,Wycombe_Wanderers,2,3,1.0729,1.921,0,0
Championship,2020/2021,2021-02-13,29,Norwich_City,Stoke_City,4,1,3.2258,1.0889,0,0
Championship,2020/2021,2021-02-13,29,Reading,Millwall,1,2,1.64,1.4929,0,0
Championship,2020/2021,2021-02-13,29,Watford,Bristol_City,6,0,3.85902,0.3366,0,0
League One,2020/2021,2021-02-13,29,Charlton_Athletic,Gillingham,2,3,1.468,0.582927,0,0
League One,2020/2021,2021-02-13,29,Hull_City,Milton_Keynes_Dons,0,1,1.5824,1.5694,0,0
League One,2020/2021,2021-02-13,29,Plymouth_Argyle,Fleetwood_Town,1,0,0.925,0.9822,0,0
League One,2020/2021,2021-02-13,29,Sunderland,Doncaster_Rovers,4,1,1.5516,2.2787,0,0
League One,2020/2021,2021-02-13,29,Northampton_Town,Burton_Albion,0,2,0.615826,1.064,0,0
Premier League,2020/2021,2021-02-13,24,Brighton_&_Hove_Albion,Aston_Villa,0,0,2.2255,0.1397,0,0
Premier League,2020/2021,2021-02-13,24,Manchester_City,Tottenham_Hotspur,3,0,2.2515,0.3379,0,0
Premier League,2020/2021,2021-02-13,24,Leicester_City,Liverpool,3,1,1.8561,1.82785,0,0
Premier League,2020/2021,2021-02-13,24,Crystal_Palace,Burnley,0,3,0.5264,1.4596,0,0
League One,2020/2021,2021-02-14,29,Lincoln_City,Accrington_Stanley,2,2,1.2551,1.0649,0,0
Championship,2020/2021,2021-02-14,29,Brentford,Barnsley,0,2,0.756062,1.8999,0,0
Premier League,2020/2021,2021-02-14,24,Everton,Fulham,0,2,0.3291,2.50623,0,0
Premier League,2020/2021,2021-02-14,24,Arsenal,Leeds_United,4,2,2.3298,0.937,0,0
Premier League,2020/2021,2021-02-14,24,West_Bromwich_Albion,Manchester_United,1,1,1.0263,0.471357,0,0
Premier League,2020/2021,2021-02-14,24,Southampton,Wolverhampton_Wanderers,1,2,0.7794,1.1591,0,0
League One,2020/2021,2021-02-14,29,Oxford_United,Wigan_Athletic,2,1,1.7825,0.5577,0,0
Premier League,2020/2021,2021-02-15,24,Chelsea,Newcastle_United,2,0,2.1984,0.5606,0,0
Premier League,2020/2021,2021-02-15,24,West_Ham_United,Sheffield_United,3,0,1.9406,0.6656,0,0
League One,2020/2021,2021-02-16,20,Ipswich_Town,Northampton_Town,0,0,0.7276,0.5142,0,0
League One,2020/2021,2021-02-16,21,Bristol_Rovers,Portsmouth,3,1,1.2982,2.7439,0,0
League One,2020/2021,2021-02-16,20,Gillingham,Peterborough_United,1,3,1.2419,1.55773,0,0
Championship,2020/2021,2021-02-16,30,Stoke_City,Sheffield_Wednesday,1,0,1.9172,0.2863,0,0
League One,2020/2021,2021-02-16,20,Blackpool,Rochdale,1,0,1.55842,0.419,0,0
Championship,2020/2021,2021-02-16,30,Bristol_City,Reading,0,2,0.1902,1.4665,0,0
Championship,2020/2021,2021-02-16,30,Preston_North_End,Watford,0,1,1.1192,1.2442,0,0
Championship,2020/2021,2021-02-16,30,Wycombe_Wanderers,Derby_County,1,2,1.5519,1.1438,0,0
Championship,2020/2021,2021-02-16,30,Luton_Town,Cardiff_City,0,2,1.128,0.3796,0,0
Championship,2020/2021,2021-02-16,30,Middlesbrough,Huddersfield_Town,2,1,1.2292,1.31031,0,0
Premier League,2020/2021,2021-02-17,16,Everton,Manchester_City,1,3,1.02811,1.013,0,0
Championship,2020/2021,2021-02-17,30,Coventry_City,Norwich_City,0,2,0.7806,1.3555,0,0
Championship,2020/2021,2021-02-17,30,Millwall,Birmingham_City,2,0,1.56339,0.5531,0,0
Championship,2020/2021,2021-02-17,30,Queens_Park_Rangers,Brentford,2,1,0.562757,0.5324,0,0
League One,2020/2021,2021-02-17,20,Doncaster_Rovers,Accrington_Stanley,0,1,0.844421,1.236,0,0
League One,2020/2021,2021-02-17,23,Wigan_Athletic,Hull_City,0,5,0.2406,2.7896,0,0
Championship,2020/2021,2021-02-17,30,Swansea_City,Nottingham_Forest,1,0,0.1889,0.5068,0,0
Championship,2020/2021,2021-02-17,30,Barnsley,Blackburn_Rovers,2,1,1.42205,0.9574,0,0
Championship,2020/2021,2021-02-17,30,AFC_Bournemouth,Rotherham_United,1,0,0.9147,1.0838,0,0
Premier League,2020/2021,2021-02-17,17,Burnley,Fulham,1,1,0.9427,0.5439,0,0
Premier League,2020/2021,2021-02-19,25,Wolverhampton_Wanderers,Leeds_United,1,0,0.6044,1.73768,0,0
Championship,2020/2021,2021-02-19,31,Watford,Derby_County,2,1,0.8783,0.6042,0,0
Championship,2020/2021,2021-02-20,31,Cardiff_City,Preston_North_End,4,0,2.84425,2.6142,0,0
Championship,2020/2021,2021-02-20,31,Huddersfield_Town,Swansea_City,4,1,1.0599,0.3552,0,0
Championship,2020/2021,2021-02-20,31,Stoke_City,Luton_Town,3,0,3.4891,0.2916,0,0
Championship,2020/2021,2021-02-20,31,Sheffield_Wednesday,Birmingham_City,0,1,0.7867,0.5151,0,0
Championship,2020/2021,2021-02-20,31,Reading,Middlesbrough,0,2,0.7252,0.8614,0,0
Championship,2020/2021,2021-02-20,31,Queens_Park_Rangers,AFC_Bournemouth,2,1,1.9023,2.3684,0,0
Championship,2020/2021,2021-02-20,31,Nottingham_Forest,Blackburn_Rovers,1,0,1.56648,1.3223,0,0
Championship,2020/2021,2021-02-20,31,Norwich_City,Rotherham_United,1,0,2.09705,0.8642,0,0
Championship,2020/2021,2021-02-20,31,Bristol_City,Barnsley,0,1,0.0269,1.9533,0,0
Championship,2020/2021,2021-02-20,31,Coventry_City,Brentford,2,0,1.66,0.7798,0,0
Championship,2020/2021,2021-02-20,31,Millwall,Wycombe_Wanderers,0,0,0.7505,0.6452,0,0
Premier League,2020/2021,2021-02-20,25,Burnley,West_Bromwich_Albion,0,0,0.4954,1.5853,0,0
League One,2020/2021,2021-02-20,30,Ipswich_Town,Oxford_United,0,0,1.3319,0.7489,0,0
League One,2020/2021,2021-02-20,30,Fleetwood_Town,Charlton_Athletic,1,1,1.6311,0.5046,0,0
League One,2020/2021,2021-02-20,30,Doncaster_Rovers,Hull_City,3,3,2.0275,2.1685,0,0
League One,2020/2021,2021-02-20,30,Burton_Albion,Sunderland,0,3,1.45299,1.31129,0,0
League One,2020/2021,2021-02-20,30,Accrington_Stanley,Shrewsbury_Town,1,1,0.9173,0.7545,0,0
League One,2020/2021,2021-02-20,30,Gillingham,Bristol_Rovers,2,0,2.3462,1.1725,0,0
League One,2020/2021,2021-02-20,30,Portsmouth,Blackpool,0,1,1.179,1.02066,0,0
League One,2020/2021,2021-02-20,30,Rochdale,Plymouth_Argyle,0,0,1.4396,0.6764,0,0
League One,2020/2021,2021-02-20,30,Swindon_Town,Crewe_Alexandra,2,1,1.67642,2.216,0,0
League One,2020/2021,2021-02-20,30,Wigan_Athletic,Lincoln_City,1,2,2.2624,1.49413,0,0
Premier League,2020/2021,2021-02-20,25,Southampton,Chelsea,1,1,0.592506,1.2096,0,0
Premier League,2020/2021,2021-02-20,25,Fulham,Sheffield_United,1,0,1.1957,0.9196,0,0
Premier League,2020/2021,2021-02-20,25,Liverpool,Everton,0,2,1.3675,1.7975,0,0
League One,2020/2021,2021-02-20,30,Milton_Keynes_Dons,Northampton_Town,4,3,1.329,2.1007,0,0
League One,2020/2021,2021-02-20,30,Peterborough_United,AFC_Wimbledon,3,0,2.91825,0.5231,0,0
Premier League,2020/2021,2021-02-21,25,Arsenal,Manchester_City,0,1,0.3369,1.7913,0,0
Premier League,2020/2021,2021-02-21,25,Manchester_United,Newcastle_United,3,1,1.7501,0.358,0,0
Premier League,2020/2021,2021-02-21,25,Aston_Villa,Leicester_City,1,2,1.4853,1.1197,0,0
Premier League,2020/2021,2021-02-21,25,West_Ham_United,Tottenham_Hotspur,2,1,1.1086,1.0736,0,0
Premier League,2020/2021,2021-02-22,25,Brighton_&_Hove_Albion,Crystal_Palace,1,2,2.51093,0.226,0,0
League One,2020/2021,2021-02-23,31,Crewe_Alexandra,Accrington_Stanley,2,0,2.19969,1.12047,0,0
Championship,2020/2021,2021-02-23,32,Luton_Town,Millwall,1,1,0.7206,1.3696,0,0
Championship,2020/2021,2021-02-23,32,Middlesbrough,Bristol_City,1,3,1.751,1.531,0,0
Premier League,2020/2021,2021-02-23,18,Leeds_United,Southampton,3,0,1.30167,0.9347,0,0
Championship,2020/2021,2021-02-23,32,Derby_County,Huddersfield_Town,2,0,1.5613,0.5011,0,0
Championship,2020/2021,2021-02-23,32,Birmingham_City,Norwich_City,1,3,1.57947,2.3382,0,0
League One,2020/2021,2021-02-23,31,Shrewsbury_Town,Milton_Keynes_Dons,4,2,2.6312,1.78861,0,0
League One,2020/2021,2021-02-23,31,Oxford_United,Portsmouth,0,1,1.32455,0.9584,0,0
League One,2020/2021,2021-02-23,31,Northampton_Town,Rochdale,0,0,0.8804,0.8094,0,0
League One,2020/2021,2021-02-23,31,Lincoln_City,Swindon_Town,2,2,1.7445,1.6465,0,0
League One,2020/2021,2021-02-23,31,Hull_City,Ipswich_Town,0,1,0.6776,0.4093,0,0
League One,2020/2021,2021-02-23,31,Sunderland,Fleetwood_Town,2,0,1.2623,0.0,0,0
League One,2020/2021,2021-02-23,31,Charlton_Athletic,Burton_Albion,1,2,0.9837,0.876,0,0
League One,2020/2021,2021-02-23,31,Bristol_Rovers,Wigan_Athletic,1,2,1.1672,1.3927,0,0
League One,2020/2021,2021-02-23,31,AFC_Wimbledon,Gillingham,1,0,0.8966,0.533,0,0
League One,2020/2021,2021-02-23,31,Plymouth_Argyle,Peterborough_United,0,3,0.579,2.864,0,0
Championship,2020/2021,2021-02-23,32,Rotherham_United,Nottingham_Forest,0,1,0.4807,0.8892,0,0
Championship,2020/2021,2021-02-23,32,Wycombe_Wanderers,Reading,1,0,1.5656,2.0923,0,0
Championship,2020/2021,2021-02-24,32,AFC_Bournemouth,Cardiff_City,1,2,1.7751,1.9884,0,0
Championship,2020/2021,2021-02-24,32,Brentford,Sheffield_Wednesday,3,0,1.8656,0.1238,0,0
Championship,2020/2021,2021-02-24,32,Swansea_City,Coventry_City,1,0,1.3759,0.4497,0,0
Championship,2020/2021,2021-02-24,32,Blackburn_Rovers,Watford,2,3,1.076,1.8278,0,0
Championship,2020/2021,2021-02-24,32,Preston_North_End,Queens_Park_Rangers,0,0,0.9583,0.5786,0,0
Championship,2020/2021,2021-02-24,32,Barnsley,Stoke_City,2,0,0.957,0.6985,0,0
Championship,2020/2021,2021-02-26,33,Derby_County,Nottingham_Forest,1,1,1.21362,0.798674,0,0
Premier League,2020/2021,2021-02-27,26,Newcastle_United,Wolverhampton_Wanderers,1,1,1.6862,1.1369,0,0
Premier League,2020/2021,2021-02-27,26,Leeds_United,Aston_Villa,0,1,0.8619,0.6979,0,0
Premier League,2020/2021,2021-02-27,26,West_Bromwich_Albion,Brighton_&_Hove_Albion,1,0,0.7976,2.94993,0,0
League One,2020/2021,2021-02-27,32,Crewe_Alexandra,Sunderland,2,2,2.1428,0.8337,0,0
Premier League,2020/2021,2021-02-27,26,Manchester_City,West_Ham_United,2,1,0.4571,1.93077,0,0
League One,2020/2021,2021-02-27,32,Charlton_Athletic,Blackpool,0,3,0.1242,2.2911,0,0
Championship,2020/2021,2021-02-27,33,Birmingham_City,Queens_Park_Rangers,2,1,0.8815,1.9794,0,0
League One,2020/2021,2021-02-27,32,Bristol_Rovers,Shrewsbury_Town,2,1,1.4439,0.7507,0,0
League One,2020/2021,2021-02-27,32,AFC_Wimbledon,Hull_City,0,3,0.5287,3.47,0,0
League One,2020/2021,2021-02-27,32,Fleetwood_Town,Accrington_Stanley,1,1,1.6137,1.2228,0,0
League One,2020/2021,2021-02-27,32,Ipswich_Town,Doncaster_Rovers,2,1,1.0037,1.45754,0,0
League One,2020/2021,2021-02-27,32,Milton_Keynes_Dons,Oxford_United,1,1,0.5597,1.57288,0,0
League One,2020/2021,2021-02-27,32,Peterborough_United,Wigan_Athletic,2,1,1.8074,0.942,0,0
League One,2020/2021,2021-02-27,32,Plymouth_Argyle,Lincoln_City,4,3,1.5758,2.7026,0,0
League One,2020/2021,2021-02-27,32,Portsmouth,Gillingham,1,1,0.9754,1.7376,0,0
League One,2020/2021,2021-02-27,32,Rochdale,Burton_Albion,0,2,0.6185,1.6844,0,0
League One,2020/2021,2021-02-27,32,Swindon_Town,Northampton_Town,2,1,0.7156,0.6029,0,0
Championship,2020/2021,2021-02-27,33,Barnsley,Millwall,2,1,1.75021,0.5776,0,0
Championship,2020/2021,2021-02-27,33,AFC_Bournemouth,Watford,1,0,0.762,1.2457,0,0
Championship,2020/2021,2021-02-27,33,Blackburn_Rovers,Coventry_City,1,1,0.8312,1.139,0,0
Championship,2020/2021,2021-02-27,33,Brentford,Stoke_City,2,1,0.804,1.27121,0,0
Championship,2020/2021,2021-02-27,33,Luton_Town,Sheffield_Wednesday,3,2,1.0285,2.615,0,0
Championship,2020/2021,2021-02-27,33,Middlesbrough,Cardiff_City,1,1,1.6875,0.1885,0,0
Championship,2020/2021,2021-02-27,33,Preston_North_End,Huddersfield_Town,3,0,1.68625,0.9235,0,0
Championship,2020/2021,2021-02-27,33,Rotherham_United,Reading,0,1,1.3762,0.794777,0,0
Championship,2020/2021,2021-02-27,33,Swansea_City,Bristol_City,1,3,4.4939,1.3613,0,0
Premier League,2020/2021,2021-02-28,26,Leicester_City,Arsenal,1,3,0.3733,2.3841,0,0
Premier League,2020/2021,2021-02-28,26,Crystal_Palace,Fulham,0,0,0.1274,1.3545,0,0
Championship,2020/2021,2021-02-28,33,Wycombe_Wanderers,Norwich_City,0,2,0.4821,2.83217,0,0
Premier League,2020/2021,2021-02-28,26,Tottenham_Hotspur,Burnley,4,0,2.1143,0.6616,0,0
Premier League,2020/2021,2021-02-28,26,Chelsea,Manchester_United,0,0,1.09476,0.399305,0,0
Premier League,2020/2021,2021-02-28,26,Sheffield_United,Liverpool,0,2,0.74,2.671,0,0
Premier League,2020/2021,2021-03-01,26,Everton,Southampton,1,0,1.1727,0.5612,0,0
Championship,2020/2021,2021-03-02,34,Nottingham_Forest,Luton_Town,0,1,1.70254,0.8125,0,0
Championship,2020/2021,2021-03-02,34,Millwall,Preston_North_End,2,1,1.4621,0.2973,0,0
Premier League,2020/2021,2021-03-02,29,Manchester_City,Wolverhampton_Wanderers,4,1,3.3495,0.334,0,0
Championship,2020/2021,2021-03-02,34,Coventry_City,Middlesbrough,1,2,0.3534,2.5239,0,0
Championship,2020/2021,2021-03-02,34,Cardiff_City,Derby_County,4,0,2.11795,0.4011,0,0
League One,2020/2021,2021-03-02,33,Wigan_Athletic,Charlton_Athletic,0,1,0.6441,1.2829,0,0
Championship,2020/2021,2021-03-02,34,Reading,Blackburn_Rovers,1,0,0.7507,0.659826,0,0
League One,2020/2021,2021-03-02,33,Sunderland,Swindon_Town,1,0,0.8302,1.10987,0,0
League One,2020/2021,2021-03-02,33,Shrewsbury_Town,AFC_Wimbledon,1,1,0.504,0.9151,0,0
League One,2020/2021,2021-03-02,33,Gillingham,Milton_Keynes_Dons,3,2,1.8079,1.2087,0,0
League One,2020/2021,2021-03-02,33,Northampton_Town,Plymouth_Argyle,2,0,0.7562,0.4382,0,0
League One,2020/2021,2021-03-02,33,Lincoln_City,Fleetwood_Town,1,2,0.9285,1.041,0,0
League One,2020/2021,2021-03-02,33,Hull_City,Rochdale,2,0,0.840411,0.2261,0,0
League One,2020/2021,2021-03-02,33,Oxford_United,Peterborough_United,0,0,0.4816,2.3157,0,0
Championship,2020/2021,2021-03-02,34,Huddersfield_Town,Birmingham_City,1,1,0.3411,2.0511,0,0
League One,2020/2021,2021-03-02,33,Blackpool,Crewe_Alexandra,1,1,0.6393,0.8813,0,0
League One,2020/2021,2021-03-02,33,Accrington_Stanley,Ipswich_Town,1,2,1.5049,2.0275,0,0
League One,2020/2021,2021-03-02,33,Doncaster_Rovers,Portsmouth,2,1,0.8446,0.7126,0,0
League One,2020/2021,2021-03-02,33,Burton_Albion,Bristol_Rovers,1,0,1.3803,0.6035,0,0
Premier League,2020/2021,2021-03-03,29,Burnley,Leicester_City,1,1,1.7567,1.2036,0,0
Premier League,2020/2021,2021-03-03,29,Sheffield_United,Aston_Villa,1,0,0.8787,2.3192,0,0
Premier League,2020/2021,2021-03-03,29,Crystal_Palace,Manchester_United,0,0,0.8835,0.9326,0,0
Championship,2020/2021,2021-03-03,34,Sheffield_Wednesday,Rotherham_United,1,2,2.0066,0.4817,0,0
Championship,2020/2021,2021-03-03,34,Bristol_City,AFC_Bournemouth,1,2,0.539795,1.2618,0,0
Championship,2020/2021,2021-03-03,34,Stoke_City,Swansea_City,1,2,1.39458,1.5348,0,0
Championship,2020/2021,2021-03-03,34,Watford,Wycombe_Wanderers,2,0,1.68715,0.3226,0,0
Championship,2020/2021,2021-03-03,34,Queens_Park_Rangers,Barnsley,1,3,1.34843,1.4749,0,0
Championship,2020/2021,2021-03-03,34,Norwich_City,Brentford,1,0,1.5599,0.9146,0,0
Premier League,2020/2021,2021-03-04,33,Fulham,Tottenham_Hotspur,0,1,0.6731,1.6149,0,0
Premier League,2020/2021,2021-03-04,29,Liverpool,Chelsea,0,1,0.2806,0.964698,0,0
Premier League,2020/2021,2021-03-04,29,West_Bromwich_Albion,Everton,0,1,1.0332,1.0267,0,0
Championship,2020/2021,2021-03-05,35,Huddersfield_Town,Cardiff_City,0,0,2.0897,0.5075,0,0
Premier League,2020/2021,2021-03-06,27,Aston_Villa,Wolverhampton_Wanderers,0,0,0.5876,1.66569,0,0
Championship,2020/2021,2021-03-06,35,Watford,Nottingham_Forest,1,0,1.3523,0.4137,0,0
League One,2020/2021,2021-03-06,34,Gillingham,Ipswich_Town,3,1,1.1038,0.526384,0,0
Premier League,2020/2021,2021-03-06,27,Sheffield_United,Southampton,0,2,0.7253,1.9099,0,0
League One,2020/2021,2021-03-06,34,Blackpool,AFC_Wimbledon,1,1,1.6991,1.44588,0,0
League One,2020/2021,2021-03-06,34,Burton_Albion,Peterborough_United,2,1,1.14454,1.52692,0,0
League One,2020/2021,2021-03-06,34,Doncaster_Rovers,Plymouth_Argyle,2,1,2.219,2.7955,0,0
Championship,2020/2021,2021-03-06,35,Barnsley,Birmingham_City,1,0,0.5084,0.1382,0,0
League One,2020/2021,2021-03-06,34,Hull_City,Bristol_Rovers,2,0,0.8561,0.7498,0,0
League One,2020/2021,2021-03-06,34,Northampton_Town,Portsmouth,4,1,2.4996,1.4644,0,0
League One,2020/2021,2021-03-06,34,Oxford_United,Charlton_Athletic,0,0,0.6038,1.3761,0,0
League One,2020/2021,2021-03-06,34,Shrewsbury_Town,Fleetwood_Town,0,2,0.2601,0.594,0,0
League One,2020/2021,2021-03-06,34,Sunderland,Rochdale,2,0,0.9794,1.53,0,0
League One,2020/2021,2021-03-06,34,Wigan_Athletic,Milton_Keynes_Dons,3,0,2.02897,0.7779,0,0
Premier League,2020/2021,2021-03-06,27,Burnley,Arsenal,1,1,1.1147,2.5231,0,0
League One,2020/2021,2021-03-06,34,Lincoln_City,Crewe_Alexandra,3,0,1.5869,0.708652,0,0
Championship,2020/2021,2021-03-06,35,Bristol_City,Queens_Park_Rangers,0,2,0.6228,1.3493,0,0
League One,2020/2021,2021-03-06,34,Accrington_Stanley,Swindon_Town,2,1,2.2098,0.7402,0,0
Championship,2020/2021,2021-03-06,35,Millwall,Blackburn_Rovers,0,2,0.788223,1.5592,0,0
Championship,2020/2021,2021-03-06,35,Norwich_City,Luton_Town,3,0,2.2364,1.0216,0,0
Premier League,2020/2021,2021-03-06,27,Brighton_&_Hove_Albion,Leicester_City,1,2,0.7851,0.8741,0,0
Championship,2020/2021,2021-03-06,35,Preston_North_End,AFC_Bournemouth,1,1,0.5741,0.9697,0,0
Championship,2020/2021,2021-03-06,35,Reading,Sheffield_Wednesday,3,0,1.7577,0.2572,0,0
Championship,2020/2021,2021-03-06,35,Stoke_City,Wycombe_Wanderers,2,0,1.57854,0.799,0,0
Championship,2020/2021,2021-03-06,35,Swansea_City,Middlesbrough,2,1,1.0095,1.0088,0,0
Championship,2020/2021,2021-03-06,35,Coventry_City,Derby_County,1,0,0.8736,0.7094,0,0
Premier League,2020/2021,2021-03-07,27,West_Bromwich_Albion,Newcastle_United,0,0,1.9754,0.4695,0,0
Premier League,2020/2021,2021-03-07,27,Manchester_City,Manchester_United,0,2,1.2931,1.7496,0,0
Premier League,2020/2021,2021-03-07,27,Tottenham_Hotspur,Crystal_Palace,4,1,2.6776,0.5277,0,0
Premier League,2020/2021,2021-03-07,27,Liverpool,Fulham,0,1,0.8648,1.3784,0,0
Premier League,2020/2021,2021-03-08,27,West_Ham_United,Leeds_United,2,0,1.82914,1.43,0,0
Premier League,2020/2021,2021-03-08,27,Chelsea,Everton,2,0,2.40991,0.3362,0,0
Championship,2020/2021,2021-03-09,24,Queens_Park_Rangers,Wycombe_Wanderers,1,0,1.6744,0.7601,0,0
Championship,2020/2021,2021-03-09,25,Blackburn_Rovers,Swansea_City,1,1,1.2147,1.194,0,0
League One,2020/2021,2021-03-09,35,AFC_Wimbledon,Burton_Albion,0,1,0.074,0.2009,0,0
League One,2020/2021,2021-03-09,35,Bristol_Rovers,Accrington_Stanley,4,1,1.7211,0.4264,0,0
League One,2020/2021,2021-03-09,35,Charlton_Athletic,Northampton_Town,2,1,1.84928,0.1351,0,0
League One,2020/2021,2021-03-09,35,Crewe_Alexandra,Doncaster_Rovers,1,0,1.4772,0.419,0,0
League One,2020/2021,2021-03-09,35,Ipswich_Town,Lincoln_City,1,1,0.5449,0.7715,0,0
League One,2020/2021,2021-03-09,35,Milton_Keynes_Dons,Blackpool,0,1,0.9189,0.8509,0,0
League One,2020/2021,2021-03-09,35,Peterborough_United,Hull_City,1,3,1.2996,1.366,0,0
League One,2020/2021,2021-03-09,35,Plymouth_Argyle,Wigan_Athletic,0,2,1.4011,0.9215,0,0
League One,2020/2021,2021-03-09,35,Rochdale,Shrewsbury_Town,0,2,1.66975,0.6778,0,0
League One,2020/2021,2021-03-09,35,Fleetwood_Town,Gillingham,1,0,1.4162,0.7991,0,0
League One,2020/2021,2021-03-09,35,Portsmouth,Sunderland,0,2,0.67,0.3954,0,0
League One,2020/2021,2021-03-09,35,Swindon_Town,Oxford_United,1,2,1.925,1.2449,0,0
Premier League,2020/2021,2021-03-10,33,Manchester_City,Southampton,5,2,2.60553,1.7292,0,0
Championship,2020/2021,2021-03-10,28,Barnsley,Derby_County,0,0,1.0045,0.7071,0,0
Premier League,2020/2021,2021-03-12,28,Newcastle_United,Aston_Villa,1,1,1.4984,0.8886,0,0
Championship,2020/2021,2021-03-12,36,Blackburn_Rovers,Brentford,0,1,0.5592,2.1206,0,0
League One,2020/2021,2021-03-13,36,Charlton_Athletic,Shrewsbury_Town,1,1,1.3477,1.2707,0,0
Premier League,2020/2021,2021-03-13,28,Fulham,Manchester_City,0,3,0.2554,2.2078,0,0
Premier League,2020/2021,2021-03-13,28,Everton,Burnley,1,2,1.5182,0.8234,0,0
Premier League,2020/2021,2021-03-13,28,Crystal_Palace,West_Bromwich_Albion,1,0,1.1919,0.806,0,0
Premier League,2020/2021,2021-03-13,28,Leeds_United,Chelsea,0,0,0.3898,0.9546,0,0
Championship,2020/2021,2021-03-13,36,Luton_Town,Swansea_City,0,1,0.7996,0.823,0,0
Championship,2020/2021,2021-03-13,36,AFC_Bournemouth,Barnsley,2,3,1.4064,1.3991,0,0
Championship,2020/2021,2021-03-13,36,Birmingham_City,Bristol_City,0,3,0.8168,1.2746,0,0
Championship,2020/2021,2021-03-13,36,Derby_County,Millwall,0,1,1.3237,0.1213,0,0
Championship,2020/2021,2021-03-13,36,Cardiff_City,Watford,1,2,0.5081,0.9013,0,0
Championship,2020/2021,2021-03-13,36,Nottingham_Forest,Reading,1,1,0.5942,1.95669,0,0
League One,2020/2021,2021-03-13,36,Bristol_Rovers,AFC_Wimbledon,0,0,1.5527,1.6963,0,0
League One,2020/2021,2021-03-13,36,Blackpool,Fleetwood_Town,0,0,2.9011,0.2901,0,0
League One,2020/2021,2021-03-13,36,Swindon_Town,Gillingham,1,3,0.9439,1.7633,0,0
League One,2020/2021,2021-03-13,36,Doncaster_Rovers,Northampton_Town,0,0,0.7427,0.5475,0,0
Championship,2020/2021,2021-03-13,36,Middlesbrough,Stoke_City,3,0,1.4942,1.33076,0,0
League One,2020/2021,2021-03-13,36,Ipswich_Town,Plymouth_Argyle,1,0,1.9718,0.5982,0,0
League One,2020/2021,2021-03-13,36,Hull_City,Oxford_United,2,0,0.5615,0.460876,0,0
League One,2020/2021,2021-03-13,36,Milton_Keynes_Dons,Accrington_Stanley,3,2,2.4772,0.8198,0,0
Championship,2020/2021,2021-03-13,36,Wycombe_Wanderers,Preston_North_End,1,0,0.9008,0.3639,0,0
Championship,2020/2021,2021-03-13,36,Queens_Park_Rangers,Huddersfield_Town,0,1,0.7003,1.3471,0,0
League One,2020/2021,2021-03-13,36,Lincoln_City,Rochdale,1,2,0.4573,1.9868,0,0
League One,2020/2021,2021-03-13,36,Crewe_Alexandra,Burton_Albion,0,3,1.4454,2.0121,0,0
Championship,2020/2021,2021-03-14,36,Sheffield_Wednesday,Norwich_City,1,2,0.9462,1.0956,0,0
Premier League,2020/2021,2021-03-14,28,Manchester_United,West_Ham_United,1,0,1.5353,0.5842,0,0
Premier League,2020/2021,2021-03-14,28,Southampton,Brighton_&_Hove_Albion,1,2,0.5684,0.7849,0,0
Premier League,2020/2021,2021-03-14,28,Leicester_City,Sheffield_United,5,0,3.9778,0.0984,0,0
Premier League,2020/2021,2021-03-14,28,Arsenal,Tottenham_Hotspur,2,1,1.7539,0.377747,0,0
Premier League,2020/2021,2021-03-15,28,Wolverhampton_Wanderers,Liverpool,0,1,1.074,0.8628,0,0
League One,2020/2021,2021-03-16,36,Peterborough_United,Portsmouth,1,0,0.4131,1.194,0,0
Championship,2020/2021,2021-03-16,37,AFC_Bournemouth,Swansea_City,3,0,1.8716,0.2984,0,0
Championship,2020/2021,2021-03-16,37,Rotherham_United,Watford,1,4,2.1007,2.69286,0,0
Championship,2020/2021,2021-03-16,37,Middlesbrough,Preston_North_End,2,0,1.6586,0.6862,0,0
Championship,2020/2021,2021-03-16,37,Luton_Town,Coventry_City,2,0,3.28074,0.5181,0,0
Championship,2020/2021,2021-03-16,37,Derby_County,Brentford,2,2,1.719,1.38182,0,0
Championship,2020/2021,2021-03-16,37,Cardiff_City,Stoke_City,0,0,0.9192,1.30609,0,0
League One,2020/2021,2021-03-16,12,AFC_Wimbledon,Wigan_Athletic,1,1,0.4957,0.4308,0,0
League One,2020/2021,2021-03-16,12,Lincoln_City,Gillingham,0,3,1.4661,2.01415,0,0
League One,2020/2021,2021-03-16,12,Oxford_United,Doncaster_Rovers,3,0,2.0327,0.9646,0,0
League One,2020/2021,2021-03-16,18,Charlton_Athletic,Bristol_Rovers,3,2,1.63949,1.3174,0,0
League One,2020/2021,2021-03-16,25,Milton_Keynes_Dons,Plymouth_Argyle,2,1,1.9634,1.19473,0,0
League One,2020/2021,2021-03-16,22,Fleetwood_Town,Ipswich_Town,2,0,1.1321,0.5131,0,0
League One,2020/2021,2021-03-16,27,Blackpool,Burton_Albion,1,1,0.8543,0.8996,0,0
Championship,2020/2021,2021-03-17,37,Nottingham_Forest,Norwich_City,0,2,0.5875,1.4993,0,0
Championship,2020/2021,2021-03-17,37,Wycombe_Wanderers,Barnsley,1,3,1.1831,2.4977,0,0
League One,2020/2021,2021-03-17,21,Accrington_Stanley,Sunderland,0,2,0.373,1.1761,0,0
Championship,2020/2021,2021-03-17,37,Birmingham_City,Reading,2,1,0.8966,0.5644,0,0
Championship,2020/2021,2021-03-17,37,Blackburn_Rovers,Bristol_City,0,0,1.4547,0.225,0,0
Championship,2020/2021,2021-03-17,37,Sheffield_Wednesday,Huddersfield_Town,1,1,1.2977,0.9041,0,0
Championship,2020/2021,2021-03-17,37,Queens_Park_Rangers,Millwall,3,2,1.546,1.9038,0,0
Premier League,2020/2021,2021-03-19,29,Fulham,Leeds_United,1,2,1.6261,1.2873,0,0
Championship,2020/2021,2021-03-20,38,Brentford,Nottingham_Forest,1,1,3.1057,0.5737,0,0
Championship,2020/2021,2021-03-20,38,Bristol_City,Rotherham_United,0,2,0.4832,0.6822,0,0
Championship,2020/2021,2021-03-20,38,Coventry_City,Wycombe_Wanderers,0,0,1.0126,0.5713,0,0
Championship,2020/2021,2021-03-20,38,Millwall,Middlesbrough,1,0,0.6882,0.6442,0,0
Championship,2020/2021,2021-03-20,38,Norwich_City,Blackburn_Rovers,1,1,2.241,1.108,0,0
Championship,2020/2021,2021-03-20,38,Preston_North_End,Luton_Town,0,1,1.09279,1.5177,0,0
Championship,2020/2021,2021-03-20,38,Reading,Queens_Park_Rangers,1,1,2.47,2.1161,0,0
Championship,2020/2021,2021-03-20,38,Stoke_City,Derby_County,1,0,1.33056,0.2159,0,0
Championship,2020/2021,2021-03-20,38,Watford,Birmingham_City,3,0,2.75177,1.347,0,0
League One,2020/2021,2021-03-20,37,AFC_Wimbledon,Charlton_Athletic,2,2,1.2489,0.8712,0,0
League One,2020/2021,2021-03-20,37,Accrington_Stanley,Wigan_Athletic,3,1,2.0317,1.0239,0,0
League One,2020/2021,2021-03-20,37,Burton_Albion,Milton_Keynes_Dons,1,2,1.4752,1.5266,0,0
League One,2020/2021,2021-03-20,37,Fleetwood_Town,Swindon_Town,0,2,1.0465,0.8602,0,0
League One,2020/2021,2021-03-20,37,Gillingham,Doncaster_Rovers,2,2,2.39452,1.047,0,0
League One,2020/2021,2021-03-20,37,Northampton_Town,Crewe_Alexandra,0,1,0.4198,0.1867,0,0
League One,2020/2021,2021-03-20,37,Oxford_United,Blackpool,0,2,1.4611,1.2938,0,0
League One,2020/2021,2021-03-20,37,Plymouth_Argyle,Bristol_Rovers,2,0,1.0903,1.2565,0,0
League One,2020/2021,2021-03-20,37,Rochdale,Peterborough_United,3,3,2.0237,1.9271,0,0
League One,2020/2021,2021-03-20,37,Shrewsbury_Town,Hull_City,1,1,0.3133,0.4804,0,0
League One,2020/2021,2021-03-20,37,Sunderland,Lincoln_City,1,1,0.8782,0.7169,0,0
League One,2020/2021,2021-03-20,37,Portsmouth,Ipswich_Town,2,1,1.078,0.714,0,0
Championship,2020/2021,2021-03-20,38,Swansea_City,Cardiff_City,0,1,1.2868,0.841486,0,0
Championship,2020/2021,2021-03-20,38,Barnsley,Sheffield_Wednesday,1,2,0.8803,1.0738,0,0
Premier League,2020/2021,2021-03-20,29,Brighton_&_Hove_Albion,Newcastle_United,3,0,0.9106,0.0952,0,0
Premier League,2020/2021,2021-03-21,29,West_Ham_United,Arsenal,3,3,2.4349,1.3569,0,0
Premier League,2020/2021,2021-03-21,18,Aston_Villa,Tottenham_Hotspur,0,2,0.4144,1.7862,0,0
League One,2020/2021,2021-03-23,24,Northampton_Town,Oxford_United,1,0,0.447968,1.0649,0,0
League One,2020/2021,2021-03-23,26,Burton_Albion,Shrewsbury_Town,1,2,0.3288,0.2476,0,0
League One,2020/2021,2021-03-23,29,Blackpool,Peterborough_United,3,1,1.2361,0.4145,0,0
League One,2020/2021,2021-03-23,29,Bristol_Rovers,Swindon_Town,0,1,0.5259,0.6533,0,0
League One,2020/2021,2021-03-26,38,Oxford_United,Lincoln_City,2,1,1.22678,1.5485,0,0
League One,2020/2021,2021-03-27,38,AFC_Wimbledon,Northampton_Town,1,0,0.8926,1.1386,0,0
League One,2020/2021,2021-03-27,38,Blackpool,Plymouth_Argyle,2,2,1.2853,1.38134,0,0
League One,2020/2021,2021-03-27,38,Bristol_Rovers,Sunderland,0,1,0.4808,1.27279,0,0
League One,2020/2021,2021-03-27,38,Hull_City,Gillingham,1,1,2.1367,1.6135,0,0
League One,2020/2021,2021-03-27,38,Milton_Keynes_Dons,Doncaster_Rovers,1,0,0.814229,0.4947,0,0
League One,2020/2021,2021-03-27,38,Shrewsbury_Town,Portsmouth,1,2,0.3242,1.7685,0,0
League One,2020/2021,2021-03-27,38,Wigan_Athletic,Ipswich_Town,0,0,0.6102,0.5596,0,0
League One,2020/2021,2021-03-27,38,Peterborough_United,Accrington_Stanley,7,0,3.86109,0.6311,0,0
League One,2020/2021,2021-03-31,39,Gillingham,Wigan_Athletic,1,0,1.0312,1.26938,0,0
Championship,2020/2021,2021-04-02,39,Bristol_City,Stoke_City,0,2,0.6516,0.9738,0,0
Championship,2020/2021,2021-04-02,39,Watford,Sheffield_Wednesday,1,0,1.0989,1.0286,0,0
Championship,2020/2021,2021-04-02,39,Derby_County,Luton_Town,2,0,2.3792,2.4746,0,0
Championship,2020/2021,2021-04-02,39,Millwall,Rotherham_United,1,0,0.7929,1.1442,0,0
Championship,2020/2021,2021-04-02,39,Preston_North_End,Norwich_City,1,1,1.10873,2.4751,0,0
Championship,2020/2021,2021-04-02,39,Wycombe_Wanderers,Blackburn_Rovers,1,0,1.91,1.9605,0,0
Championship,2020/2021,2021-04-02,39,Barnsley,Reading,1,1,1.5303,0.8187,0,0
Championship,2020/2021,2021-04-02,39,Birmingham_City,Swansea_City,1,0,2.0275,0.3455,0,0
League One,2020/2021,2021-04-02,39,Doncaster_Rovers,Charlton_Athletic,0,1,0.7188,0.5744,0,0
League One,2020/2021,2021-04-02,39,Swindon_Town,Blackpool,0,2,0.2662,0.848,0,0
League One,2020/2021,2021-04-02,39,Portsmouth,Rochdale,2,1,1.2216,1.693,0,0
League One,2020/2021,2021-04-02,39,Plymouth_Argyle,AFC_Wimbledon,1,0,0.627468,1.3001,0,0
League One,2020/2021,2021-04-02,39,Northampton_Town,Shrewsbury_Town,1,0,0.88,0.6904,0,0
League One,2020/2021,2021-04-02,39,Ipswich_Town,Bristol_Rovers,2,1,0.7599,0.5947,0,0
League One,2020/2021,2021-04-02,39,Fleetwood_Town,Peterborough_United,0,1,1.728,1.2481,0,0
Championship,2020/2021,2021-04-02,39,AFC_Bournemouth,Middlesbrough,3,1,0.815477,0.3615,0,0
League One,2020/2021,2021-04-02,39,Crewe_Alexandra,Hull_City,1,2,1.6438,1.6664,0,0
League One,2020/2021,2021-04-02,39,Accrington_Stanley,Burton_Albion,0,0,2.3706,0.4446,0,0
League One,2020/2021,2021-04-02,39,Sunderland,Oxford_United,3,1,1.8723,0.3871,0,0
Championship,2020/2021,2021-04-02,39,Cardiff_City,Nottingham_Forest,0,1,1.344,0.387,0,0
Championship,2020/2021,2021-04-02,39,Queens_Park_Rangers,Coventry_City,3,0,2.1317,0.6212,0,0
Premier League,2020/2021,2021-04-03,30,Chelsea,West_Bromwich_Albion,2,5,2.10356,1.6349,0,0
Premier League,2020/2021,2021-04-03,30,Leeds_United,Sheffield_United,2,1,2.4233,1.1054,0,0
Premier League,2020/2021,2021-04-03,30,Leicester_City,Manchester_City,0,2,0.2869,1.4471,0,0
Premier League,2020/2021,2021-04-03,30,Arsenal,Liverpool,0,3,0.1208,2.384,0,0
Championship,2020/2021,2021-04-03,39,Huddersfield_Town,Brentford,1,1,0.3282,1.26504,0,0
Premier League,2020/2021,2021-04-04,30,Southampton,Burnley,3,2,2.23034,1.524,0,0
Premier League,2020/2021,2021-04-04,30,Newcastle_United,Tottenham_Hotspur,2,2,4.02608,2.6512,0,0
Premier League,2020/2021,2021-04-04,30,Aston_Villa,Fulham,3,1,1.4624,0.9622,0,0
Premier League,2020/2021,2021-04-04,30,Manchester_United,Brighton_&_Hove_Albion,2,1,1.47618,1.16857,0,0
League One,2020/2021,2021-04-05,40,Burton_Albion,Swindon_Town,2,1,0.863638,0.693737,0,0
League One,2020/2021,2021-04-05,40,Bristol_Rovers,Doncaster_Rovers,2,1,1.3796,0.6672,0,0
League One,2020/2021,2021-04-05,40,Blackpool,Gillingham,4,1,1.532,0.5673,0,0
League One,2020/2021,2021-04-05,40,AFC_Wimbledon,Fleetwood_Town,0,1,0.9602,0.457904,0,0
Championship,2020/2021,2021-04-05,40,Luton_Town,Barnsley,1,2,0.3726,2.11006,0,0
Premier League,2020/2021,2021-04-05,30,Wolverhampton_Wanderers,West_Ham_United,2,3,2.14889,1.22329,0,0
League One,2020/2021,2021-04-05,40,Hull_City,Northampton_Town,3,0,3.0457,0.1109,0,0
Championship,2020/2021,2021-04-05,40,Nottingham_Forest,Queens_Park_Rangers,3,1,2.1979,0.9788,0,0
Championship,2020/2021,2021-04-05,40,Reading,Derby_County,3,1,1.4564,0.616691,0,0
Championship,2020/2021,2021-04-05,40,Rotherham_United,Wycombe_Wanderers,0,3,1.13282,0.8957,0,0
Championship,2020/2021,2021-04-05,40,Stoke_City,Millwall,1,2,0.8525,1.1207,0,0
Championship,2020/2021,2021-04-05,40,Swansea_City,Preston_North_End,0,1,0.4304,1.4851,0,0
Championship,2020/2021,2021-04-05,40,Sheffield_Wednesday,Cardiff_City,5,0,1.8554,1.8688,0,0
Premier League,2020/2021,2021-04-05,30,Everton,Crystal_Palace,1,1,2.5001,0.7209,0,0
League One,2020/2021,2021-04-05,40,Oxford_United,Accrington_Stanley,1,2,1.58,1.85246,0,0
League One,2020/2021,2021-04-05,40,Milton_Keynes_Dons,Crewe_Alexandra,0,2,1.6702,1.1059,0,0
League One,2020/2021,2021-04-05,40,Rochdale,Ipswich_Town,0,0,0.0763,0.24,0,0
League One,2020/2021,2021-04-05,40,Shrewsbury_Town,Plymouth_Argyle,3,0,1.573,0.3743,0,0
League One,2020/2021,2021-04-05,40,Wigan_Athletic,Portsmouth,0,1,0.6246,0.582,0,0
Championship,2020/2021,2021-04-05,40,Middlesbrough,Watford,1,1,0.5035,0.602643,0,0
Championship,2020/2021,2021-04-05,40,Blackburn_Rovers,AFC_Bournemouth,0,2,1.5105,0.5663,0,0
Championship,2020/2021,2021-04-05,40,Coventry_City,Bristol_City,3,1,2.0736,0.996964,0,0
League One,2020/2021,2021-04-05,40,Peterborough_United,Sunderland,1,1,1.3951,0.4927,0,0
Championship,2020/2021,2021-04-06,40,Norwich_City,Huddersfield_Town,7,0,4.4669,0.316752,0,0
Championship,2020/2021,2021-04-06,40,Brentford,Birmingham_City,0,0,0.8621,0.7466,0,0
Championship,2020/2021,2021-04-09,41,Watford,Reading,2,0,0.7488,1.8798,0,0
Premier League,2020/2021,2021-04-09,31,Fulham,Wolverhampton_Wanderers,0,1,0.8563,0.5033,0,0
Championship,2020/2021,2021-04-10,41,Millwall,Swansea_City,0,3,0.6386,0.8189,0,0
League One,2020/2021,2021-04-10,41,Swindon_Town,Peterborough_United,0,3,0.6575,3.4066,0,0
League One,2020/2021,2021-04-10,41,Sunderland,Charlton_Athletic,1,2,1.17408,1.4655,0,0
League One,2020/2021,2021-04-10,41,Portsmouth,Burton_Albion,1,2,0.7912,0.742391,0,0
Premier League,2020/2021,2021-04-10,31,Manchester_City,Leeds_United,1,2,2.1632,0.1334,0,0
Premier League,2020/2021,2021-04-10,31,Liverpool,Aston_Villa,2,1,2.26443,0.546223,0,0
League One,2020/2021,2021-04-10,41,Northampton_Town,Bristol_Rovers,1,1,1.2084,1.26853,0,0
League One,2020/2021,2021-04-10,41,Lincoln_City,Blackpool,2,2,1.2974,1.11675,0,0
League One,2020/2021,2021-04-10,41,Ipswich_Town,Milton_Keynes_Dons,0,0,0.6695,1.10692,0,0
League One,2020/2021,2021-04-10,41,Gillingham,Shrewsbury_Town,0,0,1.7786,1.2034,0,0
League One,2020/2021,2021-04-10,41,Fleetwood_Town,Rochdale,1,0,0.8412,0.499,0,0
League One,2020/2021,2021-04-10,41,Doncaster_Rovers,Wigan_Athletic,1,4,0.7118,1.5168,0,0
League One,2020/2021,2021-04-10,41,Crewe_Alexandra,Oxford_United,0,6,0.7335,4.09699,0,0
League One,2020/2021,2021-04-10,41,Accrington_Stanley,AFC_Wimbledon,1,5,1.08483,2.1253,0,0
League One,2020/2021,2021-04-10,41,Plymouth_Argyle,Hull_City,0,3,0.6441,1.9173,0,0
Championship,2020/2021,2021-04-10,41,AFC_Bournemouth,Coventry_City,4,1,2.4534,0.4547,0,0
Premier League,2020/2021,2021-04-10,31,Crystal_Palace,Chelsea,1,4,0.3841,3.1304,0,0
Championship,2020/2021,2021-04-10,41,Birmingham_City,Stoke_City,2,0,1.19765,0.3192,0,0
Championship,2020/2021,2021-04-10,41,Bristol_City,Nottingham_Forest,0,0,0.2759,0.7661,0,0
Championship,2020/2021,2021-04-10,41,Cardiff_City,Blackburn_Rovers,2,2,1.7333,2.50182,0,0
Championship,2020/2021,2021-04-10,41,Derby_County,Norwich_City,0,1,1.3149,0.9468,0,0
Championship,2020/2021,2021-04-10,41,Huddersfield_Town,Rotherham_United,0,0,0.543,1.5484,0,0
Championship,2020/2021,2021-04-10,41,Preston_North_End,Brentford,0,5,0.4487,3.0073,0,0
Championship,2020/2021,2021-04-10,41,Queens_Park_Rangers,Sheffield_Wednesday,4,1,1.3561,2.3457,0,0
Championship,2020/2021,2021-04-10,41,Wycombe_Wanderers,Luton_Town,1,3,1.0002,1.829,0,0
Championship,2020/2021,2021-04-10,41,Barnsley,Middlesbrough,2,0,1.2885,0.3505,0,0
Premier League,2020/2021,2021-04-11,31,Sheffield_United,Arsenal,0,3,0.3262,1.74352,0,0
Premier League,2020/2021,2021-04-11,31,Tottenham_Hotspur,Manchester_United,1,3,0.8665,2.1064,0,0
Premier League,2020/2021,2021-04-11,31,West_Ham_United,Leicester_City,3,2,0.825,0.9024,0,0
Premier League,2020/2021,2021-04-11,31,Burnley,Newcastle_United,1,2,2.0277,1.25183,0,0
Premier League,2020/2021,2021-04-12,31,Brighton_&_Hove_Albion,Everton,0,0,1.1784,0.3869,0,0
Premier League,2020/2021,2021-04-12,31,West_Bromwich_Albion,Southampton,3,0,2.96778,1.5981,0,0
League One,2020/2021,2021-04-13,38,Rochdale,Swindon_Town,2,1,1.83901,1.2864,0,0
League One,2020/2021,2021-04-13,21,AFC_Wimbledon,Ipswich_Town,3,0,3.11385,0.6581,0,0
League One,2020/2021,2021-04-13,25,Doncaster_Rovers,Burton_Albion,0,3,0.965,2.4182,0,0
League One,2020/2021,2021-04-13,29,Crewe_Alexandra,Portsmouth,0,0,0.6952,2.0999,0,0
League One,2020/2021,2021-04-13,36,Wigan_Athletic,Sunderland,2,1,2.4731,1.657,0,0
League One,2020/2021,2021-04-13,39,Lincoln_City,Milton_Keynes_Dons,4,0,1.9975,0.4383,0,0
League One,2020/2021,2021-04-13,25,Blackpool,Accrington_Stanley,0,0,1.08334,1.0854,0,0
League One,2020/2021,2021-04-13,23,Oxford_United,Shrewsbury_Town,4,1,1.57713,0.713018,0,0
Championship,2020/2021,2021-04-13,38,Huddersfield_Town,AFC_Bournemouth,1,2,0.4284,1.71195,0,0
Championship,2020/2021,2021-04-13,29,Sheffield_Wednesday,Swansea_City,0,2,0.3427,1.6952,0,0
Championship,2020/2021,2021-04-13,29,Rotherham_United,Queens_Park_Rangers,3,1,2.0213,0.742,0,0
Championship,2020/2021,2021-04-15,36,Rotherham_United,Coventry_City,0,1,0.1723,1.56317,0,0
Championship,2020/2021,2021-04-16,42,Blackburn_Rovers,Derby_County,2,1,1.2528,1.6391,0,0
Premier League,2020/2021,2021-04-16,32,Everton,Tottenham_Hotspur,2,2,1.79427,1.3921,0,0
League One,2020/2021,2021-04-16,42,Peterborough_United,Northampton_Town,3,1,2.26168,1.1187,0,0
Championship,2020/2021,2021-04-16,42,Reading,Cardiff_City,1,1,1.029,1.653,0,0
League One,2020/2021,2021-04-17,42,AFC_Wimbledon,Swindon_Town,4,1,3.4403,1.26518,0,0
League One,2020/2021,2021-04-17,42,Wigan_Athletic,Crewe_Alexandra,2,0,1.7295,0.7859,0,0
League One,2020/2021,2021-04-17,42,Shrewsbury_Town,Doncaster_Rovers,0,2,0.5587,1.0693,0,0
League One,2020/2021,2021-04-17,42,Rochdale,Accrington_Stanley,3,1,2.51009,0.4917,0,0
League One,2020/2021,2021-04-17,42,Milton_Keynes_Dons,Portsmouth,1,0,2.3588,0.71583,0,0
League One,2020/2021,2021-04-17,42,Charlton_Athletic,Ipswich_Town,0,0,1.4956,0.261186,0,0
League One,2020/2021,2021-04-17,42,Oxford_United,Gillingham,3,2,0.8517,2.0131,0,0
League One,2020/2021,2021-04-17,42,Burton_Albion,Plymouth_Argyle,1,1,2.10096,0.7208,0,0
League One,2020/2021,2021-04-17,42,Bristol_Rovers,Lincoln_City,0,1,1.1577,2.21176,0,0
League One,2020/2021,2021-04-17,42,Blackpool,Sunderland,1,0,0.3175,1.1618,0,0
League One,2020/2021,2021-04-17,42,Hull_City,Fleetwood_Town,2,1,1.2865,2.0536,0,0
Championship,2020/2021,2021-04-17,42,Norwich_City,AFC_Bournemouth,1,3,0.8014,1.5682,0,0
Premier League,2020/2021,2021-04-17,32,Wolverhampton_Wanderers,Sheffield_United,1,0,1.1256,0.4604,0,0
Premier League,2020/2021,2021-04-17,32,Newcastle_United,West_Ham_United,3,2,2.2701,1.952,0,0
Championship,2020/2021,2021-04-17,42,Swansea_City,Wycombe_Wanderers,2,2,2.57441,1.43322,0,0
Championship,2020/2021,2021-04-17,42,Stoke_City,Preston_North_End,0,0,1.1078,0.5941,0,0
Championship,2020/2021,2021-04-17,42,Sheffield_Wednesday,Bristol_City,1,1,3.4189,0.2287,0,0
Championship,2020/2021,2021-04-17,42,Nottingham_Forest,Huddersfield_Town,0,2,0.7033,1.3282,0,0
Championship,2020/2021,2021-04-17,42,Middlesbrough,Queens_Park_Rangers,1,2,1.0044,0.8035,0,0
Championship,2020/2021,2021-04-17,42,Luton_Town,Watford,1,0,2.1257,0.1881,0,0
Championship,2020/2021,2021-04-17,42,Brentford,Millwall,0,0,0.9228,0.4116,0,0
Championship,2020/2021,2021-04-18,42,Rotherham_United,Birmingham_City,0,1,1.8936,0.9387,0,0
Premier League,2020/2021,2021-04-18,32,Manchester_United,Burnley,3,1,2.71349,0.8562,0,0
Championship,2020/2021,2021-04-18,42,Coventry_City,Barnsley,2,0,0.8251,1.2122,0,0
Premier League,2020/2021,2021-04-18,32,Arsenal,Fulham,1,1,2.66137,0.8725,0,0
Premier League,2020/2021,2021-04-19,32,Leeds_United,Liverpool,1,1,2.3108,1.4487,0,0
League One,2020/2021,2021-04-20,43,Accrington_Stanley,Doncaster_Rovers,2,1,3.48581,0.795,0,0
League One,2020/2021,2021-04-20,43,Swindon_Town,Portsmouth,3,1,1.7946,1.3915,0,0
League One,2020/2021,2021-04-20,43,Northampton_Town,Ipswich_Town,3,0,2.0187,0.8509,0,0
League One,2020/2021,2021-04-20,43,Fleetwood_Town,Crewe_Alexandra,0,2,1.93026,1.9845,0,0
League One,2020/2021,2021-04-20,43,Burton_Albion,Lincoln_City,0,1,0.4361,1.2369,0,0
League One,2020/2021,2021-04-20,43,Bristol_Rovers,Milton_Keynes_Dons,0,2,1.5954,1.99519,0,0
League One,2020/2021,2021-04-20,43,Hull_City,Sunderland,2,2,1.1993,2.19247,0,0
League One,2020/2021,2021-04-20,43,Peterborough_United,Gillingham,0,1,1.29297,0.4184,0,0
League One,2020/2021,2021-04-20,43,Plymouth_Argyle,Charlton_Athletic,0,6,0.9895,2.62601,0,0
League One,2020/2021,2021-04-20,43,AFC_Wimbledon,Oxford_United,2,1,2.234,0.5139,0,0
League One,2020/2021,2021-04-20,43,Shrewsbury_Town,Wigan_Athletic,1,2,1.2673,1.81765,0,0
League One,2020/2021,2021-04-20,43,Rochdale,Blackpool,1,0,0.844,0.5421,0,0
Championship,2020/2021,2021-04-20,43,Sheffield_Wednesday,Blackburn_Rovers,1,0,1.41662,0.9133,0,0
Championship,2020/2021,2021-04-20,43,Preston_North_End,Derby_County,3,0,0.9807,0.546381,0,0
Championship,2020/2021,2021-04-20,43,Brentford,Cardiff_City,1,1,1.8991,2.0896,0,0
Championship,2020/2021,2021-04-20,43,Norwich_City,Watford,0,1,0.8067,1.76436,0,0
Championship,2020/2021,2021-04-20,43,Swansea_City,Queens_Park_Rangers,0,1,0.8434,1.9481,0,0
Premier League,2020/2021,2021-04-20,32,Chelsea,Brighton_&_Hove_Albion,0,0,0.7195,0.466058,0,0
Premier League,2020/2021,2021-04-21,32,Aston_Villa,Manchester_City,1,2,0.7175,1.2032,0,0
Championship,2020/2021,2021-04-21,43,Millwall,AFC_Bournemouth,1,4,1.46241,2.39487,0,0
Championship,2020/2021,2021-04-21,43,Rotherham_United,Middlesbrough,1,2,0.6093,1.7821,0,0
Championship,2020/2021,2021-04-21,43,Stoke_City,Coventry_City,2,3,1.4895,1.8718,0,0
Championship,2020/2021,2021-04-21,43,Birmingham_City,Nottingham_Forest,1,1,1.87487,1.6217,0,0
Championship,2020/2021,2021-04-21,43,Huddersfield_Town,Barnsley,0,1,0.301,2.12014,0,0
Championship,2020/2021,2021-04-21,43,Luton_Town,Reading,0,0,1.1399,0.7539,0,0
Championship,2020/2021,2021-04-21,43,Wycombe_Wanderers,Bristol_City,2,1,2.5853,0.4944,0,0
Premier League,2020/2021,2021-04-21,29,Tottenham_Hotspur,Southampton,2,1,1.4423,0.80267,0,0
Premier League,2020/2021,2021-04-22,32,Leicester_City,West_Bromwich_Albion,3,0,2.0715,0.5483,0,0
Premier League,2020/2021,2021-04-23,33,Arsenal,Everton,0,1,0.801287,0.534,0,0
League One,2020/2021,2021-04-24,44,Wigan_Athletic,Burton_Albion,1,1,0.6554,0.4201,0,0
Championship,2020/2021,2021-04-24,44,Nottingham_Forest,Stoke_City,1,1,0.927,0.5364,0,0
Championship,2020/2021,2021-04-24,44,Queens_Park_Rangers,Norwich_City,1,3,2.0822,1.9825,0,0
Championship,2020/2021,2021-04-24,44,Watford,Millwall,1,0,2.0427,0.788825,0,0
League One,2020/2021,2021-04-24,44,Gillingham,Northampton_Town,2,2,1.879,1.0462,0,0
League One,2020/2021,2021-04-24,44,Doncaster_Rovers,Fleetwood_Town,0,1,0.2686,1.09518,0,0
League One,2020/2021,2021-04-24,44,Crewe_Alexandra,Rochdale,1,1,1.26019,1.7037,0,0
League One,2020/2021,2021-04-24,44,Oxford_United,Plymouth_Argyle,3,1,2.90455,0.8885,0,0
League One,2020/2021,2021-04-24,44,Milton_Keynes_Dons,Swindon_Town,5,0,3.6175,0.4229,0,0
League One,2020/2021,2021-04-24,44,Lincoln_City,Hull_City,1,2,0.8315,2.0684,0,0
League One,2020/2021,2021-04-24,44,Ipswich_Town,AFC_Wimbledon,0,0,0.5561,1.85256,0,0
League One,2020/2021,2021-04-24,44,Sunderland,Accrington_Stanley,3,3,2.0777,1.2579,0,0
League One,2020/2021,2021-04-24,44,Charlton_Athletic,Peterborough_United,0,1,1.1767,1.5136,0,0
Championship,2020/2021,2021-04-24,44,AFC_Bournemouth,Brentford,0,1,0.5441,2.85695,0,0
League One,2020/2021,2021-04-24,44,Portsmouth,Bristol_Rovers,1,0,0.6821,0.2899,0,0
Premier League,2020/2021,2021-04-24,33,Sheffield_United,Brighton_&_Hove_Albion,1,0,0.741,2.0144,0,0
Premier League,2020/2021,2021-04-24,33,West_Ham_United,Chelsea,0,1,0.4005,2.54294,0,0
League One,2020/2021,2021-04-24,44,Blackpool,Shrewsbury_Town,0,1,1.0978,0.7953,0,0
Championship,2020/2021,2021-04-24,44,Barnsley,Rotherham_United,1,0,1.0403,2.1937,0,0
Premier League,2020/2021,2021-04-24,33,Liverpool,Newcastle_United,1,1,2.4446,1.0391,0,0
Championship,2020/2021,2021-04-24,44,Cardiff_City,Wycombe_Wanderers,2,1,0.5552,1.4817,0,0
Championship,2020/2021,2021-04-24,44,Coventry_City,Preston_North_End,0,1,1.2131,1.6864,0,0
Championship,2020/2021,2021-04-24,44,Derby_County,Birmingham_City,1,2,0.9892,1.8177,0,0
Championship,2020/2021,2021-04-24,44,Middlesbrough,Sheffield_Wednesday,3,1,1.4641,2.4764,0,0
Championship,2020/2021,2021-04-24,44,Blackburn_Rovers,Huddersfield_Town,5,2,2.5724,0.4366,0,0
Premier League,2020/2021,2021-04-25,33,Leeds_United,Manchester_United,0,0,0.2599,1.1727,0,0
Premier League,2020/2021,2021-04-25,33,Wolverhampton_Wanderers,Burnley,0,4,0.4289,2.0337,0,0
Championship,2020/2021,2021-04-25,44,Reading,Swansea_City,2,2,0.9683,2.5018,0,0
Championship,2020/2021,2021-04-25,44,Bristol_City,Luton_Town,2,3,1.42782,1.2306,0,0
Premier League,2020/2021,2021-04-25,33,Aston_Villa,West_Bromwich_Albion,2,2,3.266,1.4561,0,0
Premier League,2020/2021,2021-04-26,33,Leicester_City,Crystal_Palace,2,1,1.51495,0.741064,0,0
Championship,2020/2021,2021-04-27,35,Brentford,Rotherham_United,1,0,1.7242,0.6792,0,0
League One,2020/2021,2021-04-27,24,Shrewsbury_Town,Lincoln_City,0,1,1.1456,1.4247,0,0
League One,2020/2021,2021-04-27,5,Sunderland,Blackpool,0,1,1.3888,0.3025,0,0
League One,2020/2021,2021-04-27,22,Accrington_Stanley,Portsmouth,3,3,2.54027,1.98911,0,0
League One,2020/2021,2021-04-27,29,AFC_Wimbledon,Rochdale,3,3,2.9906,2.6413,0,0
League One,2020/2021,2021-04-27,38,Burton_Albion,Fleetwood_Town,5,2,0.7853,2.7528,0,0
League One,2020/2021,2021-04-27,38,Charlton_Athletic,Crewe_Alexandra,2,2,1.5406,0.8638,0,0
League One,2020/2021,2021-04-27,22,Peterborough_United,Doncaster_Rovers,2,2,2.0618,1.58802,0,0
Premier League,2020/2021,2021-04-30,34,Southampton,Leicester_City,1,1,0.9747,1.9543,0,0
League One,2020/2021,2021-05-01,45,Burton_Albion,Gillingham,1,1,1.0036,0.8736,0,0
Championship,2020/2021,2021-05-01,45,Stoke_City,Queens_Park_Rangers,0,2,1.0711,0.6686,0,0
Championship,2020/2021,2021-05-01,45,Rotherham_United,Blackburn_Rovers,1,1,0.9306,3.4907,0,0
Championship,2020/2021,2021-05-01,45,Preston_North_End,Barnsley,2,0,2.3026,0.9007,0,0
Championship,2020/2021,2021-05-01,45,Norwich_City,Reading,4,1,2.91926,0.4468,0,0
Championship,2020/2021,2021-05-01,45,Millwall,Bristol_City,4,1,2.84098,0.8939,0,0
Championship,2020/2021,2021-05-01,45,Luton_Town,Middlesbrough,1,1,2.19719,1.0078,0,0
Championship,2020/2021,2021-05-01,45,Huddersfield_Town,Coventry_City,1,1,0.3445,0.9168,0,0
League One,2020/2021,2021-05-01,45,Bristol_Rovers,Crewe_Alexandra,0,1,0.6711,1.5733,0,0
Premier League,2020/2021,2021-05-01,34,Crystal_Palace,Manchester_City,0,2,0.9394,1.8344,0,0
Championship,2020/2021,2021-05-01,45,Sheffield_Wednesday,Nottingham_Forest,0,0,0.7696,1.7918,0,0
Championship,2020/2021,2021-05-01,45,Swansea_City,Derby_County,2,1,0.5798,0.9072,0,0
Premier League,2020/2021,2021-05-01,34,Brighton_&_Hove_Albion,Leeds_United,2,0,2.2745,0.6235,0,0
Premier League,2020/2021,2021-05-01,34,Chelsea,Fulham,2,0,1.8007,0.3268,0,0
Premier League,2020/2021,2021-05-01,34,Everton,Aston_Villa,1,2,1.0167,1.62139,0,0
League One,2020/2021,2021-05-01,45,Accrington_Stanley,Charlton_Athletic,1,1,0.9461,0.9814,0,0
League One,2020/2021,2021-05-01,45,AFC_Wimbledon,Portsmouth,1,3,1.5895,2.1736,0,0
Championship,2020/2021,2021-05-01,45,Birmingham_City,Cardiff_City,0,4,0.7061,1.3036,0,0
Championship,2020/2021,2021-05-01,45,Wycombe_Wanderers,AFC_Bournemouth,1,0,0.5659,2.4116,0,0
Championship,2020/2021,2021-05-01,45,Brentford,Watford,2,0,1.8167,0.6115,0,0
League One,2020/2021,2021-05-01,45,Rochdale,Doncaster_Rovers,1,2,1.98176,1.5001,0,0
League One,2020/2021,2021-05-01,45,Fleetwood_Town,Milton_Keynes_Dons,1,1,0.6595,1.25877,0,0
League One,2020/2021,2021-05-01,45,Hull_City,Wigan_Athletic,3,1,2.0934,1.4129,0,0
League One,2020/2021,2021-05-01,45,Northampton_Town,Blackpool,0,3,0.3814,2.56864,0,0
League One,2020/2021,2021-05-01,45,Peterborough_United,Lincoln_City,3,3,2.6398,2.1987,0,0
League One,2020/2021,2021-05-01,45,Plymouth_Argyle,Sunderland,1,3,1.0869,2.35571,0,0
League One,2020/2021,2021-05-01,45,Shrewsbury_Town,Oxford_United,2,3,0.8782,1.9314,0,0
League One,2020/2021,2021-05-01,45,Swindon_Town,Ipswich_Town,1,2,0.730353,4.5626,0,0
Premier League,2020/2021,2021-05-02,34,Newcastle_United,Arsenal,0,2,0.2681,1.9615,0,0
Premier League,2020/2021,2021-05-02,34,Tottenham_Hotspur,Sheffield_United,4,0,2.2128,0.4679,0,0
Premier League,2020/2021,2021-05-03,34,West_Bromwich_Albion,Wolverhampton_Wanderers,1,1,1.1448,0.9762,0,0
Premier League,2020/2021,2021-05-03,34,Burnley,West_Ham_United,1,2,2.22546,2.3272,0,0
League One,2020/2021,2021-05-04,29,Shrewsbury_Town,Ipswich_Town,0,0,1.42412,1.1419,0,0
League One,2020/2021,2021-05-04,40,Charlton_Athletic,Lincoln_City,3,1,1.6813,1.278,0,0
League One,2020/2021,2021-05-04,31,Blackpool,Doncaster_Rovers,2,0,2.66606,0.9219,0,0
Championship,2020/2021,2021-05-04,26,Luton_Town,Rotherham_United,0,0,0.728,1.0276,0,0
Premier League,2020/2021,2021-05-07,35,Leicester_City,Newcastle_United,2,4,2.2376,2.67636,0,0
Premier League,2020/2021,2021-05-08,35,Sheffield_United,Crystal_Palace,0,2,0.6759,2.0369,0,0
Premier League,2020/2021,2021-05-08,35,Manchester_City,Chelsea,1,2,1.8006,0.6559,0,0
Premier League,2020/2021,2021-05-08,35,Liverpool,Southampton,2,0,1.7243,1.1239,0,0
Championship,2020/2021,2021-05-08,46,Queens_Park_Rangers,Luton_Town,3,1,2.2864,0.888166,0,0
Championship,2020/2021,2021-05-08,46,Nottingham_Forest,Preston_North_End,1,2,1.0691,1.7787,0,0
Premier League,2020/2021,2021-05-08,35,Leeds_United,Tottenham_Hotspur,3,1,2.539,0.893,0,0
Championship,2020/2021,2021-05-08,46,Middlesbrough,Wycombe_Wanderers,0,3,0.24,1.9519,0,0
Championship,2020/2021,2021-05-08,46,Derby_County,Sheffield_Wednesday,3,3,1.6939,2.332,0,0
Championship,2020/2021,2021-05-08,46,Coventry_City,Millwall,6,1,3.42983,0.713,0,0
Championship,2020/2021,2021-05-08,46,Cardiff_City,Rotherham_United,1,1,0.4451,1.6154,0,0
Championship,2020/2021,2021-05-08,46,Bristol_City,Brentford,1,3,0.4783,2.1953,0,0
Championship,2020/2021,2021-05-08,46,Blackburn_Rovers,Birmingham_City,5,2,2.3115,0.7892,0,0
Championship,2020/2021,2021-05-08,46,Watford,Swansea_City,2,0,1.3448,0.7778,0,0
Championship,2020/2021,2021-05-08,46,Reading,Huddersfield_Town,2,2,1.4464,0.8506,0,0
Championship,2020/2021,2021-05-08,46,AFC_Bournemouth,Stoke_City,0,2,0.8047,1.0392,0,0
Championship,2020/2021,2021-05-08,46,Barnsley,Norwich_City,2,2,1.26983,1.3298,0,0
League One,2020/2021,2021-05-09,46,Blackpool,Bristol_Rovers,1,0,1.60508,0.9633,0,0
Premier League,2020/2021,2021-05-09,35,Arsenal,West_Bromwich_Albion,3,1,0.953,1.7895,0,0
Premier League,2020/2021,2021-05-09,35,West_Ham_United,Everton,0,1,1.28277,1.5284,0,0
Premier League,2020/2021,2021-05-09,35,Aston_Villa,Manchester_United,1,3,0.5006,1.7361,0,0
League One,2020/2021,2021-05-09,46,Charlton_Athletic,Hull_City,1,0,1.4583,0.4772,0,0
Premier League,2020/2021,2021-05-09,35,Wolverhampton_Wanderers,Brighton_&_Hove_Albion,2,1,1.1153,0.3163,0,0
League One,2020/2021,2021-05-09,46,Sunderland,Northampton_Town,1,1,1.4434,0.416,0,0
League One,2020/2021,2021-05-09,46,Portsmouth,Accrington_Stanley,0,1,0.7498,0.2921,0,0
League One,2020/2021,2021-05-09,46,Oxford_United,Burton_Albion,4,0,2.1807,0.771,0,0
League One,2020/2021,2021-05-09,46,Milton_Keynes_Dons,Rochdale,0,3,0.665,2.1737,0,0
League One,2020/2021,2021-05-09,46,Lincoln_City,AFC_Wimbledon,0,0,0.904704,0.4882,0,0
League One,2020/2021,2021-05-09,46,Ipswich_Town,Fleetwood_Town,3,1,2.6311,1.3766,0,0
League One,2020/2021,2021-05-09,46,Gillingham,Plymouth_Argyle,1,0,2.26,2.1581,0,0
League One,2020/2021,2021-05-09,46,Doncaster_Rovers,Peterborough_United,1,4,1.9643,2.1656,0,0
League One,2020/2021,2021-05-09,46,Crewe_Alexandra,Shrewsbury_Town,3,2,1.6231,0.9114,0,0
League One,2020/2021,2021-05-09,46,Wigan_Athletic,Swindon_Town,3,4,2.0382,1.5675,0,0
Premier League,2020/2021,2021-05-10,35,Fulham,Burnley,0,2,1.0439,1.6735,0,0
Premier League,2020/2021,2021-05-11,36,Manchester_United,Leicester_City,1,2,0.2348,0.9138,0,0
Premier League,2020/2021,2021-05-11,32,Southampton,Crystal_Palace,3,1,1.2489,1.4799,0,0
Premier League,2020/2021,2021-05-12,36,Chelsea,Arsenal,0,1,1.7854,0.6366,0,0
Premier League,2020/2021,2021-05-13,19,Aston_Villa,Everton,0,0,0.6044,1.0624,0,0
Premier League,2020/2021,2021-05-13,34,Manchester_United,Liverpool,2,4,2.06551,2.75857,0,0
Premier League,2020/2021,2021-05-14,36,Newcastle_United,Manchester_City,3,4,2.22602,1.45997,0,0
Premier League,2020/2021,2021-05-15,36,Burnley,Leeds_United,0,4,1.293,1.543,0,0
Premier League,2020/2021,2021-05-15,36,Southampton,Fulham,3,1,1.5952,0.8535,0,0
Premier League,2020/2021,2021-05-15,36,Brighton_&_Hove_Albion,West_Ham_United,1,1,0.84,1.7308,0,0
Premier League,2020/2021,2021-05-16,36,Crystal_Palace,Aston_Villa,3,2,1.9239,1.35704,0,0
Premier League,2020/2021,2021-05-16,36,Tottenham_Hotspur,Wolverhampton_Wanderers,2,0,3.22361,0.9141,0,0
Premier League,2020/2021,2021-05-16,36,West_Bromwich_Albion,Liverpool,1,2,0.9855,1.9552,0,0
Premier League,2020/2021,2021-05-16,36,Everton,Sheffield_United,0,1,1.41737,1.2015,0,0
Premier League,2020/2021,2021-05-18,37,Manchester_United,Fulham,1,1,0.887055,0.937182,1,0
Premier League,2020/2021,2021-05-18,37,Southampton,Leeds_United,0,2,1.602,1.71809,1,0
Premier League,2020/2021,2021-05-18,37,Chelsea,Leicester_City,2,1,3.1694,0.8029,1,0
Premier League,2020/2021,2021-05-18,37,Brighton_&_Hove_Albion,Manchester_City,3,2,1.13798,0.943142,1,0
Premier League,2020/2021,2021-05-19,37,Everton,Wolverhampton_Wanderers,1,0,0.7326,0.336,1,0
Premier League,2020/2021,2021-05-19,37,Tottenham_Hotspur,Aston_Villa,1,2,0.7984,1.4039,1,0
Premier League,2020/2021,2021-05-19,37,Crystal_Palace,Arsenal,1,3,1.0157,1.8451,1,0
Premier League,2020/2021,2021-05-19,37,Burnley,Liverpool,0,3,0.7556,2.7284,1,0
Premier League,2020/2021,2021-05-19,37,West_Bromwich_Albion,West_Ham_United,1,3,1.1366,3.5744,1,0
Premier League,2020/2021,2021-05-19,37,Newcastle_United,Sheffield_United,1,0,1.65244,0.944,1,0
Premier League,2020/2021,2021-05-23,38,Wolverhampton_Wanderers,Manchester_United,1,2,0.8624,2.0568,1,0
Premier League,2020/2021,2021-05-23,38,West_Ham_United,Southampton,3,0,1.33303,1.5145,1,0
Premier League,2020/2021,2021-05-23,38,Sheffield_United,Burnley,1,0,0.494,1.0643,1,0
Premier League,2020/2021,2021-05-23,38,Manchester_City,Everton,5,0,2.5574,1.08848,1,0
Premier League,2020/2021,2021-05-23,38,Liverpool,Crystal_Palace,2,0,1.6105,0.5994,1,0
Premier League,2020/2021,2021-05-23,38,Leicester_City,Tottenham_Hotspur,2,4,1.9024,1.50441,1,0
Premier League,2020/2021,2021-05-23,38,Leeds_United,West_Bromwich_Albion,3,1,2.2904,0.9833,1,0
Premier League,2020/2021,2021-05-23,38,Fulham,Newcastle_United,0,2,1.0067,1.3036,1,0
Premier League,2020/2021,2021-05-23,38,Aston_Villa,Chelsea,2,1,1.0539,3.2848,1,0
Premier League,2020/2021,2021-05-23,38,Arsenal,Brighton_&_Hove_Albion,2,0,0.7716,0.1955,1,0
Championship,2021/2022,2021-08-06,1,AFC_Bournemouth,West_Bromwich_Albion,2,2,0.6618,2.0874,1,0
Championship,2021/2022,2021-08-07,1,Bristol_City,Blackpool,1,1,1.1243,0.4444,1,0
Championship,2021/2022,2021-08-07,1,Blackburn_Rovers,Swansea_City,2,1,3.4632,1.3115,1,0
League One,2021/2022,2021-08-07,1,Bolton_Wanderers,Milton_Keynes_Dons,3,3,2.3303,0.8714,1,0
League One,2021/2022,2021-08-07,1,Cambridge_United,Oxford_United,1,1,1.2654,1.0997,1,0
League One,2021/2022,2021-08-07,1,Crewe_Alexandra,Cheltenham_Town,1,1,0.5224,1.4712,1,0
League One,2021/2022,2021-08-07,1,Sunderland,Wigan_Athletic,2,1,2.6223,1.0505,1,0
League One,2021/2022,2021-08-07,1,Fleetwood_Town,Portsmouth,0,1,1.3462,1.0486,1,0
League One,2021/2022,2021-08-07,1,Gillingham,Lincoln_City,1,1,2.2784,1.3534,1,0
League One,2021/2022,2021-08-07,1,Ipswich_Town,Morecambe,2,2,1.1928,1.3471,1,0
League One,2021/2022,2021-08-07,1,Rotherham_United,Plymouth_Argyle,2,0,3.0908,0.3286,1,0
League One,2021/2022,2021-08-07,1,Shrewsbury_Town,Burton_Albion,0,1,1.1807,1.0791,1,0
League One,2021/2022,2021-08-07,1,Wycombe_Wanderers,Accrington_Stanley,2,1,1.3487,0.7751,1,0
Championship,2021/2022,2021-08-07,1,Cardiff_City,Barnsley,1,1,1.7355,0.4416,1,0
League One,2021/2022,2021-08-07,1,Doncaster_Rovers,AFC_Wimbledon,1,2,0.5257,1.4646,1,0
Championship,2021/2022,2021-08-07,1,Derby_County,Huddersfield_Town,1,1,0.9678,1.8288,1,0
League One,2021/2022,2021-08-07,1,Charlton_Athletic,Sheffield_Wednesday,0,0,0.9577,0.2963,1,0
Championship,2021/2022,2021-08-07,1,Preston_North_End,Hull_City,1,4,0.8294,1.4894,1,0
Championship,2021/2022,2021-08-07,1,Queens_Park_Rangers,Millwall,1,1,0.4397,0.6575,1,0
Championship,2021/2022,2021-08-07,1,Stoke_City,Reading,3,2,1.6302,1.0135,1,0
Championship,2021/2022,2021-08-07,1,Sheffield_United,Birmingham_City,0,1,0.6653,0.9242,1,0
Championship,2021/2022,2021-08-07,1,Luton_Town,Peterborough_United,3,0,2.1572,0.1517,1,0
Championship,2021/2022,2021-08-08,1,Fulham,Middlesbrough,1,1,1.0956,0.4712,1,0
Championship,2021/2022,2021-08-08,1,Coventry_City,Nottingham_Forest,2,1,1.1025,0.9347,1,0
Premier League,2021/2022,2021-08-13,1,Brentford,Arsenal,2,0,1.2393,1.2799,1,0
Championship,2021/2022,2021-08-14,2,Middlesbrough,Bristol_City,2,1,1.9764,0.9166,1,0
Championship,2021/2022,2021-08-14,2,Millwall,Blackburn_Rovers,1,1,1.5068,0.0827,1,0
Championship,2021/2022,2021-08-14,2,Nottingham_Forest,AFC_Bournemouth,1,2,0.5732,0.5278,1,0
Championship,2021/2022,2021-08-14,2,Blackpool,Cardiff_City,0,2,0.4572,3.0684,1,0
Championship,2021/2022,2021-08-14,2,West_Bromwich_Albion,Luton_Town,3,2,1.6565,1.7972,1,0
Championship,2021/2022,2021-08-14,2,Swansea_City,Sheffield_United,0,0,0.3299,0.6198,1,0
Championship,2021/2022,2021-08-14,2,Birmingham_City,Stoke_City,0,0,0.4889,0.5182,1,0
Championship,2021/2022,2021-08-14,2,Barnsley,Coventry_City,1,0,0.5198,1.9872,1,0
Championship,2021/2022,2021-08-14,2,Reading,Preston_North_End,2,1,1.6569,1.4767,1,0
Championship,2021/2022,2021-08-14,2,Peterborough_United,Derby_County,2,1,1.6274,0.2402,1,0
League One,2021/2022,2021-08-14,2,AFC_Wimbledon,Bolton_Wanderers,3,3,1.6744,2.4201,1,0
League One,2021/2022,2021-08-14,2,Burton_Albion,Ipswich_Town,2,1,1.5965,1.3948,1,0
Premier League,2021/2022,2021-08-14,1,Manchester_United,Leeds_United,5,1,1.4955,0.5232,1,0
Premier League,2021/2022,2021-08-14,1,Burnley,Brighton_&_Hove_Albion,1,2,1.4511,1.052,1,0
Premier League,2021/2022,2021-08-14,1,Chelsea,Crystal_Palace,3,0,0.6795,0.2179,1,0
Premier League,2021/2022,2021-08-14,1,Everton,Southampton,3,1,2.42,0.8467,1,0
Premier League,2021/2022,2021-08-14,1,Leicester_City,Wolverhampton_Wanderers,1,0,0.4907,1.3258,1,0
Premier League,2021/2022,2021-08-14,1,Watford,Aston_Villa,3,2,1.1746,1.194,1,0
Premier League,2021/2022,2021-08-14,1,Norwich_City,Liverpool,0,3,1.4184,1.6562,1,0
League One,2021/2022,2021-08-14,2,Accrington_Stanley,Cambridge_United,2,1,1.1607,1.2668,1,0
Championship,2021/2022,2021-08-14,2,Hull_City,Queens_Park_Rangers,0,3,0.9152,1.1724,1,0
Championship,2021/2022,2021-08-14,2,Huddersfield_Town,Fulham,1,5,0.4281,3.0775,1,0
League One,2021/2022,2021-08-14,2,Cheltenham_Town,Wycombe_Wanderers,1,3,1.5457,1.4374,1,0
League One,2021/2022,2021-08-14,2,Lincoln_City,Fleetwood_Town,2,1,1.4529,0.4491,1,0
League One,2021/2022,2021-08-14,2,Milton_Keynes_Dons,Sunderland,1,2,1.7935,2.4433,1,0
League One,2021/2022,2021-08-14,2,Morecambe,Shrewsbury_Town,2,0,1.986,0.9464,1,0
League One,2021/2022,2021-08-14,2,Oxford_United,Charlton_Athletic,2,1,2.4657,1.5344,1,0
League One,2021/2022,2021-08-14,2,Plymouth_Argyle,Gillingham,1,0,1.3897,0.3098,1,0
League One,2021/2022,2021-08-14,2,Portsmouth,Crewe_Alexandra,2,0,1.2146,0.3134,1,0
League One,2021/2022,2021-08-14,2,Sheffield_Wednesday,Doncaster_Rovers,2,0,1.1072,1.4456,1,0
League One,2021/2022,2021-08-14,2,Wigan_Athletic,Rotherham_United,1,0,1.3462,0.8384,1,0
Premier League,2021/2022,2021-08-15,1,Tottenham_Hotspur,Manchester_City,1,0,1.0481,1.7772,1,0
Premier League,2021/2022,2021-08-15,1,Newcastle_United,West_Ham_United,2,4,1.8259,2.9222,1,0
Championship,2021/2022,2021-08-17,3,Peterborough_United,Cardiff_City,2,2,1.1407,1.3382,1,0
Championship,2021/2022,2021-08-17,3,Blackpool,Coventry_City,0,1,1.6841,2.3498,1,0
Championship,2021/2022,2021-08-17,3,Huddersfield_Town,Preston_North_End,1,0,0.2297,0.5843,1,0
Championship,2021/2022,2021-08-17,3,Swansea_City,Stoke_City,1,3,0.4278,1.7362,1,0
Championship,2021/2022,2021-08-17,3,Barnsley,Luton_Town,0,1,0.949,0.7287,1,0
Championship,2021/2022,2021-08-17,3,Millwall,Fulham,1,2,0.4421,2.1307,1,0
Championship,2021/2022,2021-08-17,3,Reading,Bristol_City,2,3,0.7838,1.767,1,0
League One,2021/2022,2021-08-17,3,Accrington_Stanley,Doncaster_Rovers,1,0,1.6056,0.12,1,0
League One,2021/2022,2021-08-17,3,Plymouth_Argyle,Cambridge_United,1,1,1.1057,1.161,1,0
League One,2021/2022,2021-08-17,3,Burton_Albion,Sunderland,1,0,0.858,1.6228,1,0
League One,2021/2022,2021-08-17,3,AFC_Wimbledon,Gillingham,1,1,1.0698,0.3247,1,0
League One,2021/2022,2021-08-17,3,Cheltenham_Town,Ipswich_Town,2,1,1.5201,0.7778,1,0
League One,2021/2022,2021-08-17,3,Lincoln_City,Bolton_Wanderers,0,1,1.1405,0.9453,1,0
League One,2021/2022,2021-08-17,3,Wigan_Athletic,Wycombe_Wanderers,1,1,1.2492,1.0924,1,0
League One,2021/2022,2021-08-17,3,Sheffield_Wednesday,Fleetwood_Town,1,0,2.1618,0.4042,1,0
League One,2021/2022,2021-08-17,3,Portsmouth,Shrewsbury_Town,1,0,1.0028,0.8147,1,0
League One,2021/2022,2021-08-17,3,Milton_Keynes_Dons,Charlton_Athletic,2,1,1.2785,0.71,1,0
League One,2021/2022,2021-08-17,3,Oxford_United,Crewe_Alexandra,1,0,1.8765,0.7877,1,0
League One,2021/2022,2021-08-17,3,Morecambe,Rotherham_United,0,1,0.3636,1.3681,1,0
Championship,2021/2022,2021-08-18,3,Hull_City,Derby_County,0,1,0.4599,1.4934,1,0
Championship,2021/2022,2021-08-18,3,West_Bromwich_Albion,Sheffield_United,4,0,3.1362,0.7062,1,0
Championship,2021/2022,2021-08-18,3,Birmingham_City,AFC_Bournemouth,0,2,0.4761,0.5894,1,0
Championship,2021/2022,2021-08-18,3,Middlesbrough,Queens_Park_Rangers,2,3,1.8265,0.7294,1,0
Championship,2021/2022,2021-08-18,3,Nottingham_Forest,Blackburn_Rovers,1,2,0.2355,0.7936,1,0
Championship,2021/2022,2021-08-20,4,Bristol_City,Swansea_City,0,1,1.4734,0.5141,1,0
League One,2021/2022,2021-08-21,4,Gillingham,Morecambe,2,1,1.7401,0.8084,1,0
Championship,2021/2022,2021-08-21,4,AFC_Bournemouth,Blackpool,2,2,0.8772,1.7621,1,0
League One,2021/2022,2021-08-21,4,Sunderland,AFC_Wimbledon,1,0,0.9381,0.2198,1,0
League One,2021/2022,2021-08-21,4,Shrewsbury_Town,Plymouth_Argyle,0,3,0.8993,0.6982,1,0
League One,2021/2022,2021-08-21,4,Ipswich_Town,Milton_Keynes_Dons,2,2,1.6882,1.9359,1,0
League One,2021/2022,2021-08-21,4,Fleetwood_Town,Cheltenham_Town,3,2,1.2222,1.3094,1,0
League One,2021/2022,2021-08-21,4,Doncaster_Rovers,Portsmouth,0,0,0.3119,1.9717,1,0
League One,2021/2022,2021-08-21,4,Crewe_Alexandra,Accrington_Stanley,0,1,0.5931,1.5513,1,0
League One,2021/2022,2021-08-21,4,Charlton_Athletic,Wigan_Athletic,0,2,0.8341,2.3788,1,0
League One,2021/2022,2021-08-21,4,Cambridge_United,Burton_Albion,3,0,0.4463,1.7551,1,0
League One,2021/2022,2021-08-21,4,Bolton_Wanderers,Oxford_United,2,1,1.4919,2.242,1,0
League One,2021/2022,2021-08-21,4,Rotherham_United,Sheffield_Wednesday,0,2,1.9757,1.6919,1,0
Premier League,2021/2022,2021-08-21,2,Brighton_&_Hove_Albion,Watford,2,0,1.337,1.0293,1,0
League One,2021/2022,2021-08-21,4,Wycombe_Wanderers,Lincoln_City,1,0,1.5265,0.8247,1,0
Premier League,2021/2022,2021-08-21,2,Manchester_City,Norwich_City,5,0,2.6545,0.0576,1,0
Premier League,2021/2022,2021-08-21,2,Crystal_Palace,Brentford,0,0,0.5184,0.858,1,0
Premier League,2021/2022,2021-08-21,2,Aston_Villa,Newcastle_United,2,0,1.3413,0.7038,1,0
Premier League,2021/2022,2021-08-21,2,Liverpool,Burnley,2,0,2.7953,0.9087,1,0
Championship,2021/2022,2021-08-21,4,Stoke_City,Nottingham_Forest,1,0,0.79,0.0699,1,0
Championship,2021/2022,2021-08-21,4,Sheffield_United,Huddersfield_Town,1,2,0.7435,1.0859,1,0
Championship,2021/2022,2021-08-21,4,Preston_North_End,Peterborough_United,1,0,1.8189,1.3241,1,0
Championship,2021/2022,2021-08-21,4,Luton_Town,Birmingham_City,0,5,1.5569,2.7473,1,0
Championship,2021/2022,2021-08-21,4,Fulham,Hull_City,2,0,1.3296,0.317,1,0
Championship,2021/2022,2021-08-21,4,Derby_County,Middlesbrough,0,0,0.4136,0.8142,1,0
Championship,2021/2022,2021-08-21,4,Coventry_City,Reading,2,1,1.9871,1.0274,1,0
Championship,2021/2022,2021-08-21,4,Cardiff_City,Millwall,3,1,2.8623,1.1612,1,0
Championship,2021/2022,2021-08-21,4,Blackburn_Rovers,West_Bromwich_Albion,1,2,1.4307,2.8444,1,0
Premier League,2021/2022,2021-08-21,2,Leeds_United,Everton,2,2,1.2489,1.8221,1,0
Championship,2021/2022,2021-08-21,4,Queens_Park_Rangers,Barnsley,2,2,1.5384,1.5454,1,0
Premier League,2021/2022,2021-08-22,2,Southampton,Manchester_United,1,1,0.6767,1.863,1,0
Premier League,2021/2022,2021-08-22,2,Arsenal,Chelsea,0,2,0.3328,3.125,1,0
Premier League,2021/2022,2021-08-22,2,Wolverhampton_Wanderers,Tottenham_Hotspur,0,1,1.8264,1.7101,1,0
Premier League,2021/2022,2021-08-23,2,West_Ham_United,Leicester_City,4,1,2.3328,0.589,1,0
League One,2021/2022,2021-08-27,5,Burton_Albion,Cheltenham_Town,1,1,1.0312,0.3226,1,0
League One,2021/2022,2021-08-28,5,Shrewsbury_Town,Gillingham,2,1,0.857,0.612,1,0
Championship,2021/2022,2021-08-28,5,Huddersfield_Town,Reading,4,0,2.6427,0.5168,1,0
Championship,2021/2022,2021-08-28,5,Hull_City,AFC_Bournemouth,0,0,0.3524,1.4266,1,0
Championship,2021/2022,2021-08-28,5,Luton_Town,Sheffield_United,0,0,0.6562,0.6053,1,0
Championship,2021/2022,2021-08-28,5,Millwall,Blackpool,2,1,1.4915,1.1991,1,0
Championship,2021/2022,2021-08-28,5,Preston_North_End,Swansea_City,3,1,0.6565,0.6136,1,0
Championship,2021/2022,2021-08-28,5,Queens_Park_Rangers,Coventry_City,2,0,0.8455,1.1324,1,0
Championship,2021/2022,2021-08-28,5,Peterborough_United,West_Bromwich_Albion,0,1,0.1343,2.1533,1,0
League One,2021/2022,2021-08-28,5,Rotherham_United,Doncaster_Rovers,2,0,0.975,0.3581,1,0
League One,2021/2022,2021-08-28,5,Cambridge_United,Bolton_Wanderers,1,0,0.5457,0.9751,1,0
League One,2021/2022,2021-08-28,5,Charlton_Athletic,Crewe_Alexandra,2,0,2.346,0.9166,1,0
League One,2021/2022,2021-08-28,5,Ipswich_Town,AFC_Wimbledon,2,2,1.3895,0.9658,1,0
League One,2021/2022,2021-08-28,5,Milton_Keynes_Dons,Accrington_Stanley,2,0,1.1913,1.2076,1,0
League One,2021/2022,2021-08-28,5,Morecambe,Sheffield_Wednesday,1,0,0.5057,0.7979,1,0
League One,2021/2022,2021-08-28,5,Oxford_United,Lincoln_City,3,1,1.8161,1.8157,1,0
League One,2021/2022,2021-08-28,5,Plymouth_Argyle,Fleetwood_Town,1,1,0.915,0.8837,1,0
League One,2021/2022,2021-08-28,5,Sunderland,Wycombe_Wanderers,3,1,0.7994,1.1273,1,0
League One,2021/2022,2021-08-28,5,Wigan_Athletic,Portsmouth,1,0,0.4779,0.5655,1,0
Championship,2021/2022,2021-08-28,5,Fulham,Stoke_City,3,0,4.0336,0.7272,1,0
Championship,2021/2022,2021-08-28,5,Barnsley,Birmingham_City,1,1,0.2571,2.604,1,0
Championship,2021/2022,2021-08-28,5,Middlesbrough,Blackburn_Rovers,1,1,0.7515,0.4708,1,0
Championship,2021/2022,2021-08-28,5,Cardiff_City,Bristol_City,1,2,0.9567,0.6298,1,0
Premier League,2021/2022,2021-08-28,3,Manchester_City,Arsenal,5,0,4.0227,0.2119,1,0
Premier League,2021/2022,2021-08-28,3,Aston_Villa,Brentford,1,1,0.726,0.8735,1,0
Premier League,2021/2022,2021-08-28,3,Brighton_&_Hove_Albion,Everton,0,2,0.7864,1.4279,1,0
Premier League,2021/2022,2021-08-28,3,Newcastle_United,Southampton,2,2,0.9775,3.6585,1,0
Premier League,2021/2022,2021-08-28,3,Norwich_City,Leicester_City,1,2,1.5254,1.458,1,0
Premier League,2021/2022,2021-08-28,3,West_Ham_United,Crystal_Palace,2,2,1.3404,1.1466,1,0
Premier League,2021/2022,2021-08-28,3,Liverpool,Chelsea,1,1,2.9895,0.6366,1,0
Championship,2021/2022,2021-08-28,5,Derby_County,Nottingham_Forest,1,1,1.0056,0.6648,1,0
Premier League,2021/2022,2021-08-29,3,Burnley,Leeds_United,1,1,1.1195,1.2935,1,0
Premier League,2021/2022,2021-08-29,3,Tottenham_Hotspur,Watford,1,0,0.9911,0.7753,1,0
Premier League,2021/2022,2021-08-29,3,Wolverhampton_Wanderers,Manchester_United,0,1,2.1241,0.6432,1,0
League One,2021/2022,2021-09-04,6,AFC_Wimbledon,Oxford_United,3,1,1.9097,1.6035,1,0
League One,2021/2022,2021-09-04,6,Accrington_Stanley,Shrewsbury_Town,1,0,1.5407,0.3819,1,0
League One,2021/2022,2021-09-04,6,Cheltenham_Town,Milton_Keynes_Dons,1,1,0.6021,1.3406,1,0
League One,2021/2022,2021-09-06,6,Bolton_Wanderers,Burton_Albion,0,0,2.1273,0.5234,1,0
Championship,2021/2022,2021-09-10,6,Birmingham_City,Derby_County,2,0,1.3006,0.2971,1,0
Championship,2021/2022,2021-09-11,6,Coventry_City,Middlesbrough,2,0,1.6551,0.469,1,0
Premier League,2021/2022,2021-09-11,4,Chelsea,Aston_Villa,3,0,1.2683,1.1919,1,0
Premier League,2021/2022,2021-09-11,4,Watford,Wolverhampton_Wanderers,0,2,0.2176,2.3971,1,0
Premier League,2021/2022,2021-09-11,4,Southampton,West_Ham_United,0,0,0.7227,0.7214,1,0
Championship,2021/2022,2021-09-11,6,Stoke_City,Huddersfield_Town,2,1,0.5097,1.3304,1,0
Premier League,2021/2022,2021-09-11,4,Manchester_United,Newcastle_United,4,1,2.549,0.4228,1,0
Premier League,2021/2022,2021-09-11,4,Leicester_City,Manchester_City,0,1,0.6568,2.9777,1,0
Premier League,2021/2022,2021-09-11,4,Brentford,Brighton_&_Hove_Albion,0,1,0.4093,0.2843,1,0
Premier League,2021/2022,2021-09-11,4,Arsenal,Norwich_City,1,0,2.7695,0.7106,1,0
Championship,2021/2022,2021-09-11,6,AFC_Bournemouth,Barnsley,3,0,2.2792,0.0457,1,0
Championship,2021/2022,2021-09-11,6,Blackburn_Rovers,Luton_Town,2,2,1.0702,1.472,1,0
Premier League,2021/2022,2021-09-11,4,Crystal_Palace,Tottenham_Hotspur,3,0,2.2065,0.0599,1,0
Championship,2021/2022,2021-09-11,6,Blackpool,Fulham,1,0,0.5125,1.1313,1,0
Championship,2021/2022,2021-09-11,6,Bristol_City,Preston_North_End,0,0,0.5276,0.9313,1,0
Championship,2021/2022,2021-09-11,6,Reading,Queens_Park_Rangers,3,3,1.5154,2.5115,1,0
Championship,2021/2022,2021-09-11,6,Swansea_City,Hull_City,0,0,0.9671,0.0841,1,0
League One,2021/2022,2021-09-11,7,Cambridge_United,Lincoln_City,1,5,1.5289,1.9562,1,0
Championship,2021/2022,2021-09-11,6,West_Bromwich_Albion,Millwall,1,1,1.6529,1.0534,1,0
League One,2021/2022,2021-09-11,7,Burton_Albion,Gillingham,1,1,1.2204,0.8723,1,0
League One,2021/2022,2021-09-11,7,Wigan_Athletic,Doncaster_Rovers,2,1,1.7895,0.1996,1,0
League One,2021/2022,2021-09-11,7,Sunderland,Accrington_Stanley,2,1,2.0971,1.1443,1,0
League One,2021/2022,2021-09-11,7,Shrewsbury_Town,Crewe_Alexandra,1,1,1.5577,1.5619,1,0
Championship,2021/2022,2021-09-11,6,Sheffield_United,Peterborough_United,6,2,3.2751,1.6994,1,0
League One,2021/2022,2021-09-11,7,Rotherham_United,Fleetwood_Town,2,4,2.4303,1.2738,1,0
League One,2021/2022,2021-09-11,7,Oxford_United,Wycombe_Wanderers,0,0,0.4994,1.063,1,0
League One,2021/2022,2021-09-11,7,Morecambe,AFC_Wimbledon,3,4,0.7732,1.6094,1,0
League One,2021/2022,2021-09-11,7,Milton_Keynes_Dons,Portsmouth,1,0,1.8081,0.4991,1,0
League One,2021/2022,2021-09-11,7,Charlton_Athletic,Cheltenham_Town,1,2,1.2927,2.3016,1,0
League One,2021/2022,2021-09-11,7,Plymouth_Argyle,Sheffield_Wednesday,3,0,1.5709,1.3853,1,0
League One,2021/2022,2021-09-11,7,Ipswich_Town,Bolton_Wanderers,2,5,1.2648,2.3564,1,0
Premier League,2021/2022,2021-09-12,4,Leeds_United,Liverpool,0,3,1.2312,4.5364,1,0
Championship,2021/2022,2021-09-12,6,Nottingham_Forest,Cardiff_City,1,2,0.893,1.199,1,0
Premier League,2021/2022,2021-09-13,4,Everton,Burnley,3,1,1.4496,1.0218,1,0
Championship,2021/2022,2021-09-14,7,West_Bromwich_Albion,Derby_County,0,0,2.1816,0.0757,1,0
Championship,2021/2022,2021-09-14,7,Blackpool,Huddersfield_Town,0,3,0.7474,0.8613,1,0
Championship,2021/2022,2021-09-14,7,Sheffield_United,Preston_North_End,2,2,1.4654,1.7266,1,0
Championship,2021/2022,2021-09-14,7,Blackburn_Rovers,Hull_City,2,0,1.2088,0.6738,1,0
Championship,2021/2022,2021-09-14,7,AFC_Bournemouth,Queens_Park_Rangers,2,1,1.5074,1.3733,1,0
League One,2021/2022,2021-09-14,6,Lincoln_City,Rotherham_United,1,1,1.2876,3.3458,1,0
Championship,2021/2022,2021-09-14,7,Reading,Peterborough_United,3,1,0.5419,0.5188,1,0
Championship,2021/2022,2021-09-15,7,Swansea_City,Millwall,0,0,0.9788,1.1193,1,0
Championship,2021/2022,2021-09-15,7,Coventry_City,Cardiff_City,1,0,0.891,0.8959,1,0
Championship,2021/2022,2021-09-15,7,Nottingham_Forest,Middlesbrough,0,2,0.7978,1.7732,1,0
Championship,2021/2022,2021-09-15,7,Bristol_City,Luton_Town,1,1,0.7605,2.4712,1,0
Championship,2021/2022,2021-09-15,7,Birmingham_City,Fulham,1,4,1.7804,2.5768,1,0
Championship,2021/2022,2021-09-15,7,Stoke_City,Barnsley,1,1,2.5152,1.0722,1,0
Premier League,2021/2022,2021-09-17,5,Newcastle_United,Leeds_United,1,1,1.403,1.6321,1,0
Championship,2021/2022,2021-09-18,8,Hull_City,Sheffield_United,1,3,1.2583,1.9095,1,0
Championship,2021/2022,2021-09-18,8,Barnsley,Blackburn_Rovers,0,0,1.1419,0.6082,1,0
Championship,2021/2022,2021-09-18,8,Cardiff_City,AFC_Bournemouth,0,1,0.532,1.0256,1,0
Championship,2021/2022,2021-09-18,8,Derby_County,Stoke_City,2,1,1.8392,1.0692,1,0
Championship,2021/2022,2021-09-18,8,Fulham,Reading,1,2,2.9268,1.1738,1,0
Premier League,2021/2022,2021-09-18,5,Wolverhampton_Wanderers,Brentford,0,2,0.6299,2.4722,1,0
Premier League,2021/2022,2021-09-18,5,Manchester_City,Southampton,0,0,1.0279,0.4172,1,0
Premier League,2021/2022,2021-09-18,5,Liverpool,Crystal_Palace,3,0,3.0876,0.5979,1,0
League One,2021/2022,2021-09-18,8,AFC_Wimbledon,Plymouth_Argyle,0,1,1.2163,1.2959,1,0
League One,2021/2022,2021-09-18,8,Accrington_Stanley,Wigan_Athletic,1,4,0.549,1.9322,1,0
League One,2021/2022,2021-09-18,8,Bolton_Wanderers,Rotherham_United,0,2,1.4625,0.6807,1,0
League One,2021/2022,2021-09-18,8,Cheltenham_Town,Oxford_United,1,0,1.4821,1.0929,1,0
League One,2021/2022,2021-09-18,8,Crewe_Alexandra,Burton_Albion,2,0,1.2871,1.605,1,0
League One,2021/2022,2021-09-18,8,Doncaster_Rovers,Morecambe,1,0,1.0335,1.549,1,0
League One,2021/2022,2021-09-18,8,Fleetwood_Town,Sunderland,2,2,1.7894,2.6347,1,0
League One,2021/2022,2021-09-18,8,Gillingham,Milton_Keynes_Dons,1,4,1.2713,2.5729,1,0
League One,2021/2022,2021-09-18,8,Lincoln_City,Ipswich_Town,0,1,0.4471,0.6645,1,0
League One,2021/2022,2021-09-18,8,Portsmouth,Cambridge_United,1,2,0.7518,0.4039,1,0
League One,2021/2022,2021-09-18,8,Sheffield_Wednesday,Shrewsbury_Town,1,1,1.7464,1.0667,1,0
League One,2021/2022,2021-09-18,8,Wycombe_Wanderers,Charlton_Athletic,2,1,1.5658,0.7285,1,0
Championship,2021/2022,2021-09-18,8,Queens_Park_Rangers,Bristol_City,1,2,2.0651,0.7089,1,0
Championship,2021/2022,2021-09-18,8,Preston_North_End,West_Bromwich_Albion,1,1,0.4282,1.083,1,0
Championship,2021/2022,2021-09-18,8,Peterborough_United,Birmingham_City,3,0,1.2095,1.3924,1,0
Championship,2021/2022,2021-09-18,8,Millwall,Coventry_City,1,1,0.9993,1.8894,1,0
Championship,2021/2022,2021-09-18,8,Middlesbrough,Blackpool,1,2,1.0079,1.3651,1,0
Championship,2021/2022,2021-09-18,8,Luton_Town,Swansea_City,3,3,3.0696,1.1823,1,0
Championship,2021/2022,2021-09-18,8,Huddersfield_Town,Nottingham_Forest,0,2,0.7865,0.5737,1,0
Premier League,2021/2022,2021-09-18,5,Aston_Villa,Everton,3,0,0.8492,0.7549,1,0
Premier League,2021/2022,2021-09-18,5,Norwich_City,Watford,1,3,1.0567,2.4186,1,0
Premier League,2021/2022,2021-09-18,5,Burnley,Arsenal,0,1,1.0182,1.0634,1,0
Premier League,2021/2022,2021-09-19,5,Tottenham_Hotspur,Chelsea,0,3,0.506,2.1964,1,0
Premier League,2021/2022,2021-09-19,5,West_Ham_United,Manchester_United,1,2,1.5972,2.0669,1,0
Premier League,2021/2022,2021-09-19,5,Brighton_&_Hove_Albion,Leicester_City,2,1,1.7231,1.4869,1,0
League One,2021/2022,2021-09-21,6,Gillingham,Charlton_Athletic,1,1,0.7557,2.0233,1,0
League One,2021/2022,2021-09-21,6,Portsmouth,Plymouth_Argyle,2,2,2.262,1.932,1,0
League One,2021/2022,2021-09-21,6,Crewe_Alexandra,Morecambe,1,3,1.3937,1.9816,1,0
Championship,2021/2022,2021-09-24,9,West_Bromwich_Albion,Queens_Park_Rangers,2,1,1.5332,0.3954,1,0
Championship,2021/2022,2021-09-24,9,Coventry_City,Peterborough_United,3,0,2.1979,0.3733,1,0
League One,2021/2022,2021-09-25,9,Burton_Albion,Lincoln_City,1,2,3.839,1.2367,1,0
Championship,2021/2022,2021-09-25,9,Blackpool,Barnsley,1,0,1.2968,1.095,1,0
Championship,2021/2022,2021-09-25,9,Blackburn_Rovers,Cardiff_City,5,1,3.2374,0.7156,1,0
Championship,2021/2022,2021-09-25,9,Birmingham_City,Preston_North_End,0,0,0.3969,0.6915,1,0
Championship,2021/2022,2021-09-25,9,AFC_Bournemouth,Luton_Town,2,1,0.5958,1.1574,1,0
League One,2021/2022,2021-09-25,9,Cambridge_United,Fleetwood_Town,2,2,0.9951,0.8274,1,0
Championship,2021/2022,2021-09-25,9,Reading,Middlesbrough,1,0,1.275,0.8929,1,0
Premier League,2021/2022,2021-09-25,6,Manchester_United,Aston_Villa,0,1,2.2099,1.0362,1,0
Premier League,2021/2022,2021-09-25,6,Everton,Norwich_City,2,0,1.9798,0.4905,1,0
Premier League,2021/2022,2021-09-25,6,Leeds_United,West_Ham_United,1,2,1.2215,1.6491,1,0
Premier League,2021/2022,2021-09-25,6,Leicester_City,Burnley,2,2,2.3591,0.4754,1,0
Premier League,2021/2022,2021-09-25,6,Watford,Newcastle_United,1,1,1.1474,1.8968,1,0
Premier League,2021/2022,2021-09-25,6,Brentford,Liverpool,3,3,2.2378,2.8363,1,0
Premier League,2021/2022,2021-09-25,6,Chelsea,Manchester_City,0,1,0.2358,1.6943,1,0
League One,2021/2022,2021-09-25,9,Ipswich_Town,Sheffield_Wednesday,1,1,1.4526,0.4089,1,0
League One,2021/2022,2021-09-25,9,Charlton_Athletic,Portsmouth,2,2,1.2819,1.3687,1,0
Championship,2021/2022,2021-09-25,9,Nottingham_Forest,Millwall,1,1,0.8683,0.963,1,0
League One,2021/2022,2021-09-25,9,Morecambe,Accrington_Stanley,3,3,1.5144,2.4734,1,0
League One,2021/2022,2021-09-25,9,Oxford_United,Gillingham,1,1,2.8034,0.3509,1,0
League One,2021/2022,2021-09-25,9,Plymouth_Argyle,Doncaster_Rovers,2,1,2.9199,1.5411,1,0
League One,2021/2022,2021-09-25,9,Rotherham_United,Crewe_Alexandra,1,1,2.9028,0.9252,1,0
League One,2021/2022,2021-09-25,9,Shrewsbury_Town,AFC_Wimbledon,2,1,0.7828,1.0263,1,0
League One,2021/2022,2021-09-25,9,Sunderland,Bolton_Wanderers,1,0,1.8494,1.912,1,0
League One,2021/2022,2021-09-25,9,Wigan_Athletic,Cheltenham_Town,2,0,1.6095,0.4749,1,0
Championship,2021/2022,2021-09-25,9,Bristol_City,Fulham,1,1,1.3098,2.3578,1,0
League One,2021/2022,2021-09-25,9,Milton_Keynes_Dons,Wycombe_Wanderers,1,0,2.0413,0.6629,1,0
Championship,2021/2022,2021-09-25,9,Sheffield_United,Derby_County,1,0,2.2838,0.672,1,0
Championship,2021/2022,2021-09-25,9,Stoke_City,Hull_City,2,0,0.7264,0.8939,1,0
Championship,2021/2022,2021-09-25,9,Swansea_City,Huddersfield_Town,1,0,1.031,0.2061,1,0
Premier League,2021/2022,2021-09-26,6,Southampton,Wolverhampton_Wanderers,0,1,1.0784,1.0056,1,0
Premier League,2021/2022,2021-09-26,6,Arsenal,Tottenham_Hotspur,3,1,1.084,1.0189,1,0
Premier League,2021/2022,2021-09-27,6,Crystal_Palace,Brighton_&_Hove_Albion,1,1,1.428,0.7572,1,0
Championship,2021/2022,2021-09-28,10,Hull_City,Blackpool,1,1,1.24,0.7964,1,0
Championship,2021/2022,2021-09-28,10,Cardiff_City,West_Bromwich_Albion,0,4,0.3093,0.6792,1,0
Championship,2021/2022,2021-09-28,10,Huddersfield_Town,Blackburn_Rovers,3,2,1.7402,1.5767,1,0
League One,2021/2022,2021-09-28,10,Rotherham_United,AFC_Wimbledon,3,0,1.2769,0.9746,1,0
Championship,2021/2022,2021-09-28,10,Middlesbrough,Sheffield_United,2,0,0.513,1.1422,1,0
League One,2021/2022,2021-09-28,10,Wigan_Athletic,Sheffield_Wednesday,1,2,2.4732,1.0317,1,0
League One,2021/2022,2021-09-28,10,Sunderland,Cheltenham_Town,5,0,5.2972,0.4114,1,0
League One,2021/2022,2021-09-28,10,Burton_Albion,Portsmouth,2,1,1.0203,0.7377,1,0
League One,2021/2022,2021-09-28,10,Cambridge_United,Gillingham,0,2,1.0319,0.5375,1,0
League One,2021/2022,2021-09-28,10,Charlton_Athletic,Bolton_Wanderers,1,4,0.8687,1.7235,1,0
League One,2021/2022,2021-09-28,10,Ipswich_Town,Doncaster_Rovers,6,0,1.9277,0.0448,1,0
League One,2021/2022,2021-09-28,10,Milton_Keynes_Dons,Fleetwood_Town,3,3,0.969,0.9696,1,0
League One,2021/2022,2021-09-28,10,Morecambe,Lincoln_City,2,0,1.1112,0.7683,1,0
League One,2021/2022,2021-09-28,10,Oxford_United,Accrington_Stanley,5,1,1.9674,0.9497,1,0
League One,2021/2022,2021-09-28,10,Plymouth_Argyle,Crewe_Alexandra,1,1,1.7322,0.7838,1,0
League One,2021/2022,2021-09-28,10,Shrewsbury_Town,Wycombe_Wanderers,1,2,1.5365,0.6577,1,0
Championship,2021/2022,2021-09-28,10,Queens_Park_Rangers,Birmingham_City,2,0,1.0862,1.2304,1,0
Championship,2021/2022,2021-09-28,10,Preston_North_End,Stoke_City,1,1,0.3889,1.6683,1,0
Championship,2021/2022,2021-09-29,10,Derby_County,Reading,1,0,1.0946,0.7039,1,0
Championship,2021/2022,2021-09-29,10,Millwall,Bristol_City,1,0,1.5206,0.6322,1,0
Championship,2021/2022,2021-09-29,10,Peterborough_United,AFC_Bournemouth,0,0,0.0792,1.0639,1,0
Championship,2021/2022,2021-09-29,10,Luton_Town,Coventry_City,5,0,3.3136,0.9642,1,0
Championship,2021/2022,2021-09-29,10,Barnsley,Nottingham_Forest,1,3,1.0505,2.6871,1,0
Championship,2021/2022,2021-09-29,10,Fulham,Swansea_City,3,1,1.594,0.8658,1,0
Championship,2021/2022,2021-10-01,11,Stoke_City,West_Bromwich_Albion,1,0,2.746,0.9161,1,0
Premier League,2021/2022,2021-10-02,7,Leeds_United,Watford,1,0,1.3513,0.2075,1,0
Premier League,2021/2022,2021-10-02,7,Chelsea,Southampton,3,1,3.3354,1.35,1,0
Premier League,2021/2022,2021-10-02,7,Burnley,Norwich_City,0,0,1.1811,0.5271,1,0
Championship,2021/2022,2021-10-02,11,Queens_Park_Rangers,Preston_North_End,3,2,1.8752,1.2089,1,0
Championship,2021/2022,2021-10-02,11,Birmingham_City,Nottingham_Forest,0,3,1.9422,1.3284,1,0
Championship,2021/2022,2021-10-02,11,Barnsley,Millwall,0,1,0.8744,1.9572,1,0
Championship,2021/2022,2021-10-02,11,AFC_Bournemouth,Sheffield_United,2,1,1.9754,1.0087,1,0
Championship,2021/2022,2021-10-02,11,Coventry_City,Fulham,4,1,1.7059,0.7458,1,0
Championship,2021/2022,2021-10-02,11,Peterborough_United,Bristol_City,2,3,1.051,1.523,1,0
Championship,2021/2022,2021-10-02,11,Luton_Town,Huddersfield_Town,0,0,1.059,0.2746,1,0
Championship,2021/2022,2021-10-02,11,Cardiff_City,Reading,0,1,2.0503,0.1269,1,0
Championship,2021/2022,2021-10-02,11,Blackpool,Blackburn_Rovers,2,1,1.1869,1.1292,1,0
Premier League,2021/2022,2021-10-02,7,Manchester_United,Everton,1,1,0.9784,1.2738,1,0
League One,2021/2022,2021-10-02,11,AFC_Wimbledon,Burton_Albion,1,1,1.1384,0.9476,1,0
Premier League,2021/2022,2021-10-02,7,Brighton_&_Hove_Albion,Arsenal,0,0,1.0941,0.432,1,0
Premier League,2021/2022,2021-10-02,7,Wolverhampton_Wanderers,Newcastle_United,2,1,1.0204,0.645,1,0
League One,2021/2022,2021-10-02,11,Wycombe_Wanderers,Morecambe,4,3,1.8883,1.1766,1,0
League One,2021/2022,2021-10-02,11,Sheffield_Wednesday,Oxford_United,1,2,1.046,1.6012,1,0
League One,2021/2022,2021-10-02,11,Portsmouth,Sunderland,4,0,2.129,0.4299,1,0
Championship,2021/2022,2021-10-02,11,Hull_City,Middlesbrough,2,0,1.0512,1.2688,1,0
League One,2021/2022,2021-10-02,11,Lincoln_City,Plymouth_Argyle,2,2,1.4317,1.484,1,0
League One,2021/2022,2021-10-02,11,Fleetwood_Town,Charlton_Athletic,1,2,1.498,1.6344,1,0
League One,2021/2022,2021-10-02,11,Doncaster_Rovers,Milton_Keynes_Dons,2,1,1.6543,0.6713,1,0
League One,2021/2022,2021-10-02,11,Crewe_Alexandra,Cambridge_United,2,2,0.5611,1.9263,1,0
League One,2021/2022,2021-10-02,11,Cheltenham_Town,Rotherham_United,0,2,1.1619,2.6057,1,0
League One,2021/2022,2021-10-02,11,Bolton_Wanderers,Shrewsbury_Town,2,1,0.6116,1.7078,1,0
League One,2021/2022,2021-10-02,11,Accrington_Stanley,Ipswich_Town,2,1,0.8161,0.4187,1,0
League One,2021/2022,2021-10-02,11,Gillingham,Wigan_Athletic,0,2,0.6705,1.0827,1,0
Championship,2021/2022,2021-10-02,11,Derby_County,Swansea_City,0,0,0.5185,0.9277,1,0
Premier League,2021/2022,2021-10-03,7,Crystal_Palace,Leicester_City,2,2,1.5269,1.1938,1,0
Premier League,2021/2022,2021-10-03,7,Tottenham_Hotspur,Aston_Villa,2,1,1.2898,1.2099,1,0
Premier League,2021/2022,2021-10-03,7,West_Ham_United,Brentford,1,2,1.5587,1.2451,1,0
Premier League,2021/2022,2021-10-03,7,Liverpool,Manchester_City,2,2,0.8972,1.2408,1,0
League One,2021/2022,2021-10-09,12,Wycombe_Wanderers,Gillingham,2,0,1.7669,1.5334,1,0
League One,2021/2022,2021-10-09,12,Sheffield_Wednesday,Bolton_Wanderers,1,0,0.5785,0.9098,1,0
League One,2021/2022,2021-10-09,12,Plymouth_Argyle,Burton_Albion,2,1,1.4863,0.7693,1,0
League One,2021/2022,2021-10-09,12,Ipswich_Town,Shrewsbury_Town,2,1,0.6617,0.4171,1,0
League One,2021/2022,2021-10-15,13,Burton_Albion,Morecambe,3,2,3.0916,0.9275,1,0
Championship,2021/2022,2021-10-15,12,West_Bromwich_Albion,Birmingham_City,1,0,0.7852,0.7711,1,0
League One,2021/2022,2021-10-16,13,Cambridge_United,Ipswich_Town,2,2,1.3123,2.6145,1,0
League One,2021/2022,2021-10-16,13,Cheltenham_Town,Accrington_Stanley,1,0,2.3197,0.8668,1,0
League One,2021/2022,2021-10-16,13,AFC_Wimbledon,Sheffield_Wednesday,2,2,0.9166,2.3373,1,0
League One,2021/2022,2021-10-16,13,Gillingham,Sunderland,1,2,1.9712,1.5015,1,0
League One,2021/2022,2021-10-16,13,Lincoln_City,Charlton_Athletic,2,1,0.9836,0.7034,1,0
League One,2021/2022,2021-10-16,13,Oxford_United,Plymouth_Argyle,1,3,1.6902,1.4261,1,0
League One,2021/2022,2021-10-16,13,Rotherham_United,Portsmouth,4,1,2.4021,0.3449,1,0
League One,2021/2022,2021-10-16,13,Shrewsbury_Town,Milton_Keynes_Dons,1,0,0.4267,0.9581,1,0
Premier League,2021/2022,2021-10-16,8,Norwich_City,Brighton_&_Hove_Albion,0,0,1.6174,0.791,1,0
League One,2021/2022,2021-10-16,13,Fleetwood_Town,Crewe_Alexandra,3,0,1.8619,0.4031,1,0
League One,2021/2022,2021-10-16,13,Doncaster_Rovers,Wycombe_Wanderers,0,2,0.8632,0.7164,1,0
Premier League,2021/2022,2021-10-16,8,Southampton,Leeds_United,1,0,1.8867,0.1823,1,0
Premier League,2021/2022,2021-10-16,8,Aston_Villa,Wolverhampton_Wanderers,2,3,1.008,2.1181,1,0
Premier League,2021/2022,2021-10-16,8,Brentford,Chelsea,0,1,1.5443,0.3317,1,0
Championship,2021/2022,2021-10-16,12,Sheffield_United,Stoke_City,2,1,2.2794,0.8784,1,0
Championship,2021/2022,2021-10-16,12,Reading,Barnsley,1,0,1.3912,1.0632,1,0
Championship,2021/2022,2021-10-16,12,Preston_North_End,Derby_County,0,0,1.0591,0.6716,1,0
Championship,2021/2022,2021-10-16,12,Nottingham_Forest,Blackpool,2,1,1.67,0.6737,1,0
Championship,2021/2022,2021-10-16,12,Millwall,Luton_Town,0,2,1.4724,0.4944,1,0
Premier League,2021/2022,2021-10-16,8,Watford,Liverpool,0,5,0.4616,3.2875,1,0
Championship,2021/2022,2021-10-16,12,Middlesbrough,Peterborough_United,2,0,2.2099,0.1685,1,0
League One,2021/2022,2021-10-16,13,Bolton_Wanderers,Wigan_Athletic,0,4,0.6653,1.8428,1,0
Premier League,2021/2022,2021-10-16,8,Leicester_City,Manchester_United,4,2,2.5376,1.1592,1,0
Premier League,2021/2022,2021-10-16,8,Manchester_City,Burnley,2,0,2.1365,0.9135,1,0
Championship,2021/2022,2021-10-16,12,Fulham,Queens_Park_Rangers,4,1,1.6919,1.0296,1,0
Championship,2021/2022,2021-10-16,12,Blackburn_Rovers,Coventry_City,2,2,1.331,0.7266,1,0
Championship,2021/2022,2021-10-16,12,Bristol_City,AFC_Bournemouth,0,2,1.0869,2.4928,1,0
Championship,2021/2022,2021-10-16,12,Huddersfield_Town,Hull_City,2,0,1.0187,0.5182,1,0
Premier League,2021/2022,2021-10-17,8,Everton,West_Ham_United,0,1,0.9012,1.2944,1,0
Premier League,2021/2022,2021-10-17,8,Newcastle_United,Tottenham_Hotspur,2,3,0.3861,1.6909,1,0
Championship,2021/2022,2021-10-17,12,Swansea_City,Cardiff_City,3,0,2.7572,1.0508,1,0
Premier League,2021/2022,2021-10-18,8,Arsenal,Crystal_Palace,2,2,1.7032,0.718,1,0
League One,2021/2022,2021-10-19,14,Cambridge_United,Sheffield_Wednesday,1,1,0.5588,1.5653,1,0
Championship,2021/2022,2021-10-19,13,Bristol_City,Nottingham_Forest,1,2,2.0331,2.3145,1,0
Championship,2021/2022,2021-10-19,13,Sheffield_United,Millwall,1,2,2.2643,1.3086,1,0
League One,2021/2022,2021-10-19,14,Charlton_Athletic,Accrington_Stanley,2,3,1.7915,1.7355,1,0
League One,2021/2022,2021-10-19,14,Cheltenham_Town,Morecambe,3,1,1.8067,0.29,1,0
League One,2021/2022,2021-10-19,14,Gillingham,Doncaster_Rovers,1,0,0.5146,1.3319,1,0
League One,2021/2022,2021-10-19,14,Fleetwood_Town,Burton_Albion,0,1,0.5318,1.4232,1,0
Championship,2021/2022,2021-10-19,13,Derby_County,Luton_Town,2,2,0.6125,1.2265,1,0
Championship,2021/2022,2021-10-19,13,Stoke_City,AFC_Bournemouth,0,1,1.5559,1.4798,1,0
League One,2021/2022,2021-10-19,14,Lincoln_City,AFC_Wimbledon,0,1,0.8974,2.1091,1,0
League One,2021/2022,2021-10-19,14,Oxford_United,Shrewsbury_Town,2,0,1.6033,0.7176,1,0
League One,2021/2022,2021-10-19,14,Plymouth_Argyle,Bolton_Wanderers,3,0,2.7998,1.2019,1,0
League One,2021/2022,2021-10-19,14,Portsmouth,Ipswich_Town,0,4,0.7861,1.0532,1,0
League One,2021/2022,2021-10-19,14,Rotherham_United,Wycombe_Wanderers,0,0,0.7881,0.6799,1,0
League One,2021/2022,2021-10-19,14,Wigan_Athletic,Milton_Keynes_Dons,1,2,1.0463,0.9297,1,0
League One,2021/2022,2021-10-19,14,Crewe_Alexandra,Sunderland,0,4,1.022,2.3914,1,0
Championship,2021/2022,2021-10-19,13,Queens_Park_Rangers,Blackburn_Rovers,1,0,1.0374,0.1936,1,0
Championship,2021/2022,2021-10-20,13,Fulham,Cardiff_City,2,0,2.247,1.0489,1,0
Championship,2021/2022,2021-10-20,13,Middlesbrough,Barnsley,2,0,2.1093,0.9611,1,0
Championship,2021/2022,2021-10-20,13,Huddersfield_Town,Birmingham_City,0,0,0.5361,0.4006,1,0
Championship,2021/2022,2021-10-20,13,Preston_North_End,Coventry_City,2,1,0.6209,0.4951,1,0
Championship,2021/2022,2021-10-20,13,Swansea_City,West_Bromwich_Albion,2,1,1.4929,1.0838,1,0
Championship,2021/2022,2021-10-20,13,Reading,Blackpool,2,3,0.8886,2.2743,1,0
Championship,2021/2022,2021-10-20,13,Hull_City,Peterborough_United,1,2,3.2835,0.8276,1,0
Premier League,2021/2022,2021-10-22,9,Arsenal,Aston_Villa,3,1,2.7236,1.438,1,0
League One,2021/2022,2021-10-23,15,Accrington_Stanley,Portsmouth,2,2,1.0837,2.7591,1,0
League One,2021/2022,2021-10-23,15,Wycombe_Wanderers,Crewe_Alexandra,2,1,1.9971,0.7016,1,0
League One,2021/2022,2021-10-23,15,Sunderland,Charlton_Athletic,0,1,1.3282,1.3862,1,0
League One,2021/2022,2021-10-23,15,Shrewsbury_Town,Cambridge_United,4,1,1.2863,0.2423,1,0
League One,2021/2022,2021-10-23,15,Morecambe,Plymouth_Argyle,1,1,0.9636,2.0364,1,0
League One,2021/2022,2021-10-23,15,Milton_Keynes_Dons,Rotherham_United,0,3,0.7718,1.6956,1,0
League One,2021/2022,2021-10-23,15,Ipswich_Town,Fleetwood_Town,2,1,1.299,0.8947,1,0
League One,2021/2022,2021-10-23,15,Doncaster_Rovers,Cheltenham_Town,3,2,0.8871,2.6894,1,0
League One,2021/2022,2021-10-23,15,Burton_Albion,Oxford_United,1,3,0.4562,2.9676,1,0
League One,2021/2022,2021-10-23,15,AFC_Wimbledon,Wigan_Athletic,0,2,0.3976,1.933,1,0
League One,2021/2022,2021-10-23,15,Sheffield_Wednesday,Lincoln_City,1,1,0.944,0.7687,1,0
League One,2021/2022,2021-10-23,15,Bolton_Wanderers,Gillingham,2,2,2.4806,1.1354,1,0
Championship,2021/2022,2021-10-23,14,Peterborough_United,Queens_Park_Rangers,2,1,1.8743,0.9986,1,0
Championship,2021/2022,2021-10-23,14,Coventry_City,Derby_County,1,1,1.351,0.4194,1,0
Championship,2021/2022,2021-10-23,14,Blackburn_Rovers,Reading,2,0,2.1376,0.5227,1,0
Championship,2021/2022,2021-10-23,14,Blackpool,Preston_North_End,2,0,0.9722,0.9635,1,0
Premier League,2021/2022,2021-10-23,9,Chelsea,Norwich_City,7,0,3.4435,0.1127,1,0
Championship,2021/2022,2021-10-23,14,Luton_Town,Hull_City,1,0,1.6376,0.3947,1,0
Championship,2021/2022,2021-10-23,14,Millwall,Stoke_City,2,1,2.1715,1.4888,1,0
Championship,2021/2022,2021-10-23,14,West_Bromwich_Albion,Bristol_City,3,0,2.7348,0.4779,1,0
Championship,2021/2022,2021-10-23,14,Birmingham_City,Swansea_City,2,1,1.6587,1.2525,1,0
Championship,2021/2022,2021-10-23,14,Cardiff_City,Middlesbrough,0,2,0.6779,2.4738,1,0
Premier League,2021/2022,2021-10-23,9,Brighton_&_Hove_Albion,Manchester_City,1,4,1.3032,4.2311,1,0
Premier League,2021/2022,2021-10-23,9,Southampton,Burnley,2,2,1.6171,0.6922,1,0
Premier League,2021/2022,2021-10-23,9,Leeds_United,Wolverhampton_Wanderers,1,1,1.6469,0.9125,1,0
Premier League,2021/2022,2021-10-23,9,Everton,Watford,2,5,1.5298,3.8204,1,0
Premier League,2021/2022,2021-10-23,9,Crystal_Palace,Newcastle_United,1,1,1.8586,0.3468,1,0
Championship,2021/2022,2021-10-23,14,AFC_Bournemouth,Huddersfield_Town,3,0,2.2047,0.2146,1,0
Premier League,2021/2022,2021-10-24,9,West_Ham_United,Tottenham_Hotspur,1,0,1.2716,0.7009,1,0
Championship,2021/2022,2021-10-24,14,Nottingham_Forest,Fulham,0,4,0.4368,1.5409,1,0
Championship,2021/2022,2021-10-24,14,Barnsley,Sheffield_United,2,3,0.7453,1.2635,1,0
Premier League,2021/2022,2021-10-24,9,Brentford,Leicester_City,1,2,1.0313,1.5035,1,0
Premier League,2021/2022,2021-10-24,9,Manchester_United,Liverpool,0,5,1.5702,3.4218,1,0
League One,2021/2022,2021-10-26,12,Wigan_Athletic,Lincoln_City,1,2,1.9894,1.3498,1,0
League One,2021/2022,2021-10-26,6,Doncaster_Rovers,Cambridge_United,1,1,1.1908,0.5981,1,0
Championship,2021/2022,2021-10-29,15,Queens_Park_Rangers,Nottingham_Forest,1,1,0.7717,0.3205,1,0
League One,2021/2022,2021-10-30,16,Cambridge_United,AFC_Wimbledon,1,0,0.9464,0.7388,1,0
League One,2021/2022,2021-10-30,16,Charlton_Athletic,Doncaster_Rovers,4,0,3.975,0.1863,1,0
League One,2021/2022,2021-10-30,16,Cheltenham_Town,Sheffield_Wednesday,2,2,1.197,0.863,1,0
League One,2021/2022,2021-10-30,16,Crewe_Alexandra,Milton_Keynes_Dons,1,4,0.4985,2.4002,1,0
League One,2021/2022,2021-10-30,16,Fleetwood_Town,Wycombe_Wanderers,3,3,1.1293,2.3515,1,0
League One,2021/2022,2021-10-30,16,Lincoln_City,Shrewsbury_Town,1,1,1.6011,1.2831,1,0
League One,2021/2022,2021-10-30,16,Oxford_United,Morecambe,3,1,2.3411,1.492,1,0
League One,2021/2022,2021-10-30,16,Plymouth_Argyle,Ipswich_Town,2,1,2.2514,2.1227,1,0
League One,2021/2022,2021-10-30,16,Portsmouth,Bolton_Wanderers,1,0,0.7806,0.6463,1,0
Championship,2021/2022,2021-10-30,15,Swansea_City,Peterborough_United,3,0,2.0736,0.4504,1,0
League One,2021/2022,2021-10-30,16,Rotherham_United,Sunderland,5,1,3.558,0.4176,1,0
Championship,2021/2022,2021-10-30,15,Fulham,West_Bromwich_Albion,3,0,2.9781,1.2077,1,0
Championship,2021/2022,2021-10-30,15,Bristol_City,Barnsley,2,1,1.1486,2.6245,1,0
Championship,2021/2022,2021-10-30,15,Derby_County,Blackburn_Rovers,1,2,1.012,2.3458,1,0
Championship,2021/2022,2021-10-30,15,Huddersfield_Town,Millwall,1,0,0.826,0.2543,1,0
Championship,2021/2022,2021-10-30,15,Hull_City,Coventry_City,0,1,0.8999,0.8172,1,0
Championship,2021/2022,2021-10-30,15,Middlesbrough,Birmingham_City,0,2,0.6137,1.1478,1,0
Championship,2021/2022,2021-10-30,15,Preston_North_End,Luton_Town,2,0,1.6892,0.9366,1,0
Championship,2021/2022,2021-10-30,15,Sheffield_United,Blackpool,0,1,1.3361,0.2284,1,0
Championship,2021/2022,2021-10-30,15,Stoke_City,Cardiff_City,3,3,0.6618,1.1195,1,0
Championship,2021/2022,2021-10-30,15,Reading,AFC_Bournemouth,0,2,1.0738,0.5476,1,0
League One,2021/2022,2021-10-30,16,Wigan_Athletic,Burton_Albion,2,0,1.5115,0.0657,1,0
League One,2021/2022,2021-10-30,16,Gillingham,Accrington_Stanley,0,0,1.9788,0.947,1,0
Premier League,2021/2022,2021-10-30,10,Watford,Southampton,0,1,1.042,1.757,1,0
Premier League,2021/2022,2021-10-30,10,Newcastle_United,Chelsea,0,3,0.2187,2.3515,1,0
Premier League,2021/2022,2021-10-30,10,Manchester_City,Crystal_Palace,0,2,0.7136,0.6712,1,0
Premier League,2021/2022,2021-10-30,10,Liverpool,Brighton_&_Hove_Albion,2,2,1.4626,1.015,1,0
Premier League,2021/2022,2021-10-30,10,Burnley,Brentford,3,1,2.7037,0.8455,1,0
Premier League,2021/2022,2021-10-30,10,Leicester_City,Arsenal,0,2,1.274,0.7146,1,0
Premier League,2021/2022,2021-10-30,10,Tottenham_Hotspur,Manchester_United,0,3,1.0316,1.4959,1,0
Premier League,2021/2022,2021-10-31,10,Norwich_City,Leeds_United,1,2,0.8364,0.7354,1,0
Premier League,2021/2022,2021-10-31,10,Aston_Villa,West_Ham_United,1,4,0.6783,2.3599,1,0
Premier League,2021/2022,2021-11-01,10,Wolverhampton_Wanderers,Everton,2,1,1.6645,1.4767,1,0
League One,2021/2022,2021-11-02,12,Portsmouth,Cheltenham_Town,1,1,1.2212,1.1821,1,0
League One,2021/2022,2021-11-02,12,Morecambe,Cambridge_United,0,2,0.4755,1.7564,1,0
League One,2021/2022,2021-11-02,12,Crewe_Alexandra,Doncaster_Rovers,1,1,1.2656,1.633,1,0
League One,2021/2022,2021-11-02,12,Charlton_Athletic,Rotherham_United,1,1,1.3675,1.1744,1,0
League One,2021/2022,2021-11-02,6,Wycombe_Wanderers,Ipswich_Town,1,4,2.0082,2.5476,1,0
League One,2021/2022,2021-11-02,6,Sheffield_Wednesday,Sunderland,3,0,1.3245,1.4585,1,0
Championship,2021/2022,2021-11-02,16,Coventry_City,Swansea_City,1,2,0.4278,0.9957,1,0
Championship,2021/2022,2021-11-02,16,Birmingham_City,Bristol_City,3,0,1.3158,0.6381,1,0
League One,2021/2022,2021-11-02,6,Fleetwood_Town,Wigan_Athletic,2,3,1.3678,1.8873,1,0
Championship,2021/2022,2021-11-02,16,Luton_Town,Middlesbrough,3,1,1.1142,0.8594,1,0
Championship,2021/2022,2021-11-02,16,Millwall,Reading,1,0,2.0704,0.6708,1,0
Championship,2021/2022,2021-11-02,16,Nottingham_Forest,Sheffield_United,1,1,1.1821,0.6279,1,0
Championship,2021/2022,2021-11-02,16,Peterborough_United,Huddersfield_Town,1,1,1.2171,0.8776,1,0
Championship,2021/2022,2021-11-03,16,Blackpool,Stoke_City,0,1,0.5159,1.7646,1,0
Championship,2021/2022,2021-11-03,16,West_Bromwich_Albion,Hull_City,1,0,2.4632,0.598,1,0
Championship,2021/2022,2021-11-03,16,Cardiff_City,Queens_Park_Rangers,0,1,0.3444,0.9309,1,0
Championship,2021/2022,2021-11-03,16,Barnsley,Derby_County,2,1,0.92,1.2742,1,0
Championship,2021/2022,2021-11-03,16,Blackburn_Rovers,Fulham,0,7,0.1868,2.363,1,0
Championship,2021/2022,2021-11-03,16,AFC_Bournemouth,Preston_North_End,1,2,1.0494,0.9797,1,0
Premier League,2021/2022,2021-11-05,11,Southampton,Aston_Villa,1,0,0.6248,0.8595,1,0
Championship,2021/2022,2021-11-06,17,Barnsley,Hull_City,0,2,0.9671,1.67,1,0
Premier League,2021/2022,2021-11-06,11,Manchester_United,Manchester_City,0,2,0.894,1.6648,1,0
Championship,2021/2022,2021-11-06,17,Blackburn_Rovers,Sheffield_United,3,1,2.551,1.7871,1,0
Championship,2021/2022,2021-11-06,17,Birmingham_City,Reading,1,2,1.5377,1.1368,1,0
Championship,2021/2022,2021-11-06,17,AFC_Bournemouth,Swansea_City,4,0,2.9104,0.2267,1,0
Premier League,2021/2022,2021-11-06,11,Brentford,Norwich_City,1,2,2.7978,1.2238,1,0
Premier League,2021/2022,2021-11-06,11,Chelsea,Burnley,1,1,1.8265,0.6489,1,0
Premier League,2021/2022,2021-11-06,11,Crystal_Palace,Wolverhampton_Wanderers,2,0,1.939,0.3003,1,0
Premier League,2021/2022,2021-11-06,11,Brighton_&_Hove_Albion,Newcastle_United,1,1,1.4917,0.2886,1,0
Championship,2021/2022,2021-11-06,17,Peterborough_United,Fulham,0,1,1.4026,1.2871,1,0
Championship,2021/2022,2021-11-06,17,Nottingham_Forest,Preston_North_End,3,0,1.4447,0.329,1,0
Championship,2021/2022,2021-11-06,17,Millwall,Derby_County,1,1,1.3068,0.9591,1,0
Championship,2021/2022,2021-11-06,17,Luton_Town,Stoke_City,0,1,1.328,0.7804,1,0
Championship,2021/2022,2021-11-06,17,Coventry_City,Bristol_City,3,2,2.1569,2.2609,1,0
Championship,2021/2022,2021-11-06,17,Cardiff_City,Huddersfield_Town,2,1,0.8033,1.7325,1,0
Championship,2021/2022,2021-11-06,17,West_Bromwich_Albion,Middlesbrough,1,1,0.5052,1.5823,1,0
Championship,2021/2022,2021-11-06,17,Blackpool,Queens_Park_Rangers,1,1,1.4221,0.4403,1,0
Premier League,2021/2022,2021-11-07,11,West_Ham_United,Liverpool,3,2,1.0185,1.2304,1,0
Premier League,2021/2022,2021-11-07,11,Arsenal,Watford,1,0,1.6381,0.501,1,0
Premier League,2021/2022,2021-11-07,11,Leeds_United,Leicester_City,1,1,1.3778,0.731,1,0
Premier League,2021/2022,2021-11-07,11,Everton,Tottenham_Hotspur,0,0,0.6023,0.7163,1,0
League One,2021/2022,2021-11-12,17,Bolton_Wanderers,Crewe_Alexandra,2,0,2.019,0.3264,1,0
League One,2021/2022,2021-11-13,17,Accrington_Stanley,Plymouth_Argyle,1,4,1.588,0.9377,1,0
League One,2021/2022,2021-11-13,17,Burton_Albion,Charlton_Athletic,0,1,0.5473,0.3727,1,0
League One,2021/2022,2021-11-13,17,Ipswich_Town,Oxford_United,0,0,0.6911,0.5657,1,0
League One,2021/2022,2021-11-13,17,Milton_Keynes_Dons,Cambridge_United,4,1,2.0849,0.9965,1,0
League One,2021/2022,2021-11-13,17,Sheffield_Wednesday,Gillingham,1,1,1.8318,0.5421,1,0
League One,2021/2022,2021-11-13,17,Wycombe_Wanderers,Portsmouth,0,1,2.6832,1.688,1,0
Championship,2021/2022,2021-11-19,18,Queens_Park_Rangers,Luton_Town,2,0,0.4461,1.0228,1,0
Championship,2021/2022,2021-11-20,18,Sheffield_United,Coventry_City,0,0,0.8266,0.3978,1,0
Championship,2021/2022,2021-11-20,18,Bristol_City,Blackburn_Rovers,1,1,1.0156,0.3314,1,0
Championship,2021/2022,2021-11-20,18,Fulham,Barnsley,4,1,3.0287,1.0253,1,0
Championship,2021/2022,2021-11-20,18,Huddersfield_Town,West_Bromwich_Albion,1,0,1.0801,1.5017,1,0
Championship,2021/2022,2021-11-20,18,Hull_City,Birmingham_City,2,0,2.0457,0.2837,1,0
Championship,2021/2022,2021-11-20,18,Middlesbrough,Millwall,1,1,1.214,0.3605,1,0
Championship,2021/2022,2021-11-20,18,Reading,Nottingham_Forest,1,1,1.012,1.1561,1,0
Championship,2021/2022,2021-11-20,18,Stoke_City,Peterborough_United,2,0,0.4253,0.4906,1,0
Championship,2021/2022,2021-11-20,18,Swansea_City,Blackpool,1,1,0.2163,0.3712,1,0
Championship,2021/2022,2021-11-20,18,Preston_North_End,Cardiff_City,1,2,0.9428,2.0363,1,0
League One,2021/2022,2021-11-20,18,Wycombe_Wanderers,Bolton_Wanderers,1,0,2.4987,2.3412,1,0
League One,2021/2022,2021-11-20,18,Charlton_Athletic,Plymouth_Argyle,2,0,2.1254,0.8369,1,0
League One,2021/2022,2021-11-20,18,Accrington_Stanley,Sheffield_Wednesday,2,3,0.5885,1.8688,1,0
Premier League,2021/2022,2021-11-20,12,Watford,Manchester_United,4,1,2.7988,1.4114,1,0
Premier League,2021/2022,2021-11-20,12,Norwich_City,Southampton,2,1,0.5401,0.9869,1,0
Premier League,2021/2022,2021-11-20,12,Newcastle_United,Brentford,3,3,1.5299,0.8519,1,0
Premier League,2021/2022,2021-11-20,12,Burnley,Crystal_Palace,3,3,1.4913,2.2958,1,0
Premier League,2021/2022,2021-11-20,12,Aston_Villa,Brighton_&_Hove_Albion,2,0,0.7306,0.4097,1,0
Premier League,2021/2022,2021-11-20,12,Liverpool,Arsenal,4,0,4.3296,0.3901,1,0
Premier League,2021/2022,2021-11-20,12,Leicester_City,Chelsea,0,3,0.3583,2.0241,1,0
Premier League,2021/2022,2021-11-20,12,Wolverhampton_Wanderers,West_Ham_United,1,0,1.4195,0.4029,1,0
League One,2021/2022,2021-11-20,18,Rotherham_United,Cambridge_United,3,1,3.305,1.1849,1,0
League One,2021/2022,2021-11-20,18,Portsmouth,AFC_Wimbledon,2,1,1.7747,1.7304,1,0
League One,2021/2022,2021-11-20,18,Milton_Keynes_Dons,Burton_Albion,1,0,1.0456,0.6717,1,0
League One,2021/2022,2021-11-20,18,Fleetwood_Town,Morecambe,1,2,1.6055,1.8979,1,0
League One,2021/2022,2021-11-20,18,Doncaster_Rovers,Lincoln_City,0,0,0.6283,0.858,1,0
League One,2021/2022,2021-11-20,18,Crewe_Alexandra,Gillingham,2,0,3.0232,1.4468,1,0
League One,2021/2022,2021-11-20,18,Cheltenham_Town,Shrewsbury_Town,2,1,2.8013,0.9326,1,0
League One,2021/2022,2021-11-20,18,Sunderland,Ipswich_Town,2,0,1.4768,1.1074,1,0
Championship,2021/2022,2021-11-21,18,Derby_County,AFC_Bournemouth,3,2,1.5809,1.703,1,0
Premier League,2021/2022,2021-11-21,12,Tottenham_Hotspur,Leeds_United,2,1,2.1916,1.4614,1,0
Premier League,2021/2022,2021-11-21,12,Manchester_City,Everton,3,0,2.5199,0.2092,1,0
Championship,2021/2022,2021-11-23,19,Reading,Sheffield_United,0,1,0.5828,0.7544,1,0
Championship,2021/2022,2021-11-23,19,Nottingham_Forest,Luton_Town,0,0,0.392,1.2209,1,0
Championship,2021/2022,2021-11-23,19,Coventry_City,Birmingham_City,0,0,0.6178,0.456,1,0
Championship,2021/2022,2021-11-23,19,Blackpool,West_Bromwich_Albion,0,0,1.7636,2.8545,1,0
Championship,2021/2022,2021-11-23,19,Middlesbrough,Preston_North_End,1,2,1.3083,0.4804,1,0
League One,2021/2022,2021-11-23,19,Bolton_Wanderers,Doncaster_Rovers,3,0,2.8572,0.8516,1,0
League One,2021/2022,2021-11-23,19,Sheffield_Wednesday,Milton_Keynes_Dons,2,1,2.2789,0.5262,1,0
League One,2021/2022,2021-11-23,19,AFC_Wimbledon,Crewe_Alexandra,3,2,4.4145,1.1617,1,0
League One,2021/2022,2021-11-23,19,Shrewsbury_Town,Sunderland,1,1,0.6027,1.5185,1,0
League One,2021/2022,2021-11-23,19,Cambridge_United,Wigan_Athletic,2,2,0.5219,1.6036,1,0
League One,2021/2022,2021-11-23,19,Gillingham,Cheltenham_Town,0,2,1.2652,2.3531,1,0
League One,2021/2022,2021-11-23,19,Burton_Albion,Accrington_Stanley,4,0,2.8828,0.9055,1,0
League One,2021/2022,2021-11-23,19,Lincoln_City,Portsmouth,0,3,0.8114,2.3932,1,0
League One,2021/2022,2021-11-23,19,Morecambe,Charlton_Athletic,2,2,1.4756,2.123,1,0
League One,2021/2022,2021-11-23,19,Oxford_United,Fleetwood_Town,3,1,1.2206,0.9989,1,0
League One,2021/2022,2021-11-23,19,Plymouth_Argyle,Wycombe_Wanderers,0,3,1.7113,1.8862,1,0
League One,2021/2022,2021-11-23,19,Ipswich_Town,Rotherham_United,0,2,0.3378,1.4057,1,0
Championship,2021/2022,2021-11-24,19,Fulham,Derby_County,0,0,1.7088,0.3022,1,0
Championship,2021/2022,2021-11-24,19,Barnsley,Swansea_City,0,2,0.1582,1.1104,1,0
Championship,2021/2022,2021-11-24,19,Blackburn_Rovers,Peterborough_United,4,0,1.9537,1.159,1,0
Championship,2021/2022,2021-11-24,19,Bristol_City,Stoke_City,1,0,0.5712,1.3823,1,0
Championship,2021/2022,2021-11-24,19,Millwall,AFC_Bournemouth,1,1,0.5689,1.1791,1,0
Championship,2021/2022,2021-11-24,19,Queens_Park_Rangers,Huddersfield_Town,1,0,2.0102,0.8496,1,0
Championship,2021/2022,2021-11-24,19,Cardiff_City,Hull_City,0,1,1.128,1.5544,1,0
Championship,2021/2022,2021-11-26,20,West_Bromwich_Albion,Nottingham_Forest,0,0,1.5268,0.5782,1,0
Championship,2021/2022,2021-11-27,20,Preston_North_End,Fulham,1,1,1.8184,0.7558,1,0
League One,2021/2022,2021-11-27,20,Burton_Albion,Doncaster_Rovers,2,0,2.8407,0.1141,1,0
Championship,2021/2022,2021-11-27,20,AFC_Bournemouth,Coventry_City,2,2,1.2079,0.7144,1,0
Premier League,2021/2022,2021-11-27,13,Brighton_&_Hove_Albion,Leeds_United,0,0,2.5871,0.6649,1,0
Premier League,2021/2022,2021-11-27,13,Norwich_City,Wolverhampton_Wanderers,0,0,1.6276,0.2717,1,0
Premier League,2021/2022,2021-11-27,13,Liverpool,Southampton,4,0,2.9524,1.0632,1,0
League One,2021/2022,2021-11-27,20,Cambridge_United,Sunderland,1,2,1.0826,0.8288,1,0
Premier League,2021/2022,2021-11-27,13,Arsenal,Newcastle_United,2,0,2.5159,0.2514,1,0
League One,2021/2022,2021-11-27,20,Gillingham,Portsmouth,0,1,0.5441,1.5036,1,0
League One,2021/2022,2021-11-27,20,Morecambe,Milton_Keynes_Dons,0,4,0.7162,1.3519,1,0
League One,2021/2022,2021-11-27,20,Oxford_United,Rotherham_United,0,0,0.4737,1.6796,1,0
League One,2021/2022,2021-11-27,20,Plymouth_Argyle,Wigan_Athletic,1,2,1.2916,2.6075,1,0
League One,2021/2022,2021-11-27,20,Sheffield_Wednesday,Wycombe_Wanderers,2,2,1.7772,0.5704,1,0
League One,2021/2022,2021-11-27,20,Shrewsbury_Town,Charlton_Athletic,1,0,0.8716,0.7053,1,0
League One,2021/2022,2021-11-27,20,Lincoln_City,Accrington_Stanley,0,1,0.9604,1.2496,1,0
League One,2021/2022,2021-11-27,20,Bolton_Wanderers,Cheltenham_Town,2,2,1.7265,1.3176,1,0
League One,2021/2022,2021-11-27,20,AFC_Wimbledon,Fleetwood_Town,2,2,1.2432,1.1024,1,0
Premier League,2021/2022,2021-11-27,13,Crystal_Palace,Aston_Villa,1,2,0.9565,0.4553,1,0
Championship,2021/2022,2021-11-27,20,Swansea_City,Reading,2,3,1.5538,0.7976,1,0
Championship,2021/2022,2021-11-27,20,Birmingham_City,Blackpool,1,0,1.2746,0.4062,1,0
Championship,2021/2022,2021-11-27,20,Huddersfield_Town,Middlesbrough,1,2,0.2685,1.1955,1,0
Championship,2021/2022,2021-11-27,20,Hull_City,Millwall,2,1,1.5647,1.2719,1,0
Championship,2021/2022,2021-11-27,20,Luton_Town,Cardiff_City,1,2,1.0617,1.3316,1,0
Championship,2021/2022,2021-11-27,20,Peterborough_United,Barnsley,0,0,0.8586,0.3627,1,0
Championship,2021/2022,2021-11-27,20,Stoke_City,Blackburn_Rovers,0,1,0.2693,0.5578,1,0
Premier League,2021/2022,2021-11-28,13,Manchester_City,West_Ham_United,2,1,2.1389,0.1776,1,0
Premier League,2021/2022,2021-11-28,13,Brentford,Everton,1,0,1.2298,1.0138,1,0
Championship,2021/2022,2021-11-28,20,Sheffield_United,Bristol_City,2,0,1.7019,0.5288,1,0
Premier League,2021/2022,2021-11-28,13,Leicester_City,Watford,4,2,2.1428,2.7912,1,0
League One,2021/2022,2021-11-28,20,Ipswich_Town,Crewe_Alexandra,2,1,2.605,0.9303,1,0
Premier League,2021/2022,2021-11-28,13,Chelsea,Manchester_United,1,1,3.1119,0.8989,1,0
Championship,2021/2022,2021-11-29,20,Derby_County,Queens_Park_Rangers,1,2,0.5475,1.4613,1,0
Premier League,2021/2022,2021-11-30,14,Leeds_United,Crystal_Palace,1,0,1.4081,1.1538,1,0
Premier League,2021/2022,2021-11-30,14,Newcastle_United,Norwich_City,1,1,1.1622,1.2073,1,0
Premier League,2021/2022,2021-12-01,14,Southampton,Leicester_City,2,2,1.4977,1.5392,1,0
Premier League,2021/2022,2021-12-01,14,Wolverhampton_Wanderers,Burnley,0,0,0.7066,0.2102,1,0
Premier League,2021/2022,2021-12-01,14,West_Ham_United,Brighton_&_Hove_Albion,1,1,1.3137,1.3322,1,0
Premier League,2021/2022,2021-12-01,14,Aston_Villa,Manchester_City,1,2,0.7803,0.9662,1,0
Premier League,2021/2022,2021-12-01,14,Everton,Liverpool,1,4,0.7184,2.6592,1,0
Premier League,2021/2022,2021-12-01,14,Watford,Chelsea,1,2,1.0166,0.9165,1,0
Premier League,2021/2022,2021-12-02,14,Tottenham_Hotspur,Brentford,2,0,1.971,0.2883,1,0
Premier League,2021/2022,2021-12-02,14,Manchester_United,Arsenal,3,2,1.939,1.4429,1,0
Championship,2021/2022,2021-12-03,21,Fulham,AFC_Bournemouth,1,1,2.4163,0.9764,1,0
Championship,2021/2022,2021-12-04,21,Middlesbrough,Swansea_City,1,0,1.0658,1.2463,1,0
Championship,2021/2022,2021-12-04,21,Barnsley,Huddersfield_Town,1,1,0.9827,1.4231,1,0
Championship,2021/2022,2021-12-04,21,Coventry_City,West_Bromwich_Albion,1,2,0.6207,1.4114,1,0
League One,2021/2022,2021-12-04,12,Accrington_Stanley,Fleetwood_Town,5,1,2.5294,0.2379,1,0
League One,2021/2022,2021-12-04,12,Sunderland,Oxford_United,1,1,1.7306,0.7247,1,0
Premier League,2021/2022,2021-12-04,15,West_Ham_United,Chelsea,3,2,1.831,1.3511,1,0
Premier League,2021/2022,2021-12-04,15,Newcastle_United,Burnley,1,0,1.0467,0.8126,1,0
Championship,2021/2022,2021-12-04,21,Blackburn_Rovers,Preston_North_End,1,0,0.2879,0.8548,1,0
Premier League,2021/2022,2021-12-04,15,Wolverhampton_Wanderers,Liverpool,0,1,0.0899,2.8085,1,0
Premier League,2021/2022,2021-12-04,15,Watford,Manchester_City,1,3,0.7559,3.1842,1,0
Championship,2021/2022,2021-12-04,21,Millwall,Birmingham_City,3,1,1.4011,1.1271,1,0
Premier League,2021/2022,2021-12-04,15,Southampton,Brighton_&_Hove_Albion,1,1,1.5699,1.6923,1,0
Championship,2021/2022,2021-12-04,21,Nottingham_Forest,Peterborough_United,2,0,1.2935,0.8235,1,0
Championship,2021/2022,2021-12-04,21,Reading,Hull_City,1,1,1.1209,0.9908,1,0
Championship,2021/2022,2021-12-04,21,Cardiff_City,Sheffield_United,2,3,0.9999,3.001,1,0
Championship,2021/2022,2021-12-04,21,Bristol_City,Derby_County,1,0,0.9355,0.4838,1,0
Championship,2021/2022,2021-12-04,21,Blackpool,Luton_Town,0,3,1.1721,1.5678,1,0
Championship,2021/2022,2021-12-05,21,Queens_Park_Rangers,Stoke_City,0,2,2.5052,1.7798,1,0
Premier League,2021/2022,2021-12-05,15,Aston_Villa,Leicester_City,2,1,2.2087,1.0734,1,0
Premier League,2021/2022,2021-12-05,15,Tottenham_Hotspur,Norwich_City,3,0,1.65,1.3277,1,0
Premier League,2021/2022,2021-12-05,15,Leeds_United,Brentford,2,2,1.2442,1.0488,1,0
Premier League,2021/2022,2021-12-05,15,Manchester_United,Crystal_Palace,1,0,0.9517,0.5287,1,0
Premier League,2021/2022,2021-12-06,15,Everton,Arsenal,2,1,0.9518,0.9924,1,0
League One,2021/2022,2021-12-07,21,Charlton_Athletic,Ipswich_Town,2,0,2.4696,0.8091,1,0
League One,2021/2022,2021-12-07,21,Cheltenham_Town,Cambridge_United,0,5,0.4707,2.1498,1,0
League One,2021/2022,2021-12-07,21,Crewe_Alexandra,Lincoln_City,2,0,2.9161,1.3604,1,0
League One,2021/2022,2021-12-07,21,Doncaster_Rovers,Oxford_United,1,2,0.4624,1.2775,1,0
League One,2021/2022,2021-12-07,21,Fleetwood_Town,Bolton_Wanderers,3,0,2.2186,0.6703,1,0
League One,2021/2022,2021-12-07,21,Portsmouth,Sheffield_Wednesday,0,0,1.6421,0.4853,1,0
League One,2021/2022,2021-12-07,21,Rotherham_United,Gillingham,5,1,3.8032,0.3862,1,0
League One,2021/2022,2021-12-07,21,Sunderland,Morecambe,5,0,1.7507,1.485,1,0
League One,2021/2022,2021-12-07,21,Wycombe_Wanderers,Burton_Albion,2,1,1.6306,0.6561,1,0
League One,2021/2022,2021-12-07,21,Accrington_Stanley,AFC_Wimbledon,0,2,2.1184,1.3815,1,0
League One,2021/2022,2021-12-08,21,Milton_Keynes_Dons,Plymouth_Argyle,1,1,1.1563,0.7248,1,0
League One,2021/2022,2021-12-08,21,Wigan_Athletic,Shrewsbury_Town,2,1,1.1593,0.8142,1,0
Premier League,2021/2022,2021-12-10,16,Brentford,Watford,2,1,1.5919,0.4695,1,0
League One,2021/2022,2021-12-11,22,Accrington_Stanley,Bolton_Wanderers,1,0,0.7045,1.1791,1,0
League One,2021/2022,2021-12-11,22,Charlton_Athletic,Cambridge_United,2,0,1.194,1.284,1,0
League One,2021/2022,2021-12-11,22,Cheltenham_Town,Lincoln_City,2,2,1.8928,1.3517,1,0
League One,2021/2022,2021-12-11,22,Crewe_Alexandra,Sheffield_Wednesday,0,2,1.2519,1.1381,1,0
League One,2021/2022,2021-12-11,22,Doncaster_Rovers,Shrewsbury_Town,1,0,1.7814,1.6237,1,0
League One,2021/2022,2021-12-11,22,Fleetwood_Town,Gillingham,2,1,1.2747,0.3295,1,0
League One,2021/2022,2021-12-11,22,Milton_Keynes_Dons,Oxford_United,1,2,1.5161,0.8704,1,0
League One,2021/2022,2021-12-11,22,Portsmouth,Morecambe,2,0,1.9455,0.8151,1,0
League One,2021/2022,2021-12-11,22,Rotherham_United,Burton_Albion,3,1,2.9568,1.9079,1,0
League One,2021/2022,2021-12-11,22,Sunderland,Plymouth_Argyle,2,1,1.7577,1.2543,1,0
Premier League,2021/2022,2021-12-11,16,Chelsea,Leeds_United,3,2,2.6802,1.4558,1,0
League One,2021/2022,2021-12-11,22,Wigan_Athletic,Ipswich_Town,1,1,1.4131,0.9533,1,0
League One,2021/2022,2021-12-11,22,Wycombe_Wanderers,AFC_Wimbledon,2,2,2.9139,1.7658,1,0
Premier League,2021/2022,2021-12-11,16,Liverpool,Aston_Villa,1,0,2.1943,0.2163,1,0
Championship,2021/2022,2021-12-11,22,Birmingham_City,Cardiff_City,2,2,2.1845,1.7693,1,0
Premier League,2021/2022,2021-12-11,16,Norwich_City,Manchester_United,0,1,1.1878,2.0341,1,0
Championship,2021/2022,2021-12-11,22,AFC_Bournemouth,Blackburn_Rovers,0,2,1.3835,1.7849,1,0
Premier League,2021/2022,2021-12-11,16,Arsenal,Southampton,3,0,1.832,0.6586,1,0
Premier League,2021/2022,2021-12-11,16,Manchester_City,Wolverhampton_Wanderers,1,0,3.2607,0.1856,1,0
Championship,2021/2022,2021-12-11,22,West_Bromwich_Albion,Reading,1,0,2.6911,0.3627,1,0
Championship,2021/2022,2021-12-11,22,Swansea_City,Nottingham_Forest,1,4,1.5753,1.4958,1,0
Championship,2021/2022,2021-12-11,22,Huddersfield_Town,Coventry_City,1,1,0.6839,1.8039,1,0
Championship,2021/2022,2021-12-11,22,Preston_North_End,Barnsley,2,1,1.4495,1.0209,1,0
Championship,2021/2022,2021-12-11,22,Derby_County,Blackpool,1,0,1.4224,0.2403,1,0
Championship,2021/2022,2021-12-11,22,Peterborough_United,Millwall,2,1,1.6861,1.2689,1,0
Championship,2021/2022,2021-12-11,22,Luton_Town,Fulham,1,1,0.538,1.0882,1,0
Championship,2021/2022,2021-12-11,22,Hull_City,Bristol_City,2,2,1.5206,0.7469,1,0
Championship,2021/2022,2021-12-11,22,Stoke_City,Middlesbrough,0,0,0.33,0.3672,1,0
Premier League,2021/2022,2021-12-12,16,Burnley,West_Ham_United,0,0,0.8341,0.7594,1,0
Premier League,2021/2022,2021-12-12,16,Leicester_City,Newcastle_United,4,0,2.6027,0.9523,1,0
Premier League,2021/2022,2021-12-12,16,Crystal_Palace,Everton,3,1,2.1974,1.0394,1,0
Premier League,2021/2022,2021-12-14,17,Norwich_City,Aston_Villa,0,2,0.4535,2.0049,1,0
Premier League,2021/2022,2021-12-14,17,Manchester_City,Leeds_United,7,0,3.1207,0.3266,1,0
Premier League,2021/2022,2021-12-15,17,Brighton_&_Hove_Albion,Wolverhampton_Wanderers,0,1,1.3895,1.3107,1,0
Premier League,2021/2022,2021-12-15,17,Crystal_Palace,Southampton,2,2,1.2276,0.6498,1,0
Premier League,2021/2022,2021-12-15,17,Arsenal,West_Ham_United,2,0,2.848,0.3832,1,0
Premier League,2021/2022,2021-12-16,17,Chelsea,Everton,1,1,2.9128,0.5538,1,0
Premier League,2021/2022,2021-12-16,17,Liverpool,Newcastle_United,3,1,2.6779,0.2633,1,0
Championship,2021/2022,2021-12-17,23,Barnsley,West_Bromwich_Albion,0,0,0.0707,1.6341,1,0
Championship,2021/2022,2021-12-18,23,Middlesbrough,AFC_Bournemouth,1,0,2.5603,0.919,1,0
Championship,2021/2022,2021-12-18,23,Blackburn_Rovers,Birmingham_City,4,0,3.6274,0.7545,1,0
Championship,2021/2022,2021-12-18,23,Blackpool,Peterborough_United,3,1,2.1759,0.5781,1,0
Championship,2021/2022,2021-12-18,23,Bristol_City,Huddersfield_Town,2,3,1.7873,1.8961,1,0
Championship,2021/2022,2021-12-18,23,Nottingham_Forest,Hull_City,2,1,1.5902,0.7824,1,0
League One,2021/2022,2021-12-18,23,Shrewsbury_Town,Cheltenham_Town,3,1,1.7182,3.323,1,0
League One,2021/2022,2021-12-18,23,Morecambe,Fleetwood_Town,0,0,1.1116,0.4616,1,0
League One,2021/2022,2021-12-18,23,Oxford_United,Wigan_Athletic,2,3,2.1447,1.3641,1,0
League One,2021/2022,2021-12-18,23,Cambridge_United,Rotherham_United,0,1,0.687,0.9205,1,0
League One,2021/2022,2021-12-18,23,Plymouth_Argyle,Charlton_Athletic,1,0,1.6924,0.443,1,0
Premier League,2021/2022,2021-12-18,18,Leeds_United,Arsenal,1,4,1.6335,3.4751,1,0
League One,2021/2022,2021-12-18,23,Ipswich_Town,Sunderland,1,1,1.2466,0.722,1,0
Premier League,2021/2022,2021-12-19,18,Newcastle_United,Manchester_City,0,4,0.3109,3.0276,1,0
Premier League,2021/2022,2021-12-19,18,Wolverhampton_Wanderers,Chelsea,0,0,0.248,0.8955,1,0
Premier League,2021/2022,2021-12-19,18,Tottenham_Hotspur,Liverpool,2,2,3.023,1.4625,1,0
Championship,2021/2022,2021-12-20,23,Fulham,Sheffield_United,0,1,0.919,0.0889,1,0
Championship,2021/2022,2021-12-26,24,Huddersfield_Town,Blackpool,3,2,1.2038,1.1948,1,0
Championship,2021/2022,2021-12-26,24,Middlesbrough,Nottingham_Forest,2,0,1.5997,0.6457,1,0
League One,2021/2022,2021-12-26,24,Accrington_Stanley,Rotherham_United,1,0,0.9811,1.1897,1,0
League One,2021/2022,2021-12-26,24,Cheltenham_Town,Plymouth_Argyle,0,2,0.4527,0.6893,1,0
League One,2021/2022,2021-12-26,24,Fleetwood_Town,Shrewsbury_Town,0,3,0.1758,1.0016,1,0
League One,2021/2022,2021-12-26,24,Lincoln_City,Milton_Keynes_Dons,2,3,1.3948,1.4108,1,0
Premier League,2021/2022,2021-12-26,19,Tottenham_Hotspur,Crystal_Palace,3,0,2.2834,0.2466,1,0
Premier League,2021/2022,2021-12-26,19,West_Ham_United,Southampton,2,3,1.6346,1.1811,1,0
Premier League,2021/2022,2021-12-26,19,Aston_Villa,Chelsea,1,3,0.4479,2.6418,1,0
Premier League,2021/2022,2021-12-26,19,Brighton_&_Hove_Albion,Brentford,2,0,0.8175,0.9787,1,0
Premier League,2021/2022,2021-12-26,19,Norwich_City,Arsenal,0,5,0.1193,2.6065,1,0
Premier League,2021/2022,2021-12-26,19,Manchester_City,Leicester_City,6,3,3.7238,2.6689,1,0
League One,2021/2022,2021-12-27,24,Doncaster_Rovers,Sunderland,0,3,0.3879,2.7156,1,0
Championship,2021/2022,2021-12-27,24,Queens_Park_Rangers,AFC_Bournemouth,0,1,0.3485,2.0143,1,0
Championship,2021/2022,2021-12-27,24,Derby_County,West_Bromwich_Albion,1,0,0.5922,1.3427,1,0
Premier League,2021/2022,2021-12-27,19,Newcastle_United,Manchester_United,1,1,1.277,1.7177,1,0
Premier League,2021/2022,2021-12-28,20,Crystal_Palace,Norwich_City,3,0,2.0466,0.9506,1,0
Premier League,2021/2022,2021-12-28,20,Southampton,Tottenham_Hotspur,1,1,0.3619,2.3213,1,0
Premier League,2021/2022,2021-12-28,20,Leicester_City,Liverpool,1,0,0.4257,2.3269,1,0
Premier League,2021/2022,2021-12-28,20,Watford,West_Ham_United,1,4,1.639,3.5895,1,0
Championship,2021/2022,2021-12-29,25,Blackpool,Middlesbrough,1,2,1.1912,2.0852,1,0
Premier League,2021/2022,2021-12-29,20,Brentford,Manchester_City,0,1,0.3899,1.107,1,0
Premier League,2021/2022,2021-12-29,20,Chelsea,Brighton_&_Hove_Albion,1,1,0.701,0.9111,1,0
Championship,2021/2022,2021-12-29,25,Blackburn_Rovers,Barnsley,2,1,1.6043,0.2807,1,0
League One,2021/2022,2021-12-29,25,Oxford_United,AFC_Wimbledon,3,0,2.3376,0.2171,1,0
League One,2021/2022,2021-12-29,25,Morecambe,Crewe_Alexandra,1,2,1.1361,0.9443,1,0
League One,2021/2022,2021-12-29,25,Shrewsbury_Town,Accrington_Stanley,0,0,1.041,1.2144,1,0
Championship,2021/2022,2021-12-29,25,Coventry_City,Millwall,0,1,0.8179,0.7365,1,0
League One,2021/2022,2021-12-29,25,Ipswich_Town,Wycombe_Wanderers,1,0,1.664,0.9254,1,0
Championship,2021/2022,2021-12-30,25,Stoke_City,Derby_County,1,2,0.257,1.067,1,0
Championship,2021/2022,2021-12-30,25,Nottingham_Forest,Huddersfield_Town,0,1,1.7385,0.5477,1,0
Championship,2021/2022,2021-12-30,25,Bristol_City,Queens_Park_Rangers,1,2,1.3527,1.1694,1,0
League One,2021/2022,2021-12-30,25,Sunderland,Sheffield_Wednesday,5,0,2.4596,0.6948,1,0
Championship,2021/2022,2021-12-30,25,AFC_Bournemouth,Cardiff_City,3,0,3.2192,0.909,1,0
Premier League,2021/2022,2021-12-30,20,Manchester_United,Burnley,3,1,2.4198,1.1456,1,0
League One,2021/2022,2022-01-01,26,Burton_Albion,Crewe_Alexandra,4,1,2.5416,1.1736,1,0
League One,2021/2022,2022-01-01,26,Charlton_Athletic,Wycombe_Wanderers,0,1,0.6483,1.4174,1,0
League One,2021/2022,2022-01-01,26,Milton_Keynes_Dons,Gillingham,0,0,1.0972,0.3741,1,0
League One,2021/2022,2022-01-01,26,Oxford_United,Cheltenham_Town,1,1,2.5494,1.2013,1,0
Premier League,2021/2022,2022-01-01,21,Crystal_Palace,West_Ham_United,2,3,2.3893,2.176,1,0
League One,2021/2022,2022-01-01,26,Rotherham_United,Bolton_Wanderers,2,1,2.1766,1.374,1,0
Premier League,2021/2022,2022-01-01,21,Watford,Tottenham_Hotspur,0,1,0.2952,2.2772,1,0
Championship,2021/2022,2022-01-01,26,Blackpool,Hull_City,1,0,1.3758,1.2467,1,0
Premier League,2021/2022,2022-01-01,21,Arsenal,Manchester_City,1,2,0.7646,2.2875,1,0
Premier League,2021/2022,2022-01-02,21,Brentford,Aston_Villa,2,1,0.5771,0.8179,1,0
League One,2021/2022,2022-01-02,26,Shrewsbury_Town,Sheffield_Wednesday,1,0,1.5186,0.6743,1,0
Championship,2021/2022,2022-01-02,26,Blackburn_Rovers,Huddersfield_Town,0,0,0.8287,0.241,1,0
Championship,2021/2022,2022-01-02,26,Birmingham_City,Queens_Park_Rangers,1,2,0.9228,0.4569,1,0
Championship,2021/2022,2022-01-02,26,Bristol_City,Millwall,3,2,1.3802,1.5972,1,0
League One,2021/2022,2022-01-02,26,Morecambe,Doncaster_Rovers,4,3,2.9047,1.729,1,0
Championship,2021/2022,2022-01-02,26,West_Bromwich_Albion,Cardiff_City,1,1,0.9695,0.1682,1,0
Premier League,2021/2022,2022-01-02,21,Chelsea,Liverpool,2,2,1.2285,1.7487,1,0
Premier League,2021/2022,2022-01-02,21,Leeds_United,Burnley,3,1,1.8711,0.9847,1,0
Premier League,2021/2022,2022-01-02,21,Everton,Brighton_&_Hove_Albion,2,3,1.7372,1.728,1,0
Championship,2021/2022,2022-01-03,26,Reading,Derby_County,2,2,0.4426,1.004,1,0
League One,2021/2022,2022-01-03,26,Cambridge_United,Portsmouth,0,0,0.8707,0.7526,1,0
Premier League,2021/2022,2022-01-03,21,Manchester_United,Wolverhampton_Wanderers,0,1,0.7932,0.6959,1,0
Championship,2021/2022,2022-01-03,26,Stoke_City,Preston_North_End,1,2,0.9928,0.5184,1,0
League One,2021/2022,2022-01-08,27,Cheltenham_Town,Burton_Albion,1,1,1.9138,0.6344,1,0
League One,2021/2022,2022-01-08,27,Lincoln_City,Oxford_United,2,0,0.5468,1.3054,1,0
League One,2021/2022,2022-01-08,17,Doncaster_Rovers,Fleetwood_Town,0,1,0.7874,1.47,1,0
League One,2021/2022,2022-01-08,27,Wycombe_Wanderers,Sunderland,3,3,1.9851,2.512,1,0
League One,2021/2022,2022-01-08,24,Gillingham,Ipswich_Town,0,4,0.3921,2.8597,1,0
League One,2021/2022,2022-01-08,27,Accrington_Stanley,Milton_Keynes_Dons,1,1,0.3345,1.7033,1,0
Championship,2021/2022,2022-01-11,25,Reading,Fulham,0,7,0.1325,5.1241,1,0
Premier League,2021/2022,2022-01-11,18,Southampton,Brentford,4,1,1.4198,0.5428,1,0
League One,2021/2022,2022-01-11,23,Bolton_Wanderers,Wycombe_Wanderers,0,2,0.7689,1.0116,1,0
League One,2021/2022,2022-01-11,17,Sunderland,Lincoln_City,1,3,1.5096,1.4358,1,0
League One,2021/2022,2022-01-11,12,Milton_Keynes_Dons,AFC_Wimbledon,1,0,1.9908,0.311,1,0
Premier League,2021/2022,2022-01-12,18,West_Ham_United,Norwich_City,2,0,2.4915,0.3105,1,0
League One,2021/2022,2022-01-12,27,Crewe_Alexandra,Charlton_Athletic,2,1,0.6682,0.9147,1,0
Premier League,2021/2022,2022-01-14,22,Brighton_&_Hove_Albion,Crystal_Palace,1,1,2.0099,0.181,1,0
Championship,2021/2022,2022-01-15,27,Cardiff_City,Blackburn_Rovers,0,1,0.6488,0.1259,0,0
Championship,2021/2022,2022-01-15,27,Derby_County,Sheffield_United,2,0,0.4122,0.6742,1,0
Championship,2021/2022,2022-01-15,27,Luton_Town,AFC_Bournemouth,3,2,1.4279,1.4527,1,0
Championship,2021/2022,2022-01-15,27,Millwall,Nottingham_Forest,0,1,1.2729,2.9102,1,0
Championship,2021/2022,2022-01-15,27,Fulham,Bristol_City,6,2,2.5782,0.6551,1,0
League One,2021/2022,2022-01-15,28,Gillingham,Burton_Albion,1,3,0.6648,1.2869,1,0
Championship,2021/2022,2022-01-15,27,Middlesbrough,Reading,2,1,1.9406,0.7947,1,0
League One,2021/2022,2022-01-15,28,Fleetwood_Town,Rotherham_United,1,0,0.8226,1.8498,1,0
League One,2021/2022,2022-01-15,28,Lincoln_City,Cambridge_United,0,1,2.056,1.2624,1,0
League One,2021/2022,2022-01-15,28,Portsmouth,Milton_Keynes_Dons,1,2,1.7921,1.5343,1,0
League One,2021/2022,2022-01-15,28,Sheffield_Wednesday,Plymouth_Argyle,4,2,2.4907,0.183,1,0
League One,2021/2022,2022-01-15,28,Wycombe_Wanderers,Oxford_United,2,0,1.5864,1.2486,1,0
League One,2021/2022,2022-01-15,28,Doncaster_Rovers,Wigan_Athletic,1,2,0.4523,1.7756,1,0
League One,2021/2022,2022-01-15,28,Crewe_Alexandra,Shrewsbury_Town,0,0,0.4786,1.3657,1,0
League One,2021/2022,2022-01-15,28,Cheltenham_Town,Charlton_Athletic,1,1,1.6897,0.8843,1,0
Championship,2021/2022,2022-01-15,27,Peterborough_United,Coventry_City,1,4,0.4526,2.2895,1,0
League One,2021/2022,2022-01-15,28,Accrington_Stanley,Sunderland,1,1,2.2794,0.7707,1,0
League One,2021/2022,2022-01-15,28,AFC_Wimbledon,Morecambe,0,0,0.9912,0.7417,1,0
Premier League,2021/2022,2022-01-15,22,Manchester_City,Chelsea,1,0,1.0019,0.3121,1,0
Premier League,2021/2022,2022-01-15,22,Newcastle_United,Watford,1,1,1.1697,1.3558,1,0
Premier League,2021/2022,2022-01-15,22,Norwich_City,Everton,2,1,0.9998,0.6142,1,0
League One,2021/2022,2022-01-15,28,Bolton_Wanderers,Ipswich_Town,2,0,1.1746,1.1551,1,0
Premier League,2021/2022,2022-01-15,22,Aston_Villa,Manchester_United,2,2,1.8168,0.9882,1,0
Championship,2021/2022,2022-01-15,27,Preston_North_End,Birmingham_City,1,1,1.0978,1.5627,1,0
Championship,2021/2022,2022-01-15,27,Huddersfield_Town,Swansea_City,1,1,2.2682,0.956,1,0
Championship,2021/2022,2022-01-15,27,Queens_Park_Rangers,West_Bromwich_Albion,1,0,0.9547,0.742,1,0
Premier League,2021/2022,2022-01-15,22,Wolverhampton_Wanderers,Southampton,3,1,2.6144,0.7651,1,0
Premier League,2021/2022,2022-01-16,22,Liverpool,Brentford,3,0,2.7916,0.7093,1,0
Premier League,2021/2022,2022-01-16,22,West_Ham_United,Leeds_United,2,3,2.3681,2.215,1,0
Championship,2021/2022,2022-01-16,27,Hull_City,Stoke_City,0,2,0.2943,2.3394,1,0
Championship,2021/2022,2022-01-18,24,Fulham,Birmingham_City,6,2,1.5804,0.8471,1,0
League One,2021/2022,2022-01-18,17,Morecambe,Wigan_Athletic,1,2,1.6979,1.2895,1,0
League One,2021/2022,2022-01-18,23,AFC_Wimbledon,Portsmouth,0,0,0.9066,0.7357,1,0
League One,2021/2022,2022-01-18,25,Cambridge_United,Doncaster_Rovers,3,1,1.8555,1.5119,1,0
Premier League,2021/2022,2022-01-18,24,Brighton_&_Hove_Albion,Chelsea,1,1,0.73,0.7282,1,0
Championship,2021/2022,2022-01-18,24,Preston_North_End,Sheffield_United,2,2,2.0446,1.9957,1,0
Championship,2021/2022,2022-01-19,24,Hull_City,Blackburn_Rovers,2,0,1.9731,0.6906,1,0
Premier League,2021/2022,2022-01-19,17,Brentford,Manchester_United,1,3,2.4663,2.3034,1,0
Premier League,2021/2022,2022-01-19,17,Leicester_City,Tottenham_Hotspur,2,3,1.1656,3.1366,1,0
Championship,2021/2022,2022-01-19,23,Reading,Luton_Town,0,2,0.2197,1.2223,1,0
Premier League,2021/2022,2022-01-21,23,Watford,Norwich_City,0,3,1.1806,1.1141,1,0
Championship,2021/2022,2022-01-22,28,Birmingham_City,Barnsley,2,1,1.6309,0.6155,1,0
Championship,2021/2022,2022-01-22,28,Nottingham_Forest,Derby_County,2,1,1.8197,1.201,1,0
Championship,2021/2022,2022-01-22,28,Coventry_City,Queens_Park_Rangers,1,2,1.3765,1.6449,1,0
Championship,2021/2022,2022-01-22,28,Reading,Huddersfield_Town,3,4,1.8034,1.9092,1,0
Championship,2021/2022,2022-01-22,28,Sheffield_United,Luton_Town,2,0,2.3137,0.5331,1,0
Championship,2021/2022,2022-01-22,28,Stoke_City,Fulham,2,3,0.6233,1.8434,1,0
Championship,2021/2022,2022-01-22,28,Swansea_City,Preston_North_End,1,0,0.4718,0.9602,1,0
Championship,2021/2022,2022-01-22,28,Bristol_City,Cardiff_City,3,2,1.8117,1.2484,1,0
Championship,2021/2022,2022-01-22,28,AFC_Bournemouth,Hull_City,0,1,1.4072,0.4385,1,0
Championship,2021/2022,2022-01-22,28,Blackpool,Millwall,1,0,1.8389,0.548,1,0
League One,2021/2022,2022-01-22,29,Sunderland,Portsmouth,1,0,0.7574,0.8831,1,0
League One,2021/2022,2022-01-22,29,Rotherham_United,Cheltenham_Town,1,0,0.7521,0.2959,1,0
League One,2021/2022,2022-01-22,29,Ipswich_Town,Accrington_Stanley,2,1,1.6748,0.8028,1,0
League One,2021/2022,2022-01-22,29,Milton_Keynes_Dons,Doncaster_Rovers,0,1,1.7223,0.9754,1,0
League One,2021/2022,2022-01-22,29,Morecambe,Wycombe_Wanderers,3,2,1.7604,1.1485,1,0
League One,2021/2022,2022-01-22,29,Oxford_United,Sheffield_Wednesday,3,2,1.9746,2.1397,1,0
League One,2021/2022,2022-01-22,29,Plymouth_Argyle,Lincoln_City,1,2,1.4463,2.9472,1,0
League One,2021/2022,2022-01-22,29,Wigan_Athletic,Gillingham,3,2,2.5659,0.3812,1,0
League One,2021/2022,2022-01-22,29,Charlton_Athletic,Fleetwood_Town,2,0,1.9888,1.0677,1,0
League One,2021/2022,2022-01-22,29,Shrewsbury_Town,Bolton_Wanderers,0,1,1.814,0.9938,1,0
Premier League,2021/2022,2022-01-22,23,Everton,Aston_Villa,0,1,1.6928,0.8199,1,0
Premier League,2021/2022,2022-01-22,23,Brentford,Wolverhampton_Wanderers,1,2,1.5469,0.2339,1,0
Premier League,2021/2022,2022-01-22,23,Leeds_United,Newcastle_United,0,1,0.7091,0.9576,1,0
Premier League,2021/2022,2022-01-22,23,Manchester_United,West_Ham_United,1,0,1.8754,0.2797,1,0
Premier League,2021/2022,2022-01-22,23,Southampton,Manchester_City,1,1,0.8091,1.8439,1,0
League One,2021/2022,2022-01-22,29,Burton_Albion,AFC_Wimbledon,1,1,2.514,1.1891,1,0
Championship,2021/2022,2022-01-22,28,West_Bromwich_Albion,Peterborough_United,3,0,3.4212,0.1069,1,0
League One,2021/2022,2022-01-22,29,Cambridge_United,Crewe_Alexandra,1,0,1.1981,1.1559,1,0
Premier League,2021/2022,2022-01-23,23,Leicester_City,Brighton_&_Hove_Albion,1,1,1.4404,1.1118,1,0
Premier League,2021/2022,2022-01-23,23,Arsenal,Burnley,0,0,1.2145,0.3858,1,0
Premier League,2021/2022,2022-01-23,23,Crystal_Palace,Liverpool,1,3,2.1825,1.8583,1,0
Premier League,2021/2022,2022-01-23,23,Chelsea,Tottenham_Hotspur,2,0,1.1951,0.5036,1,0
Championship,2021/2022,2022-01-24,28,Blackburn_Rovers,Middlesbrough,1,0,0.6873,0.9532,1,0
Championship,2021/2022,2022-01-25,23,Queens_Park_Rangers,Swansea_City,0,0,0.6933,0.7457,1,0
League One,2021/2022,2022-01-25,23,Burton_Albion,Milton_Keynes_Dons,0,1,1.0198,2.0036,1,0
League One,2021/2022,2022-01-25,27,AFC_Wimbledon,Ipswich_Town,0,2,1.0241,1.2168,1,0
League One,2021/2022,2022-01-25,27,Fleetwood_Town,Plymouth_Argyle,3,3,2.494,0.5741,1,0
League One,2021/2022,2022-01-25,27,Gillingham,Shrewsbury_Town,0,0,0.5613,0.2768,1,0
Championship,2021/2022,2022-01-25,24,Luton_Town,Bristol_City,2,1,1.1106,1.0409,1,0
Championship,2021/2022,2022-01-25,25,Birmingham_City,Peterborough_United,2,2,1.1613,1.7137,1,0
Championship,2021/2022,2022-01-25,26,Nottingham_Forest,Barnsley,3,0,2.6278,0.407,1,0
Championship,2021/2022,2022-01-25,23,Coventry_City,Stoke_City,1,0,1.6237,0.2475,1,0
Championship,2021/2022,2022-01-26,25,West_Bromwich_Albion,Preston_North_End,0,2,0.3112,2.0731,1,0
Championship,2021/2022,2022-01-28,29,Huddersfield_Town,Stoke_City,1,1,0.8693,0.7592,1,0
Championship,2021/2022,2022-01-29,29,Luton_Town,Blackburn_Rovers,0,0,0.7032,0.2756,1,0
Championship,2021/2022,2022-01-29,29,Hull_City,Swansea_City,2,0,0.9294,1.587,1,0
Championship,2021/2022,2022-01-29,29,Middlesbrough,Coventry_City,1,0,0.9892,1.1452,1,0
Championship,2021/2022,2022-01-29,29,Peterborough_United,Sheffield_United,0,2,0.3541,1.8614,1,0
Championship,2021/2022,2022-01-29,29,Queens_Park_Rangers,Reading,4,0,1.3113,1.0493,1,0
Championship,2021/2022,2022-01-29,29,Barnsley,AFC_Bournemouth,0,1,1.0177,1.9643,1,0
Championship,2021/2022,2022-01-29,29,Fulham,Blackpool,1,1,2.7872,0.5221,1,0
League One,2021/2022,2022-01-29,30,Cheltenham_Town,Wigan_Athletic,0,0,1.173,1.0351,1,0
League One,2021/2022,2022-01-29,30,Crewe_Alexandra,Rotherham_United,0,2,0.4493,2.177,1,0
League One,2021/2022,2022-01-29,30,Doncaster_Rovers,Plymouth_Argyle,1,3,3.3361,2.4557,1,0
League One,2021/2022,2022-01-29,30,Fleetwood_Town,Cambridge_United,1,1,1.035,0.5887,1,0
League One,2021/2022,2022-01-29,30,Gillingham,Oxford_United,2,7,1.2458,5.1156,1,0
League One,2021/2022,2022-01-29,30,Lincoln_City,Burton_Albion,1,2,1.2501,2.0019,1,0
League One,2021/2022,2022-01-29,30,Sheffield_Wednesday,Ipswich_Town,1,0,1.423,0.6598,1,0
League One,2021/2022,2022-01-29,30,Wycombe_Wanderers,Milton_Keynes_Dons,0,1,1.2068,1.0211,1,0
League One,2021/2022,2022-01-29,30,Bolton_Wanderers,Sunderland,6,0,3.0794,0.34,1,0
League One,2021/2022,2022-01-29,30,Accrington_Stanley,Morecambe,2,2,3.0701,1.3767,1,0
League One,2021/2022,2022-01-29,30,AFC_Wimbledon,Shrewsbury_Town,1,1,0.6178,0.8973,1,0
Championship,2021/2022,2022-01-29,29,Preston_North_End,Bristol_City,2,2,0.8112,1.3041,1,0
Championship,2021/2022,2022-01-29,29,Millwall,West_Bromwich_Albion,2,0,1.7525,0.4511,1,0
Championship,2021/2022,2022-01-30,29,Cardiff_City,Nottingham_Forest,2,1,1.7836,0.6515,1,0
Championship,2021/2022,2022-01-30,29,Derby_County,Birmingham_City,2,2,2.065,1.701,1,0
League One,2021/2022,2022-01-31,30,Portsmouth,Charlton_Athletic,1,2,0.9964,1.8214,1,0
League One,2021/2022,2022-02-01,27,Sheffield_Wednesday,Morecambe,2,0,1.6415,1.011,1,0
Championship,2021/2022,2022-02-01,25,Swansea_City,Luton_Town,0,1,1.8329,1.5197,1,0
League One,2021/2022,2022-02-01,23,Gillingham,Crewe_Alexandra,1,0,1.8804,0.7624,1,0
League One,2021/2022,2022-02-01,18,Wigan_Athletic,Oxford_United,1,1,1.0883,0.4295,1,0
League One,2021/2022,2022-02-01,17,AFC_Wimbledon,Cheltenham_Town,2,2,1.2717,1.7378,1,0
League One,2021/2022,2022-02-01,27,Bolton_Wanderers,Cambridge_United,2,0,1.8562,0.8612,1,0
Championship,2021/2022,2022-02-01,23,Millwall,Preston_North_End,0,0,0.5932,0.8503,1,0
League One,2021/2022,2022-02-01,27,Doncaster_Rovers,Rotherham_United,0,5,0.1472,2.7568,1,0
Championship,2021/2022,2022-02-02,30,Barnsley,Cardiff_City,0,1,0.6249,0.3485,1,0
Championship,2021/2022,2022-02-02,30,Huddersfield_Town,Derby_County,2,0,1.2926,0.0409,1,0
Championship,2021/2022,2022-02-04,30,Birmingham_City,Sheffield_United,1,2,0.4156,1.4528,1,0
League One,2021/2022,2022-02-05,31,Burton_Albion,Sheffield_Wednesday,0,2,1.6523,1.2223,1,0
League One,2021/2022,2022-02-05,31,Charlton_Athletic,AFC_Wimbledon,3,2,1.2092,1.2697,1,0
Premier League,2021/2022,2022-02-05,17,Burnley,Watford,0,0,0.6327,0.7999,1,0
League One,2021/2022,2022-02-05,31,Morecambe,Bolton_Wanderers,1,1,2.0091,0.7989,1,0
League One,2021/2022,2022-02-05,31,Milton_Keynes_Dons,Lincoln_City,2,1,1.4167,1.3047,1,0
League One,2021/2022,2022-02-05,31,Oxford_United,Portsmouth,3,2,2.4249,1.4727,1,0
League One,2021/2022,2022-02-05,31,Rotherham_United,Accrington_Stanley,1,0,1.4561,2.6799,1,0
League One,2021/2022,2022-02-05,31,Shrewsbury_Town,Fleetwood_Town,1,1,1.9124,0.4426,1,0
League One,2021/2022,2022-02-05,31,Sunderland,Doncaster_Rovers,1,2,1.9778,1.8091,1,0
Championship,2021/2022,2022-02-05,30,Swansea_City,Blackburn_Rovers,1,0,0.4962,1.2254,1,0
Championship,2021/2022,2022-02-05,30,Hull_City,Preston_North_End,0,1,0.6665,1.1498,1,0
Championship,2021/2022,2022-02-05,30,Blackpool,Bristol_City,3,1,1.4967,1.3323,1,0
League One,2021/2022,2022-02-05,31,Ipswich_Town,Gillingham,1,0,1.4554,0.4665,1,0
League One,2021/2022,2022-02-08,32,Crewe_Alexandra,Plymouth_Argyle,1,4,0.8787,2.7176,1,0
Premier League,2021/2022,2022-02-08,24,Burnley,Manchester_United,1,1,0.3761,1.8467,1,0
Premier League,2021/2022,2022-02-08,24,Newcastle_United,Everton,3,1,1.9628,0.7738,1,0
Premier League,2021/2022,2022-02-08,24,West_Ham_United,Watford,1,0,0.8026,0.331,1,0
League One,2021/2022,2022-02-08,32,Bolton_Wanderers,Charlton_Athletic,2,1,0.9552,0.4085,1,0
League One,2021/2022,2022-02-08,32,Wycombe_Wanderers,Shrewsbury_Town,0,0,2.8382,0.1188,1,0
League One,2021/2022,2022-02-08,32,Sheffield_Wednesday,Wigan_Athletic,1,0,1.709,0.924,1,0
League One,2021/2022,2022-02-08,32,Portsmouth,Burton_Albion,2,1,2.4057,1.0829,1,0
League One,2021/2022,2022-02-08,32,Lincoln_City,Morecambe,2,1,1.1382,1.2206,1,0
League One,2021/2022,2022-02-08,32,Gillingham,Cambridge_United,1,0,0.4899,0.7846,1,0
League One,2021/2022,2022-02-08,32,Fleetwood_Town,Milton_Keynes_Dons,1,1,0.6814,0.6975,1,0
League One,2021/2022,2022-02-08,32,Doncaster_Rovers,Ipswich_Town,0,1,0.3553,2.6249,1,0
League One,2021/2022,2022-02-08,32,Cheltenham_Town,Sunderland,2,1,0.3644,0.6751,1,0
Championship,2021/2022,2022-02-08,31,Luton_Town,Barnsley,2,1,2.663,1.1727,1,0
League One,2021/2022,2022-02-08,32,AFC_Wimbledon,Rotherham_United,0,1,0.2268,1.8997,1,0
Championship,2021/2022,2022-02-08,31,Coventry_City,Blackpool,1,1,1.5434,0.8288,1,0
Championship,2021/2022,2022-02-08,31,Derby_County,Hull_City,3,1,0.8597,0.7965,1,0
Championship,2021/2022,2022-02-08,31,Fulham,Millwall,3,0,3.1116,0.9709,1,0
Championship,2021/2022,2022-02-08,31,Stoke_City,Swansea_City,3,0,2.3806,0.2384,1,0
League One,2021/2022,2022-02-08,32,Accrington_Stanley,Oxford_United,2,0,1.4513,1.9335,1,0
Championship,2021/2022,2022-02-09,31,Bristol_City,Reading,2,1,1.251,2.0189,1,0
Championship,2021/2022,2022-02-09,31,Sheffield_United,West_Bromwich_Albion,2,0,1.8113,0.526,1,0
Premier League,2021/2022,2022-02-09,24,Norwich_City,Crystal_Palace,1,1,0.4076,1.2768,1,0
Premier League,2021/2022,2022-02-09,24,Manchester_City,Brentford,2,0,1.8693,0.3697,1,0
Premier League,2021/2022,2022-02-09,24,Tottenham_Hotspur,Southampton,2,3,1.3683,2.2454,1,0
Premier League,2021/2022,2022-02-09,24,Aston_Villa,Leeds_United,3,3,2.0829,1.9314,1,0
Championship,2021/2022,2022-02-09,31,Queens_Park_Rangers,Middlesbrough,2,2,0.995,1.816,1,0
Championship,2021/2022,2022-02-09,31,Preston_North_End,Huddersfield_Town,0,0,1.648,0.2615,1,0
Championship,2021/2022,2022-02-09,31,Blackburn_Rovers,Nottingham_Forest,0,2,0.7992,2.5693,1,0
Championship,2021/2022,2022-02-09,31,AFC_Bournemouth,Birmingham_City,3,1,0.9673,1.4541,1,0
Championship,2021/2022,2022-02-09,31,Cardiff_City,Peterborough_United,4,0,2.1571,0.2959,1,0
Premier League,2021/2022,2022-02-10,24,Wolverhampton_Wanderers,Arsenal,0,1,0.8016,2.0806,1,0
Premier League,2021/2022,2022-02-10,24,Liverpool,Leicester_City,2,0,1.7977,0.5167,1,0
Premier League,2021/2022,2022-02-12,25,Brentford,Crystal_Palace,0,0,1.5987,0.2571,1,0
Premier League,2021/2022,2022-02-12,25,Everton,Leeds_United,3,0,2.7562,0.2637,1,0
Premier League,2021/2022,2022-02-12,25,Watford,Brighton_&_Hove_Albion,0,2,0.5363,1.7006,1,0
Premier League,2021/2022,2022-02-12,25,Manchester_United,Southampton,1,1,2.1408,1.068,1,0
League One,2021/2022,2022-02-12,33,Plymouth_Argyle,Shrewsbury_Town,1,0,0.6957,0.4725,1,0
League One,2021/2022,2022-02-12,33,Portsmouth,Doncaster_Rovers,4,0,2.1969,0.6774,1,0
League One,2021/2022,2022-02-12,33,Oxford_United,Bolton_Wanderers,2,3,1.0331,0.7252,1,0
League One,2021/2022,2022-02-12,33,Morecambe,Gillingham,1,1,2.1229,0.6764,1,0
League One,2021/2022,2022-02-12,33,Milton_Keynes_Dons,Ipswich_Town,0,0,0.3759,0.5548,1,0
League One,2021/2022,2022-02-12,33,Lincoln_City,Wycombe_Wanderers,1,1,0.7476,1.778,1,0
League One,2021/2022,2022-02-12,33,Cheltenham_Town,Fleetwood_Town,2,0,1.1686,0.3002,1,0
League One,2021/2022,2022-02-12,33,Burton_Albion,Cambridge_United,2,2,2.2608,1.1896,1,0
League One,2021/2022,2022-02-12,33,Accrington_Stanley,Crewe_Alexandra,4,1,1.2409,1.6456,1,0
League One,2021/2022,2022-02-12,33,AFC_Wimbledon,Sunderland,1,1,1.2752,0.4483,1,0
Premier League,2021/2022,2022-02-12,25,Norwich_City,Manchester_City,0,4,0.415,4.759,1,0
League One,2021/2022,2022-02-12,33,Wigan_Athletic,Charlton_Athletic,2,1,1.8094,0.7429,1,0
Championship,2021/2022,2022-02-12,32,Peterborough_United,Preston_North_End,0,1,1.6778,0.5384,1,0
Championship,2021/2022,2022-02-12,32,Nottingham_Forest,Stoke_City,2,2,1.5127,3.6255,1,0
Championship,2021/2022,2022-02-12,32,Barnsley,Queens_Park_Rangers,1,0,1.076,0.7453,1,0
Championship,2021/2022,2022-02-12,32,Millwall,Cardiff_City,2,1,1.0396,1.9913,1,0
Championship,2021/2022,2022-02-12,32,Middlesbrough,Derby_County,4,1,2.2438,0.4365,1,0
Championship,2021/2022,2022-02-12,32,Reading,Coventry_City,2,3,1.3078,1.1852,1,0
Championship,2021/2022,2022-02-12,32,Huddersfield_Town,Sheffield_United,0,0,0.4798,0.919,1,0
Championship,2021/2022,2022-02-12,32,Birmingham_City,Luton_Town,3,0,0.9811,0.6284,1,0
Championship,2021/2022,2022-02-12,32,Blackpool,AFC_Bournemouth,1,2,0.7837,1.795,1,0
Championship,2021/2022,2022-02-12,32,Hull_City,Fulham,0,1,0.3201,1.2209,1,0
Premier League,2021/2022,2022-02-13,25,Leicester_City,West_Ham_United,2,2,1.3815,1.0842,1,0
Premier League,2021/2022,2022-02-13,25,Tottenham_Hotspur,Wolverhampton_Wanderers,0,2,1.1838,1.313,1,0
Premier League,2021/2022,2022-02-13,25,Newcastle_United,Aston_Villa,1,0,0.5312,0.5688,1,0
Premier League,2021/2022,2022-02-13,25,Burnley,Liverpool,0,1,1.5467,1.936,1,0
Championship,2021/2022,2022-02-13,32,Swansea_City,Bristol_City,3,1,2.5863,1.0283,1,0
League One,2021/2022,2022-02-13,33,Sheffield_Wednesday,Rotherham_United,0,2,0.9039,1.083,1,0
Championship,2021/2022,2022-02-14,32,West_Bromwich_Albion,Blackburn_Rovers,0,0,1.0337,0.685,1,0
League One,2021/2022,2022-02-15,23,Lincoln_City,Doncaster_Rovers,0,1,1.3835,1.0309,1,0
League One,2021/2022,2022-02-15,25,Burton_Albion,Bolton_Wanderers,3,1,0.7011,1.354,1,0
League One,2021/2022,2022-02-15,31,Wigan_Athletic,Crewe_Alexandra,2,0,2.0392,0.4065,1,0
Championship,2021/2022,2022-02-15,24,Cardiff_City,Coventry_City,2,0,0.7019,0.7946,1,0
Championship,2021/2022,2022-02-15,25,Sheffield_United,Hull_City,0,0,1.5875,0.5612,1,0
Championship,2021/2022,2022-02-15,30,Millwall,Queens_Park_Rangers,2,0,1.1723,0.418,1,0
Premier League,2021/2022,2022-02-15,18,Manchester_United,Brighton_&_Hove_Albion,2,0,1.7033,0.7245,1,0
Championship,2021/2022,2022-02-16,24,Peterborough_United,Reading,0,0,1.0652,0.7717,1,0
League One,2021/2022,2022-02-18,34,Rotherham_United,Wigan_Athletic,1,1,0.2191,0.136,1,0
Premier League,2021/2022,2022-02-19,26,Southampton,Everton,2,0,2.5123,0.2628,1,0
Championship,2021/2022,2022-02-19,33,Bristol_City,Middlesbrough,2,1,0.8342,1.4653,1,0
Championship,2021/2022,2022-02-19,33,Cardiff_City,Blackpool,1,1,1.5265,0.5103,1,0
Championship,2021/2022,2022-02-19,33,Coventry_City,Barnsley,1,0,1.2659,0.2407,1,0
Championship,2021/2022,2022-02-19,33,Stoke_City,Birmingham_City,2,2,0.7758,0.7742,1,0
Championship,2021/2022,2022-02-19,33,Sheffield_United,Swansea_City,4,0,1.7646,0.1176,1,0
Championship,2021/2022,2022-02-19,33,Queens_Park_Rangers,Hull_City,1,1,0.9476,0.5634,1,0
Championship,2021/2022,2022-02-19,33,Preston_North_End,Reading,2,3,1.5496,2.3262,1,0
Championship,2021/2022,2022-02-19,33,Fulham,Huddersfield_Town,1,2,0.8594,1.0295,1,0
Premier League,2021/2022,2022-02-19,26,West_Ham_United,Newcastle_United,1,1,0.5864,0.7837,1,0
Championship,2021/2022,2022-02-19,33,Derby_County,Peterborough_United,1,0,1.8101,0.1441,1,0
Premier League,2021/2022,2022-02-19,26,Aston_Villa,Watford,0,1,1.3397,1.2022,1,0
League One,2021/2022,2022-02-19,34,Wycombe_Wanderers,Cheltenham_Town,5,5,1.4131,1.5479,1,0
League One,2021/2022,2022-02-19,34,Sunderland,Milton_Keynes_Dons,1,2,0.5693,1.4916,1,0
League One,2021/2022,2022-02-19,34,Ipswich_Town,Burton_Albion,3,0,2.5279,0.7458,1,0
League One,2021/2022,2022-02-19,34,Gillingham,Plymouth_Argyle,0,2,0.1319,2.6495,1,0
Premier League,2021/2022,2022-02-19,26,Arsenal,Brentford,2,1,1.7373,0.6573,1,0
League One,2021/2022,2022-02-19,34,Charlton_Athletic,Oxford_United,0,4,0.6172,0.8834,1,0
League One,2021/2022,2022-02-19,34,Cambridge_United,Accrington_Stanley,2,0,0.7727,0.8129,1,0
League One,2021/2022,2022-02-19,34,Doncaster_Rovers,Sheffield_Wednesday,1,3,1.153,2.2831,1,0
Championship,2021/2022,2022-02-19,33,Luton_Town,West_Bromwich_Albion,2,0,0.6022,1.4648,1,0
Premier League,2021/2022,2022-02-19,26,Manchester_City,Tottenham_Hotspur,2,3,2.1271,1.4135,1,0
Premier League,2021/2022,2022-02-19,26,Liverpool,Norwich_City,3,1,3.6646,0.5814,1,0
Premier League,2021/2022,2022-02-19,26,Crystal_Palace,Chelsea,0,1,0.5248,0.9315,1,0
Premier League,2021/2022,2022-02-19,26,Brighton_&_Hove_Albion,Burnley,0,3,0.587,0.7204,1,0
League One,2021/2022,2022-02-19,34,Bolton_Wanderers,AFC_Wimbledon,4,0,2.9928,0.3404,1,0
Premier League,2021/2022,2022-02-20,26,Wolverhampton_Wanderers,Leicester_City,2,1,0.539,1.7237,1,0
Premier League,2021/2022,2022-02-20,26,Leeds_United,Manchester_United,2,4,1.7786,2.1944,1,0
League One,2021/2022,2022-02-22,35,Sunderland,Burton_Albion,1,1,1.0175,1.2907,1,0
League One,2021/2022,2022-02-22,35,Wycombe_Wanderers,Wigan_Athletic,1,3,0.5432,1.481,1,0
League One,2021/2022,2022-02-22,35,Bolton_Wanderers,Lincoln_City,3,1,0.9894,0.9099,1,0
League One,2021/2022,2022-02-22,35,Rotherham_United,Morecambe,2,0,1.6136,1.5846,1,0
League One,2021/2022,2022-02-22,35,Shrewsbury_Town,Portsmouth,1,2,0.9208,2.3493,1,0
Championship,2021/2022,2022-02-22,34,Hull_City,Barnsley,0,2,0.9582,0.5019,1,0
League One,2021/2022,2022-02-22,35,Cambridge_United,Plymouth_Argyle,2,0,2.2543,0.6089,1,0
League One,2021/2022,2022-02-22,35,Doncaster_Rovers,Accrington_Stanley,2,0,0.9231,1.6196,1,0
League One,2021/2022,2022-02-22,35,Gillingham,AFC_Wimbledon,0,0,1.2231,0.747,1,0
Championship,2021/2022,2022-02-22,34,Bristol_City,Coventry_City,1,2,1.521,1.7086,1,0
League One,2021/2022,2022-02-22,35,Charlton_Athletic,Milton_Keynes_Dons,0,2,0.529,1.0063,1,0
League One,2021/2022,2022-02-22,35,Ipswich_Town,Cheltenham_Town,0,0,1.3738,0.4256,1,0
League One,2021/2022,2022-02-22,35,Crewe_Alexandra,Oxford_United,0,1,0.4656,1.068,1,0
Championship,2021/2022,2022-02-22,34,Middlesbrough,West_Bromwich_Albion,2,1,1.1838,0.5327,1,0
Championship,2021/2022,2022-02-22,34,Preston_North_End,Nottingham_Forest,0,0,1.3425,0.3111,1,0
Championship,2021/2022,2022-02-22,34,Reading,Birmingham_City,2,1,1.7738,0.997,1,0
Championship,2021/2022,2022-02-23,34,Queens_Park_Rangers,Blackpool,2,1,0.9038,0.9211,1,0
Championship,2021/2022,2022-02-23,34,Fulham,Peterborough_United,2,1,4.1939,0.3874,1,0
Premier League,2021/2022,2022-02-23,13,Burnley,Tottenham_Hotspur,1,0,1.0807,0.7447,1,0
Premier League,2021/2022,2022-02-23,18,Watford,Crystal_Palace,1,4,1.3783,1.1229,1,0
Championship,2021/2022,2022-02-23,34,Derby_County,Millwall,1,2,0.7149,0.9543,1,0
Premier League,2021/2022,2022-02-23,19,Liverpool,Leeds_United,6,0,5.3559,0.2433,1,0
Championship,2021/2022,2022-02-23,34,Stoke_City,Luton_Town,1,2,0.2063,1.2175,1,0
Championship,2021/2022,2022-02-23,34,Sheffield_United,Blackburn_Rovers,1,0,1.6637,1.3394,1,0
Championship,2021/2022,2022-02-23,34,Huddersfield_Town,Cardiff_City,2,1,0.6766,1.044,1,0
Premier League,2021/2022,2022-02-24,20,Arsenal,Wolverhampton_Wanderers,2,1,4.9139,1.3535,1,0
Premier League,2021/2022,2022-02-25,27,Southampton,Norwich_City,2,0,2.6872,0.5918,1,0
Premier League,2021/2022,2022-02-26,27,Crystal_Palace,Burnley,1,1,1.089,0.2056,1,0
Premier League,2021/2022,2022-02-26,27,Manchester_United,Watford,0,0,2.8299,0.6229,1,0
Premier League,2021/2022,2022-02-26,27,Brentford,Newcastle_United,0,2,0.3854,2.7576,1,0
Premier League,2021/2022,2022-02-26,27,Leeds_United,Tottenham_Hotspur,0,4,1.5141,1.9208,1,0
League One,2021/2022,2022-02-26,36,Oxford_United,Cambridge_United,4,2,1.6643,1.3079,1,0
Premier League,2021/2022,2022-02-26,27,Brighton_&_Hove_Albion,Aston_Villa,0,2,0.6895,1.0289,1,0
Premier League,2021/2022,2022-02-26,27,Everton,Manchester_City,0,1,0.4628,1.8122,1,0
League One,2021/2022,2022-02-26,36,Plymouth_Argyle,Rotherham_United,0,1,0.8871,1.1387,1,0
League One,2021/2022,2022-02-26,36,Portsmouth,Fleetwood_Town,3,3,3.2147,0.341,1,0
Championship,2021/2022,2022-02-26,35,Peterborough_United,Hull_City,0,3,0.2482,1.3728,1,0
League One,2021/2022,2022-02-26,36,Morecambe,Ipswich_Town,1,1,0.3315,2.186,1,0
Championship,2021/2022,2022-02-26,35,Luton_Town,Derby_County,1,0,0.7802,0.6333,1,0
Championship,2021/2022,2022-02-26,35,Millwall,Sheffield_United,1,0,0.3514,0.6346,1,0
League One,2021/2022,2022-02-26,36,AFC_Wimbledon,Doncaster_Rovers,2,2,1.1168,0.5614,1,0
League One,2021/2022,2022-02-26,36,Accrington_Stanley,Wycombe_Wanderers,3,2,0.6019,1.2753,1,0
League One,2021/2022,2022-02-26,36,Burton_Albion,Shrewsbury_Town,0,2,1.0009,1.0598,1,0
League One,2021/2022,2022-02-26,36,Cheltenham_Town,Crewe_Alexandra,1,2,1.1443,0.4227,1,0
League One,2021/2022,2022-02-26,36,Lincoln_City,Gillingham,0,2,0.6406,0.459,1,0
League One,2021/2022,2022-02-26,36,Milton_Keynes_Dons,Bolton_Wanderers,2,0,1.5765,0.4422,1,0
Championship,2021/2022,2022-02-26,35,Nottingham_Forest,Bristol_City,2,0,1.1847,0.3467,1,0
Championship,2021/2022,2022-02-26,35,Blackburn_Rovers,Queens_Park_Rangers,1,0,1.3387,0.9076,1,0
Championship,2021/2022,2022-02-26,35,Barnsley,Middlesbrough,3,2,1.0261,2.744,1,0
Championship,2021/2022,2022-02-26,35,Birmingham_City,Huddersfield_Town,0,2,0.2781,1.3508,1,0
Championship,2021/2022,2022-02-26,35,Blackpool,Reading,4,1,1.7162,1.2837,1,0
Championship,2021/2022,2022-02-26,35,Cardiff_City,Fulham,0,1,0.9028,0.965,1,0
Championship,2021/2022,2022-02-26,35,Coventry_City,Preston_North_End,1,1,0.5754,1.6417,1,0
League One,2021/2022,2022-02-26,36,Sheffield_Wednesday,Charlton_Athletic,2,0,1.4613,0.2676,1,0
Championship,2021/2022,2022-02-26,35,AFC_Bournemouth,Stoke_City,2,1,3.1598,0.6843,1,0
League One,2021/2022,2022-02-26,36,Wigan_Athletic,Sunderland,0,3,0.6476,2.2265,1,0
Premier League,2021/2022,2022-02-27,27,West_Ham_United,Wolverhampton_Wanderers,1,0,1.7765,0.9043,1,0
Championship,2021/2022,2022-02-28,35,West_Bromwich_Albion,Swansea_City,0,2,0.7148,1.1083,1,0
Championship,2021/2022,2022-03-01,23,Cardiff_City,Derby_County,1,0,0.9783,0.7215,1,0
League One,2021/2022,2022-03-01,24,Portsmouth,Oxford_United,3,2,0.794,0.6046,1,0
League One,2021/2022,2022-03-01,24,Sheffield_Wednesday,Burton_Albion,5,2,1.9461,0.7797,1,0
Premier League,2021/2022,2022-03-01,22,Burnley,Leicester_City,0,2,0.8539,1.5058,1,0
League One,2021/2022,2022-03-01,24,Wycombe_Wanderers,Cambridge_United,3,0,1.9281,0.5499,1,0
League One,2021/2022,2022-03-01,25,Wigan_Athletic,Fleetwood_Town,2,0,2.121,0.5255,1,0
League One,2021/2022,2022-03-01,17,Shrewsbury_Town,Rotherham_United,0,0,0.8434,1.0896,1,0
Championship,2021/2022,2022-03-04,36,Huddersfield_Town,Peterborough_United,3,0,1.5954,0.4069,1,0
Championship,2021/2022,2022-03-04,36,Sheffield_United,Nottingham_Forest,1,1,0.5721,2.0072,1,0
League One,2021/2022,2022-03-05,37,Plymouth_Argyle,Morecambe,2,0,1.2249,1.0956,1,0
League One,2021/2022,2022-03-05,37,Oxford_United,Burton_Albion,4,1,1.5674,1.2331,1,0
League One,2021/2022,2022-03-05,37,Lincoln_City,Sheffield_Wednesday,3,1,1.0144,1.4198,1,0
League One,2021/2022,2022-03-05,37,Gillingham,Bolton_Wanderers,0,3,0.3439,1.3957,1,0
League One,2021/2022,2022-03-05,37,Crewe_Alexandra,Wycombe_Wanderers,1,3,0.7552,1.3448,1,0
League One,2021/2022,2022-03-05,37,Cheltenham_Town,Doncaster_Rovers,4,0,2.076,0.3223,1,0
League One,2021/2022,2022-03-05,37,Charlton_Athletic,Sunderland,0,0,0.5792,1.1617,1,0
League One,2021/2022,2022-03-05,37,Cambridge_United,Shrewsbury_Town,0,0,0.1528,0.8082,1,0
League One,2021/2022,2022-03-05,37,Rotherham_United,Milton_Keynes_Dons,1,2,1.8991,0.6991,1,0
League One,2021/2022,2022-03-05,37,Fleetwood_Town,Ipswich_Town,0,2,0.3274,0.8709,1,0
League One,2021/2022,2022-03-05,37,Portsmouth,Accrington_Stanley,4,0,0.9315,0.9347,1,0
Premier League,2021/2022,2022-03-05,28,Burnley,Chelsea,0,4,0.7503,2.2886,1,0
Championship,2021/2022,2022-03-05,36,Derby_County,Barnsley,2,0,1.156,0.6373,1,0
Championship,2021/2022,2022-03-05,36,Middlesbrough,Luton_Town,2,1,1.3154,1.3388,1,0
Championship,2021/2022,2022-03-05,36,Preston_North_End,AFC_Bournemouth,2,1,0.5966,1.3221,1,0
Championship,2021/2022,2022-03-05,36,Queens_Park_Rangers,Cardiff_City,1,2,1.2748,0.6134,1,0
Championship,2021/2022,2022-03-05,36,Reading,Millwall,0,1,0.6865,0.421,1,0
Championship,2021/2022,2022-03-05,36,Stoke_City,Blackpool,0,1,0.7315,1.3444,1,0
Championship,2021/2022,2022-03-05,36,Swansea_City,Coventry_City,3,1,0.9996,1.1928,1,0
Premier League,2021/2022,2022-03-05,28,Leicester_City,Leeds_United,1,0,0.3915,1.7348,1,0
Championship,2021/2022,2022-03-05,36,Hull_City,West_Bromwich_Albion,0,2,0.721,1.6645,1,0
League One,2021/2022,2022-03-05,37,Wigan_Athletic,AFC_Wimbledon,1,0,2.7494,0.5677,1,0
Premier League,2021/2022,2022-03-05,28,Newcastle_United,Brighton_&_Hove_Albion,2,1,1.6542,1.7758,1,0
Premier League,2021/2022,2022-03-05,28,Norwich_City,Brentford,1,3,0.9938,1.9879,1,0
Premier League,2021/2022,2022-03-05,28,Aston_Villa,Southampton,4,0,2.7429,1.1276,1,0
Premier League,2021/2022,2022-03-05,28,Liverpool,West_Ham_United,1,0,2.4655,1.3161,1,0
Championship,2021/2022,2022-03-05,36,Bristol_City,Birmingham_City,1,2,0.9333,0.4858,1,0
Championship,2021/2022,2022-03-05,36,Fulham,Blackburn_Rovers,2,0,1.5716,0.2594,1,0
Premier League,2021/2022,2022-03-05,28,Wolverhampton_Wanderers,Crystal_Palace,0,2,0.7196,2.7678,1,0
Premier League,2021/2022,2022-03-06,28,Watford,Arsenal,2,3,0.974,1.0482,1,0
Premier League,2021/2022,2022-03-06,28,Manchester_City,Manchester_United,4,1,2.8089,0.4872,1,0
Premier League,2021/2022,2022-03-07,28,Tottenham_Hotspur,Everton,5,0,2.6494,0.1973,1,0
League One,2021/2022,2022-03-08,26,Plymouth_Argyle,AFC_Wimbledon,2,0,1.1529,0.7713,1,0
League One,2021/2022,2022-03-08,26,Sunderland,Fleetwood_Town,3,1,1.1746,0.6098,1,0
League One,2021/2022,2022-03-08,26,Ipswich_Town,Lincoln_City,2,0,2.2182,0.2847,1,0
League One,2021/2022,2022-03-08,34,Crewe_Alexandra,Portsmouth,1,3,1.2054,2.3478,1,0
Championship,2021/2022,2022-03-08,26,AFC_Bournemouth,Peterborough_United,1,1,1.6483,0.6962,1,0
Championship,2021/2022,2022-03-08,26,Coventry_City,Luton_Town,0,1,0.8116,0.3323,1,0
Championship,2021/2022,2022-03-08,26,Sheffield_United,Middlesbrough,4,1,3.1245,1.6724,1,0
Championship,2021/2022,2022-03-08,26,Swansea_City,Fulham,1,5,0.1657,1.5376,1,0
Championship,2021/2022,2022-03-08,33,Blackburn_Rovers,Millwall,0,0,1.1344,0.0,1,0
League One,2021/2022,2022-03-08,24,Bolton_Wanderers,Morecambe,1,1,1.6269,1.1232,1,0
Championship,2021/2022,2022-03-08,24,Barnsley,Stoke_City,1,1,0.2468,0.691,1,0
League One,2021/2022,2022-03-08,25,Milton_Keynes_Dons,Cheltenham_Town,3,1,1.0126,0.5324,1,0
Premier League,2021/2022,2022-03-10,30,Norwich_City,Chelsea,1,3,1.0214,1.7587,1,0
Premier League,2021/2022,2022-03-10,20,Leeds_United,Aston_Villa,0,3,0.2088,1.5394,1,0
Premier League,2021/2022,2022-03-10,21,Southampton,Newcastle_United,1,2,1.1629,0.6526,1,0
Premier League,2021/2022,2022-03-10,19,Wolverhampton_Wanderers,Watford,4,0,0.6662,0.6576,1,0
Championship,2021/2022,2022-03-11,37,West_Bromwich_Albion,Huddersfield_Town,2,2,1.635,1.6528,1,0
League One,2021/2022,2022-03-12,38,Sunderland,Crewe_Alexandra,2,0,0.5578,0.5747,1,0
League One,2021/2022,2022-03-12,38,Shrewsbury_Town,Oxford_United,1,2,1.3809,1.4393,1,0
League One,2021/2022,2022-03-12,38,Sheffield_Wednesday,Cambridge_United,6,0,2.3864,0.373,1,0
League One,2021/2022,2022-03-12,38,Morecambe,Cheltenham_Town,1,3,2.009,2.7821,1,0
League One,2021/2022,2022-03-12,38,Milton_Keynes_Dons,Wigan_Athletic,1,1,0.198,0.6547,1,0
League One,2021/2022,2022-03-12,38,Ipswich_Town,Portsmouth,0,0,1.0859,0.5129,1,0
League One,2021/2022,2022-03-12,38,Doncaster_Rovers,Gillingham,0,1,0.6158,0.7416,1,0
League One,2021/2022,2022-03-12,38,Burton_Albion,Fleetwood_Town,3,2,3.2844,1.8243,1,0
League One,2021/2022,2022-03-12,38,Bolton_Wanderers,Plymouth_Argyle,0,1,0.9036,0.7055,1,0
League One,2021/2022,2022-03-12,38,Accrington_Stanley,Charlton_Athletic,2,1,0.6536,0.9939,1,0
League One,2021/2022,2022-03-12,38,AFC_Wimbledon,Lincoln_City,0,2,0.88,0.4489,1,0
League One,2021/2022,2022-03-12,38,Wycombe_Wanderers,Rotherham_United,0,0,0.9426,1.0244,1,0
Championship,2021/2022,2022-03-12,37,Birmingham_City,Hull_City,0,0,0.6866,0.6602,1,0
Championship,2021/2022,2022-03-12,37,Blackburn_Rovers,Bristol_City,0,1,1.5087,0.5615,1,0
Championship,2021/2022,2022-03-12,37,Blackpool,Swansea_City,1,0,1.3252,0.4012,1,0
Championship,2021/2022,2022-03-12,37,AFC_Bournemouth,Derby_County,2,0,1.4644,0.6307,1,0
Championship,2021/2022,2022-03-12,37,Cardiff_City,Preston_North_End,0,0,0.4916,0.9585,1,0
Championship,2021/2022,2022-03-12,37,Coventry_City,Sheffield_United,4,1,5.3678,0.9851,1,0
Championship,2021/2022,2022-03-12,37,Millwall,Middlesbrough,0,0,0.3335,0.4,1,0
Championship,2021/2022,2022-03-12,37,Nottingham_Forest,Reading,4,0,1.0867,0.7786,1,0
Championship,2021/2022,2022-03-12,37,Peterborough_United,Stoke_City,2,2,1.1501,1.9255,1,0
Championship,2021/2022,2022-03-12,37,Barnsley,Fulham,1,1,1.2706,1.4455,1,0
Premier League,2021/2022,2022-03-12,29,Brighton_&_Hove_Albion,Liverpool,0,2,0.4718,2.4109,1,0
Premier League,2021/2022,2022-03-12,29,Brentford,Burnley,2,0,1.926,0.6709,1,0
Premier League,2021/2022,2022-03-12,29,Manchester_United,Tottenham_Hotspur,3,2,0.9973,1.5586,1,0
Premier League,2021/2022,2022-03-13,29,Southampton,Watford,1,2,1.4311,1.737,1,0
Premier League,2021/2022,2022-03-13,29,Leeds_United,Norwich_City,2,1,2.7259,1.486,1,0
Premier League,2021/2022,2022-03-13,29,Everton,Wolverhampton_Wanderers,0,1,0.3847,0.7912,1,0
Premier League,2021/2022,2022-03-13,29,Arsenal,Leicester_City,2,0,3.1017,0.3691,1,0
Championship,2021/2022,2022-03-13,37,Luton_Town,Queens_Park_Rangers,1,2,0.9555,1.0772,1,0
Premier League,2021/2022,2022-03-13,29,Chelsea,Newcastle_United,1,0,1.1433,0.2505,1,0
Premier League,2021/2022,2022-03-13,29,West_Ham_United,Aston_Villa,2,1,1.216,1.1174,1,0
Premier League,2021/2022,2022-03-14,29,Crystal_Palace,Manchester_City,0,0,0.6022,2.9234,1,0
League One,2021/2022,2022-03-15,25,Charlton_Athletic,Gillingham,1,0,1.2101,0.3383,1,0
League One,2021/2022,2022-03-15,25,Plymouth_Argyle,Portsmouth,1,0,1.4184,1.4117,1,0
League One,2021/2022,2022-03-15,24,Crewe_Alexandra,Wigan_Athletic,0,2,0.2676,0.9131,1,0
League One,2021/2022,2022-03-15,23,Sheffield_Wednesday,Accrington_Stanley,1,1,1.2967,0.3146,1,0
Championship,2021/2022,2022-03-15,38,Blackburn_Rovers,Derby_County,3,1,1.8556,0.8061,1,0
Championship,2021/2022,2022-03-15,38,Birmingham_City,Middlesbrough,0,2,0.6658,1.8373,1,0
Championship,2021/2022,2022-03-15,38,Barnsley,Bristol_City,2,0,1.3861,1.2866,1,0
Championship,2021/2022,2022-03-15,38,AFC_Bournemouth,Reading,1,1,0.748,0.3755,1,0
Championship,2021/2022,2022-03-15,38,West_Bromwich_Albion,Fulham,1,0,1.2471,0.5306,1,0
League One,2021/2022,2022-03-15,25,Rotherham_United,Lincoln_City,2,1,1.6946,1.2985,1,0
League One,2021/2022,2022-03-15,34,Shrewsbury_Town,Morecambe,5,0,1.7994,0.3149,1,0
League One,2021/2022,2022-03-15,40,Wycombe_Wanderers,Fleetwood_Town,1,0,2.8822,0.5175,1,0
Championship,2021/2022,2022-03-16,38,Coventry_City,Hull_City,0,2,1.4146,0.6736,1,0
Championship,2021/2022,2022-03-16,38,Luton_Town,Preston_North_End,4,0,1.3789,0.8591,1,0
Championship,2021/2022,2022-03-16,38,Millwall,Huddersfield_Town,2,0,1.9755,0.8155,1,0
Championship,2021/2022,2022-03-16,38,Peterborough_United,Swansea_City,2,3,1.2865,2.1707,1,0
Championship,2021/2022,2022-03-16,38,Nottingham_Forest,Queens_Park_Rangers,3,1,2.3314,1.1192,1,0
Premier League,2021/2022,2022-03-16,16,Brighton_&_Hove_Albion,Tottenham_Hotspur,0,2,0.7147,2.2139,1,0
Premier League,2021/2022,2022-03-16,27,Arsenal,Liverpool,0,2,0.4963,0.7694,1,0
Championship,2021/2022,2022-03-16,38,Cardiff_City,Stoke_City,2,1,1.2385,0.8368,1,0
Championship,2021/2022,2022-03-16,38,Blackpool,Sheffield_United,0,0,1.1501,0.446,1,0
Premier League,2021/2022,2022-03-17,20,Everton,Newcastle_United,1,0,0.6625,0.8697,1,0
Premier League,2021/2022,2022-03-18,30,Wolverhampton_Wanderers,Leeds_United,2,3,1.1604,2.0648,1,0
Premier League,2021/2022,2022-03-19,30,Aston_Villa,Arsenal,0,1,0.4538,1.3326,1,0
League One,2021/2022,2022-03-19,39,Gillingham,Sheffield_Wednesday,0,0,0.7703,1.0728,1,0
League One,2021/2022,2022-03-19,39,Lincoln_City,Sunderland,0,0,0.529,1.0574,1,0
League One,2021/2022,2022-03-19,39,Oxford_United,Ipswich_Town,1,1,1.2473,1.0929,1,0
League One,2021/2022,2022-03-19,39,Plymouth_Argyle,Accrington_Stanley,4,0,2.2833,0.7589,1,0
League One,2021/2022,2022-03-19,39,Portsmouth,Wycombe_Wanderers,0,0,0.2869,1.3963,1,0
League One,2021/2022,2022-03-19,39,Rotherham_United,Shrewsbury_Town,0,3,0.5711,1.2735,1,0
League One,2021/2022,2022-03-19,39,Wigan_Athletic,Morecambe,4,1,2.8506,0.9808,1,0
Championship,2021/2022,2022-03-19,39,Swansea_City,Birmingham_City,0,0,0.5589,2.5955,1,0
League One,2021/2022,2022-03-19,39,Cambridge_United,Milton_Keynes_Dons,0,1,1.3823,0.7312,1,0
Championship,2021/2022,2022-03-19,39,Stoke_City,Millwall,2,0,1.2363,1.2041,1,0
Championship,2021/2022,2022-03-19,39,Hull_City,Luton_Town,1,3,1.8204,1.5959,1,0
Championship,2021/2022,2022-03-19,39,Huddersfield_Town,AFC_Bournemouth,0,3,0.3274,1.389,1,0
Championship,2021/2022,2022-03-19,39,Bristol_City,West_Bromwich_Albion,2,2,0.7888,1.1827,1,0
Championship,2021/2022,2022-03-19,39,Sheffield_United,Barnsley,2,0,2.525,0.5927,1,0
Championship,2021/2022,2022-03-19,39,Derby_County,Coventry_City,1,1,1.5369,1.6658,1,0
League One,2021/2022,2022-03-19,39,Crewe_Alexandra,Bolton_Wanderers,0,1,0.6569,1.1542,1,0
League One,2021/2022,2022-03-19,39,Cheltenham_Town,AFC_Wimbledon,3,1,1.6797,1.4128,1,0
League One,2021/2022,2022-03-19,39,Charlton_Athletic,Burton_Albion,2,0,1.2936,0.9761,1,0
Championship,2021/2022,2022-03-19,39,Reading,Blackburn_Rovers,1,0,1.034,0.8173,1,0
League One,2021/2022,2022-03-19,39,Fleetwood_Town,Doncaster_Rovers,0,0,0.4388,0.2503,1,0
Premier League,2021/2022,2022-03-20,30,Tottenham_Hotspur,West_Ham_United,3,1,3.0331,0.6154,1,0
Premier League,2021/2022,2022-03-20,30,Leicester_City,Brentford,2,1,0.9923,1.338,1,0
Championship,2021/2022,2022-03-20,39,Queens_Park_Rangers,Peterborough_United,1,3,1.0159,1.8537,1,0
League One,2021/2022,2022-03-22,31,Plymouth_Argyle,Cheltenham_Town,2,0,1.5603,1.7709,1,0
League One,2021/2022,2022-03-26,40,Shrewsbury_Town,Lincoln_City,1,0,0.5322,0.2379,1,0
League One,2021/2022,2022-03-26,40,Sheffield_Wednesday,Cheltenham_Town,4,1,1.7137,0.821,1,0
League One,2021/2022,2022-03-26,40,Ipswich_Town,Plymouth_Argyle,1,0,1.8794,0.0882,1,0
League One,2021/2022,2022-03-26,40,Doncaster_Rovers,Charlton_Athletic,0,1,0.5468,2.7625,1,0
League One,2021/2022,2022-03-26,40,Accrington_Stanley,Gillingham,1,2,1.6365,0.635,1,0
League One,2021/2022,2022-03-26,40,AFC_Wimbledon,Cambridge_United,0,1,0.43,0.2707,1,0
Championship,2021/2022,2022-04-01,40,Hull_City,Huddersfield_Town,0,1,0.5434,2.5896,1,0
Championship,2021/2022,2022-04-02,40,Stoke_City,Sheffield_United,1,0,0.6837,0.7766,1,0
Championship,2021/2022,2022-04-02,40,Blackpool,Nottingham_Forest,1,4,1.4373,1.6871,1,0
Championship,2021/2022,2022-04-02,40,AFC_Bournemouth,Bristol_City,3,2,3.3507,1.7412,1,0
Championship,2021/2022,2022-04-02,40,Barnsley,Reading,1,1,0.3604,1.1407,1,0
Championship,2021/2022,2022-04-02,40,Cardiff_City,Swansea_City,0,4,0.5184,1.5961,1,0
Championship,2021/2022,2022-04-02,40,Coventry_City,Blackburn_Rovers,2,2,0.8564,0.73,1,0
Championship,2021/2022,2022-04-02,40,Derby_County,Preston_North_End,1,0,1.8004,0.6478,1,0
Championship,2021/2022,2022-04-02,40,Peterborough_United,Middlesbrough,0,4,1.1303,1.5473,1,0
Championship,2021/2022,2022-04-02,40,Queens_Park_Rangers,Fulham,0,2,0.4397,2.1548,1,0
Championship,2021/2022,2022-04-02,40,Luton_Town,Millwall,2,2,0.6044,0.8912,1,0
League One,2021/2022,2022-04-02,41,Wycombe_Wanderers,Doncaster_Rovers,2,0,2.1892,1.0699,1,0
League One,2021/2022,2022-04-02,41,Milton_Keynes_Dons,Shrewsbury_Town,2,0,0.8589,1.243,1,0
League One,2021/2022,2022-04-02,41,Morecambe,Burton_Albion,3,0,1.7423,0.4228,1,0
League One,2021/2022,2022-04-02,41,Plymouth_Argyle,Oxford_United,1,0,0.3729,0.3798,1,0
League One,2021/2022,2022-04-02,41,Sheffield_Wednesday,AFC_Wimbledon,2,1,1.4703,1.1849,1,0
League One,2021/2022,2022-04-02,41,Sunderland,Gillingham,1,0,1.3391,0.2264,1,0
League One,2021/2022,2022-04-02,41,Charlton_Athletic,Lincoln_City,1,2,1.7558,0.6417,1,0
League One,2021/2022,2022-04-02,41,Accrington_Stanley,Cheltenham_Town,4,4,1.7077,1.2647,1,0
League One,2021/2022,2022-04-02,41,Crewe_Alexandra,Fleetwood_Town,1,3,0.9838,2.3182,1,0
League One,2021/2022,2022-04-02,41,Wigan_Athletic,Bolton_Wanderers,1,1,0.5494,0.3599,1,0
Premier League,2021/2022,2022-04-02,31,Wolverhampton_Wanderers,Aston_Villa,2,1,1.3567,2.2666,1,0
Premier League,2021/2022,2022-04-02,31,Leeds_United,Southampton,1,1,1.1834,1.4185,1,0
Premier League,2021/2022,2022-04-02,31,Chelsea,Brentford,1,4,1.3425,1.8286,1,0
Premier League,2021/2022,2022-04-02,31,Burnley,Manchester_City,0,2,0.0913,1.7918,1,0
Premier League,2021/2022,2022-04-02,31,Brighton_&_Hove_Albion,Norwich_City,0,0,2.8737,0.3682,1,0
Premier League,2021/2022,2022-04-02,31,Liverpool,Watford,2,0,2.2158,0.6421,1,0
Premier League,2021/2022,2022-04-02,31,Manchester_United,Leicester_City,1,1,0.9296,0.8045,1,0
League One,2021/2022,2022-04-02,41,Ipswich_Town,Cambridge_United,0,1,0.5339,0.4892,1,0
Championship,2021/2022,2022-04-03,40,Birmingham_City,West_Bromwich_Albion,1,0,0.8651,0.5082,1,0
Premier League,2021/2022,2022-04-03,31,Tottenham_Hotspur,Newcastle_United,5,1,3.0692,0.5283,1,0
Premier League,2021/2022,2022-04-03,31,West_Ham_United,Everton,2,1,1.2253,0.6637,1,0
Premier League,2021/2022,2022-04-04,31,Crystal_Palace,Arsenal,3,0,1.5059,0.843,1,0
League One,2021/2022,2022-04-05,26,Wigan_Athletic,Accrington_Stanley,3,0,2.0418,0.4822,1,0
League One,2021/2022,2022-04-05,31,Cambridge_United,Wycombe_Wanderers,1,4,0.6351,2.1979,1,0
League One,2021/2022,2022-04-05,34,Fleetwood_Town,Lincoln_City,1,1,0.6141,0.5356,1,0
League One,2021/2022,2022-04-05,40,Milton_Keynes_Dons,Crewe_Alexandra,2,1,0.9597,0.2505,1,0
League One,2021/2022,2022-04-05,40,Morecambe,Oxford_United,2,1,0.3865,1.8302,1,0
League One,2021/2022,2022-04-05,40,Bolton_Wanderers,Portsmouth,1,1,1.7008,0.6913,1,0
Championship,2021/2022,2022-04-05,22,Sheffield_United,Queens_Park_Rangers,1,0,0.836,0.9677,1,0
Championship,2021/2022,2022-04-05,24,Millwall,Swansea_City,0,1,1.3182,1.3205,1,0
Championship,2021/2022,2022-04-05,30,Peterborough_United,Luton_Town,1,1,1.6219,1.5756,1,0
Championship,2021/2022,2022-04-05,39,Preston_North_End,Blackpool,1,0,1.1911,0.7711,1,0
Championship,2021/2022,2022-04-05,30,Reading,Stoke_City,2,1,1.3783,1.0247,1,0
League One,2021/2022,2022-04-05,24,AFC_Wimbledon,Charlton_Athletic,1,1,1.7014,1.2252,1,0
Championship,2021/2022,2022-04-06,30,Nottingham_Forest,Coventry_City,2,0,1.9335,0.8877,1,0
Championship,2021/2022,2022-04-06,30,Middlesbrough,Fulham,0,1,1.3171,0.9541,1,0
Premier League,2021/2022,2022-04-06,19,Burnley,Everton,3,2,2.0177,2.4035,1,0
Championship,2021/2022,2022-04-06,30,West_Bromwich_Albion,AFC_Bournemouth,2,0,0.6766,1.0426,1,0
Premier League,2021/2022,2022-04-08,32,Newcastle_United,Wolverhampton_Wanderers,1,0,1.5124,0.4118,1,0
League One,2021/2022,2022-04-09,42,Fleetwood_Town,Accrington_Stanley,1,2,1.6957,2.2832,1,0
League One,2021/2022,2022-04-09,42,Doncaster_Rovers,Crewe_Alexandra,2,0,1.724,1.0608,1,0
League One,2021/2022,2022-04-09,42,Cheltenham_Town,Portsmouth,1,0,1.8852,1.105,1,0
League One,2021/2022,2022-04-09,42,Cambridge_United,Morecambe,2,1,1.9479,0.7948,1,0
League One,2021/2022,2022-04-09,42,Bolton_Wanderers,Sheffield_Wednesday,1,1,0.7314,2.5746,1,0
League One,2021/2022,2022-04-09,42,AFC_Wimbledon,Milton_Keynes_Dons,1,1,0.4466,1.2392,1,0
Championship,2021/2022,2022-04-09,41,Preston_North_End,Queens_Park_Rangers,2,1,3.2921,2.3033,1,0
League One,2021/2022,2022-04-09,42,Lincoln_City,Wigan_Athletic,1,3,1.4444,1.8253,1,0
Championship,2021/2022,2022-04-09,41,Reading,Cardiff_City,1,2,0.6948,1.1426,1,0
Championship,2021/2022,2022-04-09,41,Swansea_City,Derby_County,2,1,0.7672,1.0902,1,0
Championship,2021/2022,2022-04-09,41,West_Bromwich_Albion,Stoke_City,1,3,1.2122,1.4777,1,0
Premier League,2021/2022,2022-04-09,32,Southampton,Chelsea,0,6,0.4855,4.1821,1,0
Premier League,2021/2022,2022-04-09,32,Arsenal,Brighton_&_Hove_Albion,1,2,1.9131,0.5792,1,0
Premier League,2021/2022,2022-04-09,32,Everton,Manchester_United,1,0,0.383,0.7679,1,0
Championship,2021/2022,2022-04-09,41,Nottingham_Forest,Birmingham_City,2,0,1.1004,0.7093,1,0
League One,2021/2022,2022-04-09,42,Oxford_United,Sunderland,1,2,1.1451,1.0052,1,0
League One,2021/2022,2022-04-09,42,Gillingham,Wycombe_Wanderers,1,1,1.429,0.6335,1,0
League One,2021/2022,2022-04-09,42,Shrewsbury_Town,Ipswich_Town,1,1,0.2608,0.8711,1,0
Championship,2021/2022,2022-04-09,41,Sheffield_United,AFC_Bournemouth,0,0,0.9656,0.2407,1,0
Championship,2021/2022,2022-04-09,41,Blackburn_Rovers,Blackpool,1,1,0.8698,1.2961,1,0
Championship,2021/2022,2022-04-09,41,Bristol_City,Peterborough_United,1,1,2.2923,1.6027,1,0
Championship,2021/2022,2022-04-09,41,Middlesbrough,Hull_City,0,1,0.4963,0.2344,1,0
Championship,2021/2022,2022-04-09,41,Millwall,Barnsley,4,1,2.5772,0.779,1,0
League One,2021/2022,2022-04-09,42,Rotherham_United,Charlton_Athletic,0,1,0.7535,0.5438,1,0
Premier League,2021/2022,2022-04-09,32,Watford,Leeds_United,0,3,1.0743,0.7286,1,0
Premier League,2021/2022,2022-04-09,32,Aston_Villa,Tottenham_Hotspur,0,4,1.6167,1.0577,1,0
League One,2021/2022,2022-04-09,42,Burton_Albion,Plymouth_Argyle,0,0,0.3766,0.4365,1,0
Premier League,2021/2022,2022-04-10,32,Leicester_City,Crystal_Palace,2,1,0.9774,1.6613,1,0
Premier League,2021/2022,2022-04-10,32,Norwich_City,Burnley,2,0,2.0177,1.7118,1,0
Premier League,2021/2022,2022-04-10,32,Manchester_City,Liverpool,2,2,1.2628,1.3117,1,0
Championship,2021/2022,2022-04-10,41,Fulham,Coventry_City,1,3,3.5025,4.0436,1,0
Premier League,2021/2022,2022-04-10,32,Brentford,West_Ham_United,2,0,1.4235,0.3091,1,0
Championship,2021/2022,2022-04-11,41,Huddersfield_Town,Luton_Town,2,0,0.923,1.0928,1,0
League One,2021/2022,2022-04-12,41,Portsmouth,Rotherham_United,3,0,1.29,0.7722,1,0
League One,2021/2022,2022-04-12,40,Burton_Albion,Wigan_Athletic,0,0,0.6009,1.2037,1,0
League One,2021/2022,2022-04-15,43,Portsmouth,Lincoln_City,3,2,1.9796,2.6932,1,0
League One,2021/2022,2022-04-15,43,Sunderland,Shrewsbury_Town,3,2,1.5298,0.7965,1,0
League One,2021/2022,2022-04-15,43,Wycombe_Wanderers,Plymouth_Argyle,2,0,1.2894,0.4725,1,0
League One,2021/2022,2022-04-15,43,Crewe_Alexandra,AFC_Wimbledon,3,1,2.6141,0.9664,1,0
League One,2021/2022,2022-04-15,43,Cheltenham_Town,Gillingham,2,2,1.4439,1.012,1,0
League One,2021/2022,2022-04-15,43,Charlton_Athletic,Morecambe,2,3,2.373,0.9515,1,0
League One,2021/2022,2022-04-15,43,Accrington_Stanley,Burton_Albion,0,0,1.4216,0.7465,1,0
League One,2021/2022,2022-04-15,43,Fleetwood_Town,Oxford_United,2,3,1.406,1.1967,1,0
League One,2021/2022,2022-04-15,43,Doncaster_Rovers,Bolton_Wanderers,1,2,1.5766,1.3305,1,0
Championship,2021/2022,2022-04-15,42,Peterborough_United,Blackburn_Rovers,2,1,1.8007,0.6264,1,0
Championship,2021/2022,2022-04-15,42,Luton_Town,Nottingham_Forest,1,0,1.252,0.856,1,0
Championship,2021/2022,2022-04-15,42,AFC_Bournemouth,Middlesbrough,0,0,0.7458,0.3466,1,0
Championship,2021/2022,2022-04-15,42,Birmingham_City,Coventry_City,2,4,1.2208,2.0014,1,0
Championship,2021/2022,2022-04-15,42,Preston_North_End,Millwall,1,1,1.3982,1.314,1,0
Championship,2021/2022,2022-04-15,42,Sheffield_United,Reading,1,2,2.0833,1.295,1,0
Championship,2021/2022,2022-04-15,42,Stoke_City,Bristol_City,0,1,1.4826,0.604,1,0
Championship,2021/2022,2022-04-15,42,Swansea_City,Barnsley,1,1,1.1245,1.624,1,0
Championship,2021/2022,2022-04-15,42,Hull_City,Cardiff_City,2,1,1.8585,0.8726,1,0
Championship,2021/2022,2022-04-15,42,West_Bromwich_Albion,Blackpool,2,1,1.7186,0.8261,1,0
Championship,2021/2022,2022-04-15,42,Huddersfield_Town,Queens_Park_Rangers,2,2,0.8027,2.1131,1,0
Championship,2021/2022,2022-04-15,42,Derby_County,Fulham,2,1,0.5683,2.0811,1,0
Premier League,2021/2022,2022-04-16,33,Watford,Brentford,1,2,1.7351,1.8599,1,0
Premier League,2021/2022,2022-04-16,33,Southampton,Arsenal,1,0,0.7756,1.7038,1,0
Premier League,2021/2022,2022-04-16,33,Manchester_United,Norwich_City,3,2,1.9635,1.5324,1,0
League One,2021/2022,2022-04-16,43,Wigan_Athletic,Cambridge_United,1,2,0.675,1.0751,1,0
Premier League,2021/2022,2022-04-16,33,Tottenham_Hotspur,Brighton_&_Hove_Albion,0,1,0.5022,0.624,1,0
League One,2021/2022,2022-04-16,43,Rotherham_United,Ipswich_Town,1,0,1.2246,0.7717,1,0
League One,2021/2022,2022-04-16,43,Milton_Keynes_Dons,Sheffield_Wednesday,2,3,0.6659,0.635,1,0
Premier League,2021/2022,2022-04-17,33,Newcastle_United,Leicester_City,2,1,1.7959,0.6352,1,0
Premier League,2021/2022,2022-04-17,33,West_Ham_United,Burnley,1,1,2.2334,1.8294,1,0
League One,2021/2022,2022-04-18,44,AFC_Wimbledon,Wycombe_Wanderers,1,1,0.7758,1.6021,1,0
Championship,2021/2022,2022-04-18,43,Blackburn_Rovers,Stoke_City,0,1,0.7087,0.7571,1,0
Championship,2021/2022,2022-04-18,43,Blackpool,Birmingham_City,6,1,3.3643,1.0748,1,0
Championship,2021/2022,2022-04-18,43,Cardiff_City,Luton_Town,0,1,1.4244,0.5647,1,0
Championship,2021/2022,2022-04-18,43,Nottingham_Forest,West_Bromwich_Albion,4,0,2.0418,0.03,1,0
Championship,2021/2022,2022-04-18,43,Bristol_City,Sheffield_United,1,1,1.3745,1.2976,1,0
Championship,2021/2022,2022-04-18,43,Reading,Swansea_City,4,4,3.0747,2.0694,1,0
Championship,2021/2022,2022-04-18,43,Queens_Park_Rangers,Derby_County,1,0,0.8608,1.2512,1,0
Championship,2021/2022,2022-04-18,43,Middlesbrough,Huddersfield_Town,0,2,0.8856,1.8536,1,0
Championship,2021/2022,2022-04-18,43,Barnsley,Peterborough_United,0,2,1.8176,1.0609,1,0
Championship,2021/2022,2022-04-18,43,Coventry_City,AFC_Bournemouth,0,3,0.7797,1.2993,1,0
League One,2021/2022,2022-04-18,44,Lincoln_City,Cheltenham_Town,3,0,2.0718,1.4606,1,0
League One,2021/2022,2022-04-18,44,Bolton_Wanderers,Accrington_Stanley,3,1,1.5456,0.7994,1,0
Championship,2021/2022,2022-04-18,43,Millwall,Hull_City,2,1,1.2134,0.917,1,0
League One,2021/2022,2022-04-18,44,Plymouth_Argyle,Sunderland,0,0,0.4337,0.6901,1,0
League One,2021/2022,2022-04-18,44,Shrewsbury_Town,Doncaster_Rovers,3,3,1.6427,2.1157,1,0
League One,2021/2022,2022-04-18,44,Gillingham,Fleetwood_Town,0,0,1.4617,0.4234,1,0
League One,2021/2022,2022-04-18,44,Morecambe,Portsmouth,1,1,1.485,0.5268,1,0
Championship,2021/2022,2022-04-19,43,Fulham,Preston_North_End,3,0,1.4634,0.5798,1,0
League One,2021/2022,2022-04-19,44,Burton_Albion,Rotherham_United,2,0,1.801,1.9119,1,0
League One,2021/2022,2022-04-19,44,Cambridge_United,Charlton_Athletic,0,2,0.6208,1.3151,1,0
League One,2021/2022,2022-04-19,44,Ipswich_Town,Wigan_Athletic,2,2,1.1481,1.3284,1,0
Premier League,2021/2022,2022-04-19,30,Liverpool,Manchester_United,4,0,1.9739,0.0997,1,0
League One,2021/2022,2022-04-19,44,Oxford_United,Milton_Keynes_Dons,1,0,0.7587,1.0736,1,0
League One,2021/2022,2022-04-19,44,Sheffield_Wednesday,Crewe_Alexandra,1,0,2.6643,0.031,1,0
Premier League,2021/2022,2022-04-20,18,Everton,Leicester_City,1,1,1.7563,0.9077,1,0
Premier League,2021/2022,2022-04-20,25,Chelsea,Arsenal,2,4,0.6795,2.0296,1,0
Premier League,2021/2022,2022-04-20,30,Newcastle_United,Crystal_Palace,1,0,0.8733,0.4612,1,0
Premier League,2021/2022,2022-04-20,30,Manchester_City,Brighton_&_Hove_Albion,3,0,1.2549,0.158,1,0
Premier League,2021/2022,2022-04-21,30,Burnley,Southampton,2,0,1.6213,0.9008,1,0
Championship,2021/2022,2022-04-22,44,Huddersfield_Town,Barnsley,2,1,1.5194,0.451,1,0
Premier League,2021/2022,2022-04-23,34,Norwich_City,Newcastle_United,0,3,0.6265,1.9491,1,0
Premier League,2021/2022,2022-04-23,34,Leicester_City,Aston_Villa,0,0,0.3041,0.863,1,0
Premier League,2021/2022,2022-04-23,34,Brentford,Tottenham_Hotspur,0,0,0.8899,0.598,1,0
Premier League,2021/2022,2022-04-23,34,Arsenal,Manchester_United,3,1,2.6106,1.7811,1,0
Premier League,2021/2022,2022-04-23,34,Manchester_City,Watford,5,1,3.6788,0.4784,1,0
Championship,2021/2022,2022-04-23,44,Birmingham_City,Millwall,2,2,2.3471,1.7608,1,0
League One,2021/2022,2022-04-23,45,Accrington_Stanley,Lincoln_City,2,1,1.3288,0.6968,1,0
League One,2021/2022,2022-04-23,45,Charlton_Athletic,Shrewsbury_Town,2,0,1.5765,0.5672,1,0
League One,2021/2022,2022-04-23,45,Cheltenham_Town,Bolton_Wanderers,1,2,0.4956,1.3961,1,0
League One,2021/2022,2022-04-23,45,Crewe_Alexandra,Ipswich_Town,1,1,1.1311,1.015,1,0
League One,2021/2022,2022-04-23,45,Doncaster_Rovers,Burton_Albion,2,0,1.225,1.517,1,0
League One,2021/2022,2022-04-23,45,Fleetwood_Town,AFC_Wimbledon,1,1,0.9065,0.5124,1,0
League One,2021/2022,2022-04-23,45,Milton_Keynes_Dons,Morecambe,2,0,1.0324,0.0897,1,0
League One,2021/2022,2022-04-23,45,Portsmouth,Gillingham,3,1,1.3325,0.4635,1,0
League One,2021/2022,2022-04-23,45,Rotherham_United,Oxford_United,2,1,2.5686,0.6923,1,0
League One,2021/2022,2022-04-23,45,Sunderland,Cambridge_United,5,1,2.703,0.1632,1,0
League One,2021/2022,2022-04-23,45,Wigan_Athletic,Plymouth_Argyle,1,1,1.4812,1.0258,1,0
League One,2021/2022,2022-04-23,45,Wycombe_Wanderers,Sheffield_Wednesday,1,0,0.507,1.1616,1,0
Championship,2021/2022,2022-04-23,44,AFC_Bournemouth,Fulham,1,1,1.1242,0.3939,1,0
Championship,2021/2022,2022-04-23,44,Luton_Town,Blackpool,1,1,0.9119,1.9431,1,0
Championship,2021/2022,2022-04-23,44,Derby_County,Bristol_City,1,3,1.4045,1.8123,1,0
Championship,2021/2022,2022-04-23,44,Hull_City,Reading,3,0,1.3389,1.3315,1,0
Championship,2021/2022,2022-04-23,44,Peterborough_United,Nottingham_Forest,0,1,0.4888,1.8056,1,0
Championship,2021/2022,2022-04-23,44,Sheffield_United,Cardiff_City,1,0,0.9857,0.4889,1,0
Championship,2021/2022,2022-04-23,44,Stoke_City,Queens_Park_Rangers,1,0,1.2242,0.5653,1,0
Championship,2021/2022,2022-04-23,44,West_Bromwich_Albion,Coventry_City,0,0,1.6198,0.5477,1,0
Championship,2021/2022,2022-04-23,44,Swansea_City,Middlesbrough,1,1,1.3912,1.706,1,0
Premier League,2021/2022,2022-04-24,34,Burnley,Wolverhampton_Wanderers,1,0,1.4038,0.634,1,0
Premier League,2021/2022,2022-04-24,34,Brighton_&_Hove_Albion,Southampton,2,2,1.6616,0.8647,1,0
Premier League,2021/2022,2022-04-24,34,Liverpool,Everton,2,0,2.0733,0.3963,1,0
Premier League,2021/2022,2022-04-24,34,Chelsea,West_Ham_United,1,0,3.0166,0.4826,1,0
Premier League,2021/2022,2022-04-25,34,Crystal_Palace,Leeds_United,0,0,1.8777,0.4693,1,0
Championship,2021/2022,2022-04-25,44,Preston_North_End,Blackburn_Rovers,1,4,0.8991,1.4569,1,0
Championship,2021/2022,2022-04-26,27,Barnsley,Blackpool,0,2,0.2612,1.2003,1,0
Championship,2021/2022,2022-04-26,39,Fulham,Nottingham_Forest,0,1,2.2512,0.9692,1,0
League One,2021/2022,2022-04-26,27,Portsmouth,Wigan_Athletic,3,2,1.4309,1.9253,1,0
League One,2021/2022,2022-04-26,35,Fleetwood_Town,Sheffield_Wednesday,2,3,0.5525,2.5844,1,0
League One,2021/2022,2022-04-26,40,Sunderland,Rotherham_United,1,1,0.2253,1.0818,1,0
Championship,2021/2022,2022-04-26,34,Swansea_City,AFC_Bournemouth,3,3,0.3385,3.7009,1,0
Championship,2021/2022,2022-04-27,39,Middlesbrough,Cardiff_City,2,0,1.0888,0.7249,1,0
Premier League,2021/2022,2022-04-28,37,Manchester_United,Chelsea,1,1,0.5383,1.9077,1,0
Championship,2021/2022,2022-04-29,45,Queens_Park_Rangers,Sheffield_United,1,3,0.5841,2.5581,1,0
Championship,2021/2022,2022-04-30,45,Coventry_City,Huddersfield_Town,1,2,2.054,1.9961,1,0
League One,2021/2022,2022-04-30,46,Sheffield_Wednesday,Portsmouth,4,1,2.133,1.3558,1,0
League One,2021/2022,2022-04-30,46,Plymouth_Argyle,Milton_Keynes_Dons,0,5,0.976,1.72,1,0
League One,2021/2022,2022-04-30,46,Oxford_United,Doncaster_Rovers,1,1,2.0022,0.1969,1,0
League One,2021/2022,2022-04-30,46,Morecambe,Sunderland,0,1,0.1481,0.6466,1,0
League One,2021/2022,2022-04-30,46,Lincoln_City,Crewe_Alexandra,2,1,1.3998,0.7362,1,0
League One,2021/2022,2022-04-30,46,Ipswich_Town,Charlton_Athletic,4,0,1.9445,1.0398,1,0
League One,2021/2022,2022-04-30,46,Gillingham,Rotherham_United,0,2,0.7336,2.1491,1,0
League One,2021/2022,2022-04-30,46,Cambridge_United,Cheltenham_Town,2,2,1.7021,0.8525,1,0
League One,2021/2022,2022-04-30,46,Burton_Albion,Wycombe_Wanderers,1,2,0.8484,1.1325,1,0
League One,2021/2022,2022-04-30,46,Bolton_Wanderers,Fleetwood_Town,4,2,0.8945,0.7771,1,0
League One,2021/2022,2022-04-30,46,AFC_Wimbledon,Accrington_Stanley,3,4,1.3814,1.813,1,0
Championship,2021/2022,2022-04-30,45,Barnsley,Preston_North_End,1,3,1.2285,2.2665,1,0
Championship,2021/2022,2022-04-30,45,Blackburn_Rovers,AFC_Bournemouth,0,3,0.6905,2.7467,1,0
Championship,2021/2022,2022-04-30,45,Blackpool,Derby_County,0,2,2.204,1.3496,1,0
Championship,2021/2022,2022-04-30,45,Bristol_City,Hull_City,5,0,1.6813,0.3979,1,0
Championship,2021/2022,2022-04-30,45,Cardiff_City,Birmingham_City,1,1,1.5527,0.7881,1,0
League One,2021/2022,2022-04-30,46,Shrewsbury_Town,Wigan_Athletic,0,3,0.5327,1.4741,1,0
Championship,2021/2022,2022-04-30,45,Millwall,Peterborough_United,3,0,1.6857,1.5537,1,0
Championship,2021/2022,2022-04-30,45,Middlesbrough,Stoke_City,3,1,1.2721,0.8398,1,0
Premier League,2021/2022,2022-04-30,35,Newcastle_United,Liverpool,0,1,0.1972,2.3947,1,0
Premier League,2021/2022,2022-04-30,35,Aston_Villa,Norwich_City,2,0,1.8163,0.5333,1,0
Premier League,2021/2022,2022-04-30,35,Southampton,Crystal_Palace,1,2,0.623,1.1039,1,0
Premier League,2021/2022,2022-04-30,35,Watford,Burnley,1,2,1.0419,1.6304,1,0
Premier League,2021/2022,2022-04-30,35,Wolverhampton_Wanderers,Brighton_&_Hove_Albion,0,3,0.6599,2.6422,1,0
Premier League,2021/2022,2022-04-30,35,Leeds_United,Manchester_City,0,4,1.3004,2.5025,1,0
Championship,2021/2022,2022-04-30,45,Reading,West_Bromwich_Albion,0,1,0.3721,1.7267,1,0
Championship,2021/2022,2022-04-30,45,Nottingham_Forest,Swansea_City,5,1,3.8265,1.2368,1,0
Premier League,2021/2022,2022-05-01,35,Everton,Chelsea,1,0,0.811,0.8733,1,0
Premier League,2021/2022,2022-05-01,35,West_Ham_United,Arsenal,1,2,0.5176,0.9313,1,0
Premier League,2021/2022,2022-05-01,35,Tottenham_Hotspur,Leicester_City,3,1,1.2337,0.5042,1,0
Premier League,2021/2022,2022-05-02,35,Manchester_United,Brentford,3,0,2.0197,0.6435,1,0
Championship,2021/2022,2022-05-02,45,Fulham,Luton_Town,7,0,2.7335,0.2534,1,0
Championship,2021/2022,2022-05-03,33,AFC_Bournemouth,Nottingham_Forest,1,0,0.4707,1.1387,1,0
Championship,2021/2022,2022-05-07,46,Luton_Town,Reading,1,0,1.0486,0.379,1,0
Championship,2021/2022,2022-05-07,46,AFC_Bournemouth,Millwall,1,0,2.4361,0.2562,1,0
Championship,2021/2022,2022-05-07,46,Birmingham_City,Blackburn_Rovers,1,2,0.8004,1.7742,1,0
Championship,2021/2022,2022-05-07,46,Derby_County,Cardiff_City,0,1,0.9666,0.9075,1,0
Championship,2021/2022,2022-05-07,46,Hull_City,Nottingham_Forest,1,1,1.5089,2.563,1,0
Championship,2021/2022,2022-05-07,46,Stoke_City,Coventry_City,1,1,0.5747,1.8081,1,0
Championship,2021/2022,2022-05-07,46,Sheffield_United,Fulham,4,0,1.6579,0.5302,1,0
Championship,2021/2022,2022-05-07,46,Peterborough_United,Blackpool,5,0,2.6877,0.5827,1,0
Championship,2021/2022,2022-05-07,46,Preston_North_End,Middlesbrough,4,1,2.0229,1.0153,1,0
Championship,2021/2022,2022-05-07,46,Huddersfield_Town,Bristol_City,2,0,2.3459,0.647,1,0
Premier League,2021/2022,2022-05-07,36,Brentford,Southampton,3,0,2.8218,1.3692,1,0
Premier League,2021/2022,2022-05-07,36,Burnley,Aston_Villa,1,3,1.8989,2.0722,1,0
Premier League,2021/2022,2022-05-07,36,Chelsea,Wolverhampton_Wanderers,2,2,1.7276,2.0222,1,0
Premier League,2021/2022,2022-05-07,36,Crystal_Palace,Watford,1,0,2.233,0.4456,1,0
Premier League,2021/2022,2022-05-07,36,Brighton_&_Hove_Albion,Manchester_United,4,0,2.3489,0.8533,1,0
Premier League,2021/2022,2022-05-07,36,Liverpool,Tottenham_Hotspur,1,1,1.3269,0.9046,1,0
Championship,2021/2022,2022-05-07,46,Swansea_City,Queens_Park_Rangers,0,1,0.8929,0.9646,1,0
Championship,2021/2022,2022-05-07,46,West_Bromwich_Albion,Barnsley,4,0,4.2608,0.196,1,0
Premier League,2021/2022,2022-05-08,36,Arsenal,Leeds_United,2,1,1.999,0.3107,1,0
Premier League,2021/2022,2022-05-08,36,Leicester_City,Everton,1,2,1.5101,1.1191,1,0
Premier League,2021/2022,2022-05-08,36,Norwich_City,West_Ham_United,0,4,0.784,3.1259,1,0
Premier League,2021/2022,2022-05-08,36,Manchester_City,Newcastle_United,5,0,3.1805,0.818,1,0
Premier League,2021/2022,2022-05-10,33,Aston_Villa,Liverpool,1,2,1.5631,1.8468,1,0
Premier League,2021/2022,2022-05-11,33,Leeds_United,Chelsea,0,3,0.4224,1.3451,1,0
Premier League,2021/2022,2022-05-11,21,Leicester_City,Norwich_City,3,0,1.9987,1.0562,1,0
Premier League,2021/2022,2022-05-11,30,Watford,Everton,0,0,0.3044,1.0597,1,0
Premier League,2021/2022,2022-05-11,33,Wolverhampton_Wanderers,Manchester_City,1,5,0.5329,2.4585,1,0
Premier League,2021/2022,2022-05-12,22,Tottenham_Hotspur,Arsenal,3,0,2.8365,0.4922,1,0
Premier League,2021/2022,2022-05-15,37,Tottenham_Hotspur,Burnley,1,0,2.1785,0.6805,1,0
Premier League,2021/2022,2022-05-15,37,Aston_Villa,Crystal_Palace,1,1,0.9895,1.4246,1,0
Premier League,2021/2022,2022-05-15,37,Leeds_United,Brighton_&_Hove_Albion,1,1,1.6745,2.2958,1,0
Premier League,2021/2022,2022-05-15,37,Watford,Leicester_City,1,5,1.4216,2.5075,1,0
Premier League,2021/2022,2022-05-15,37,West_Ham_United,Manchester_City,2,2,1.0658,2.4311,1,0
Premier League,2021/2022,2022-05-15,37,Wolverhampton_Wanderers,Norwich_City,1,1,0.8875,1.0538,1,0
Premier League,2021/2022,2022-05-15,37,Everton,Brentford,2,3,2.7158,2.6806,1,0
Premier League,2021/2022,2022-05-16,37,Newcastle_United,Arsenal,2,0,1.6118,0.5627,1,0
Premier League,2021/2022,2022-05-17,37,Southampton,Liverpool,1,2,0.1072,1.3034,1,0
Premier League,2021/2022,2022-05-19,18,Aston_Villa,Burnley,1,1,1.4626,1.6004,1,0
Premier League,2021/2022,2022-05-19,33,Everton,Crystal_Palace,3,2,0.7662,1.1202,1,0
Premier League,2021/2022,2022-05-19,27,Chelsea,Leicester_City,1,1,1.6337,0.0793,1,0
Premier League,2021/2022,2022-05-22,38,Liverpool,Wolverhampton_Wanderers,3,1,3.1737,1.2619,1,0
Premier League,2021/2022,2022-05-22,38,Leicester_City,Southampton,4,1,3.4454,1.144,1,0
Premier League,2021/2022,2022-05-22,38,Crystal_Palace,Manchester_United,1,0,0.6286,0.7522,1,0
Premier League,2021/2022,2022-05-22,38,Chelsea,Watford,2,1,2.2564,0.807,1,0
Premier League,2021/2022,2022-05-22,38,Brighton_&_Hove_Albion,West_Ham_United,3,1,1.5662,0.2198,1,0
Premier League,2021/2022,2022-05-22,38,Brentford,Leeds_United,1,2,0.8382,1.2941,1,0
Premier League,2021/2022,2022-05-22,38,Arsenal,Everton,5,1,4.3513,1.1324,1,0
Premier League,2021/2022,2022-05-22,38,Manchester_City,Aston_Villa,3,2,3.3556,0.2431,1,0
Premier League,2021/2022,2022-05-22,38,Burnley,Newcastle_United,1,2,1.6188,1.8078,1,0
Premier League,2021/2022,2022-05-22,38,Norwich_City,Tottenham_Hotspur,0,5,0.4548,3.5317,1,0
Championship,2022/2023,2022-07-29,1,Huddersfield_Town,Burnley,0,1,0.084,1.0602,1,0
League One,2022/2023,2022-07-30,1,Bristol_Rovers,Forest_Green_Rovers,1,2,0.3745,1.3355,1,0
League One,2022/2023,2022-07-30,1,Cambridge_United,Milton_Keynes_Dons,1,0,0.4975,0.2285,1,0
League One,2022/2023,2022-07-30,1,Cheltenham_Town,Peterborough_United,2,3,2.5063,0.8303,1,0
League One,2022/2023,2022-07-30,1,Ipswich_Town,Bolton_Wanderers,1,1,0.8619,0.8854,1,0
League One,2022/2023,2022-07-30,1,Lincoln_City,Exeter_City,1,1,0.7684,0.6267,1,0
League One,2022/2023,2022-07-30,1,Morecambe,Shrewsbury_Town,0,0,0.4516,0.691,1,0
League One,2022/2023,2022-07-30,1,Plymouth_Argyle,Barnsley,1,0,1.2518,1.1626,1,0
League One,2022/2023,2022-07-30,1,Port_Vale,Fleetwood_Town,2,1,0.5495,0.5106,1,0
League One,2022/2023,2022-07-30,1,Sheffield_Wednesday,Portsmouth,3,3,1.0022,1.491,1,0
League One,2022/2023,2022-07-30,1,Wycombe_Wanderers,Burton_Albion,3,0,1.4511,0.4742,1,0
League One,2022/2023,2022-07-30,1,Accrington_Stanley,Charlton_Athletic,2,2,2.6348,1.1439,1,0
Championship,2022/2023,2022-07-30,1,Blackburn_Rovers,Queens_Park_Rangers,1,0,0.2981,0.1433,1,0
League One,2022/2023,2022-07-30,1,Derby_County,Oxford_United,1,0,0.6676,0.3674,1,0
Championship,2022/2023,2022-07-30,1,Blackpool,Reading,1,0,0.6654,1.2872,1,0
Championship,2022/2023,2022-07-30,1,Cardiff_City,Norwich_City,1,0,0.0794,0.3558,1,0
Championship,2022/2023,2022-07-30,1,Hull_City,Bristol_City,2,1,1.5481,0.9768,1,0
Championship,2022/2023,2022-07-30,1,Luton_Town,Birmingham_City,0,0,1.4176,0.7145,1,0
Championship,2022/2023,2022-07-30,1,Millwall,Stoke_City,2,0,0.8411,0.1664,1,0
Championship,2022/2023,2022-07-30,1,Rotherham_United,Swansea_City,1,1,0.6207,0.5825,1,0
Championship,2022/2023,2022-07-30,1,Wigan_Athletic,Preston_North_End,0,0,1.7476,1.37,1,0
Championship,2022/2023,2022-07-30,1,Middlesbrough,West_Bromwich_Albion,1,1,1.5626,1.0778,1,0
Championship,2022/2023,2022-07-31,1,Sunderland,Coventry_City,1,1,0.7274,0.6941,1,0
Championship,2022/2023,2022-08-01,1,Watford,Sheffield_United,1,0,1.0655,0.2118,1,0
Championship,2022/2023,2022-08-05,2,Birmingham_City,Huddersfield_Town,2,1,1.2448,0.9053,1,0
Premier League,2022/2023,2022-08-05,1,Crystal_Palace,Arsenal,0,2,1.2119,0.9968,1,0
League One,2022/2023,2022-08-06,2,Exeter_City,Port_Vale,4,0,2.0363,0.3089,1,0
League One,2022/2023,2022-08-06,2,Charlton_Athletic,Derby_County,1,0,1.5958,1.1283,1,0
League One,2022/2023,2022-08-06,2,Burton_Albion,Bristol_Rovers,0,4,0.6496,1.4199,1,0
League One,2022/2023,2022-08-06,2,Bolton_Wanderers,Wycombe_Wanderers,3,0,2.1206,1.0102,1,0
Championship,2022/2023,2022-08-06,2,Preston_North_End,Hull_City,0,0,1.727,0.1962,1,0
Championship,2022/2023,2022-08-06,2,Reading,Cardiff_City,2,1,1.3615,0.4967,1,0
Championship,2022/2023,2022-08-06,2,Queens_Park_Rangers,Middlesbrough,3,2,1.4175,1.5964,1,0
League One,2022/2023,2022-08-06,2,Fleetwood_Town,Plymouth_Argyle,2,1,1.129,1.6094,1,0
Championship,2022/2023,2022-08-06,2,Burnley,Luton_Town,1,1,0.4618,1.3153,1,0
Championship,2022/2023,2022-08-06,2,Bristol_City,Sunderland,2,3,1.9021,1.2686,1,0
Championship,2022/2023,2022-08-06,2,Norwich_City,Wigan_Athletic,1,1,1.2369,0.6043,1,0
Championship,2022/2023,2022-08-06,2,Sheffield_United,Millwall,2,0,2.4313,1.173,1,0
League One,2022/2023,2022-08-06,2,Forest_Green_Rovers,Ipswich_Town,1,2,1.4691,0.8277,1,0
League One,2022/2023,2022-08-06,2,Barnsley,Cheltenham_Town,1,0,1.4618,0.7404,1,0
League One,2022/2023,2022-08-06,2,Oxford_United,Cambridge_United,1,0,0.7434,0.5009,1,0
Premier League,2022/2023,2022-08-06,1,Fulham,Liverpool,2,2,1.2527,1.2294,1,0
Premier League,2022/2023,2022-08-06,1,AFC_Bournemouth,Aston_Villa,2,0,0.5898,0.6575,1,0
Premier League,2022/2023,2022-08-06,1,Leeds_United,Wolverhampton_Wanderers,2,1,1.0495,1.7589,1,0
Premier League,2022/2023,2022-08-06,1,Newcastle_United,Nottingham_Forest,2,0,1.7402,0.2755,1,0
Premier League,2022/2023,2022-08-06,1,Tottenham_Hotspur,Southampton,4,1,1.5653,0.4777,1,0
Premier League,2022/2023,2022-08-06,1,Everton,Chelsea,0,1,0.6747,1.644,1,0
League One,2022/2023,2022-08-06,2,Milton_Keynes_Dons,Sheffield_Wednesday,0,1,0.4993,1.5146,1,0
League One,2022/2023,2022-08-06,2,Portsmouth,Lincoln_City,0,0,1.358,0.2749,1,0
Championship,2022/2023,2022-08-06,2,Swansea_City,Blackburn_Rovers,0,3,0.4353,0.4796,1,0
Championship,2022/2023,2022-08-06,2,Stoke_City,Blackpool,2,0,1.9231,1.2011,1,0
League One,2022/2023,2022-08-06,2,Shrewsbury_Town,Accrington_Stanley,0,1,0.8523,0.4264,1,0
League One,2022/2023,2022-08-06,2,Peterborough_United,Morecambe,3,0,1.0084,0.59,1,0
Premier League,2022/2023,2022-08-07,1,West_Ham_United,Manchester_City,0,2,0.4874,2.2293,1,0
Premier League,2022/2023,2022-08-07,1,Manchester_United,Brighton_&_Hove_Albion,1,2,1.3832,1.4963,1,0
Premier League,2022/2023,2022-08-07,1,Leicester_City,Brentford,2,2,0.6207,0.765,1,0
Championship,2022/2023,2022-08-08,2,West_Bromwich_Albion,Watford,1,1,2.4542,1.0466,1,0
Championship,2022/2023,2022-08-12,3,Watford,Burnley,1,0,0.3024,0.5182,1,0
Championship,2022/2023,2022-08-13,3,Hull_City,Norwich_City,2,1,1.2168,1.4529,1,0
League One,2022/2023,2022-08-13,3,Wycombe_Wanderers,Shrewsbury_Town,1,2,0.8062,1.2987,1,0
League One,2022/2023,2022-08-13,3,Sheffield_Wednesday,Charlton_Athletic,1,0,0.7219,0.6363,1,0
League One,2022/2023,2022-08-13,3,Port_Vale,Bolton_Wanderers,0,0,1.0551,1.0526,1,0
League One,2022/2023,2022-08-13,3,Plymouth_Argyle,Peterborough_United,2,0,1.8341,0.2153,1,0
League One,2022/2023,2022-08-13,3,Morecambe,Fleetwood_Town,1,1,1.0523,0.8908,1,0
League One,2022/2023,2022-08-13,3,Lincoln_City,Forest_Green_Rovers,1,1,0.88,0.689,1,0
League One,2022/2023,2022-08-13,3,Ipswich_Town,Milton_Keynes_Dons,3,0,1.0931,0.4187,1,0
League One,2022/2023,2022-08-13,3,Derby_County,Barnsley,2,1,0.7698,0.9943,1,0
League One,2022/2023,2022-08-13,3,Cheltenham_Town,Portsmouth,0,2,0.9607,1.7635,1,0
Premier League,2022/2023,2022-08-13,2,Aston_Villa,Everton,2,1,2.3116,1.5836,1,0
Premier League,2022/2023,2022-08-13,2,Arsenal,Leicester_City,4,2,2.9565,0.46,1,0
Premier League,2022/2023,2022-08-13,2,Brighton_&_Hove_Albion,Newcastle_United,0,0,1.4977,0.2218,1,0
Premier League,2022/2023,2022-08-13,2,Manchester_City,AFC_Bournemouth,4,0,1.7483,0.1322,1,0
Premier League,2022/2023,2022-08-13,2,Southampton,Leeds_United,2,2,1.2204,1.9339,1,0
Championship,2022/2023,2022-08-13,3,Huddersfield_Town,Stoke_City,3,1,1.7453,2.6824,1,0
Premier League,2022/2023,2022-08-13,2,Wolverhampton_Wanderers,Fulham,0,0,0.89,1.4937,1,0
Championship,2022/2023,2022-08-13,3,Cardiff_City,Birmingham_City,1,0,2.585,0.0828,1,0
Championship,2022/2023,2022-08-13,3,Blackpool,Swansea_City,0,1,1.3172,1.5336,1,0
League One,2022/2023,2022-08-13,3,Cambridge_United,Exeter_City,2,1,1.2344,1.3019,1,0
League One,2022/2023,2022-08-13,3,Accrington_Stanley,Burton_Albion,4,4,1.5645,3.4916,1,0
League One,2022/2023,2022-08-13,3,Bristol_Rovers,Oxford_United,1,0,0.4588,0.2359,1,0
Championship,2022/2023,2022-08-13,3,Wigan_Athletic,Bristol_City,1,1,1.8647,1.0197,1,0
Championship,2022/2023,2022-08-13,3,Sunderland,Queens_Park_Rangers,2,2,1.6472,1.3327,1,0
Championship,2022/2023,2022-08-13,3,Rotherham_United,Reading,4,0,2.0973,0.8183,1,0
Championship,2022/2023,2022-08-13,3,Millwall,Coventry_City,3,2,1.6017,1.3926,1,0
Premier League,2022/2023,2022-08-13,2,Brentford,Manchester_United,4,0,1.611,0.9218,1,0
Championship,2022/2023,2022-08-13,3,Luton_Town,Preston_North_End,0,1,1.214,0.3883,1,0
Premier League,2022/2023,2022-08-14,2,Nottingham_Forest,West_Ham_United,1,0,1.3596,2.2553,1,0
Premier League,2022/2023,2022-08-14,2,Chelsea,Tottenham_Hotspur,2,2,1.5834,1.0076,1,0
Championship,2022/2023,2022-08-14,3,Blackburn_Rovers,West_Bromwich_Albion,2,1,0.3657,1.0144,1,0
Championship,2022/2023,2022-08-14,3,Middlesbrough,Sheffield_United,2,2,1.7492,0.4892,1,0
Premier League,2022/2023,2022-08-15,2,Liverpool,Crystal_Palace,1,1,2.0677,1.041,1,0
League One,2022/2023,2022-08-16,4,Oxford_United,Lincoln_City,1,2,2.0655,0.6787,1,0
Championship,2022/2023,2022-08-16,4,Bristol_City,Luton_Town,2,0,1.6519,0.8959,1,0
League One,2022/2023,2022-08-16,4,Milton_Keynes_Dons,Port_Vale,2,1,0.4544,0.8376,1,0
League One,2022/2023,2022-08-16,4,Fleetwood_Town,Cheltenham_Town,0,0,0.5996,0.6546,1,0
League One,2022/2023,2022-08-16,4,Exeter_City,Wycombe_Wanderers,3,1,1.0965,0.6578,1,0
League One,2022/2023,2022-08-16,4,Charlton_Athletic,Plymouth_Argyle,5,1,2.6821,0.5118,1,0
League One,2022/2023,2022-08-16,4,Burton_Albion,Ipswich_Town,0,1,2.0818,0.7352,1,0
League One,2022/2023,2022-08-16,4,Bolton_Wanderers,Morecambe,1,0,1.0506,0.3112,1,0
League One,2022/2023,2022-08-16,4,Barnsley,Bristol_Rovers,3,0,0.8983,0.4929,1,0
League One,2022/2023,2022-08-16,4,Portsmouth,Cambridge_United,4,1,1.5261,0.534,1,0
League One,2022/2023,2022-08-16,4,Shrewsbury_Town,Derby_County,0,0,0.4259,1.2151,1,0
Championship,2022/2023,2022-08-16,4,Norwich_City,Huddersfield_Town,2,1,1.5484,0.9656,1,0
Championship,2022/2023,2022-08-16,4,Queens_Park_Rangers,Blackpool,0,1,0.7872,1.0893,1,0
Championship,2022/2023,2022-08-16,4,Swansea_City,Millwall,2,2,1.5034,1.5176,1,0
Championship,2022/2023,2022-08-16,4,Preston_North_End,Rotherham_United,0,0,2.1137,0.2561,1,0
League One,2022/2023,2022-08-16,4,Peterborough_United,Sheffield_Wednesday,2,0,1.1793,0.3063,1,0
Championship,2022/2023,2022-08-16,4,Burnley,Hull_City,1,1,2.3173,0.8941,1,0
Championship,2022/2023,2022-08-16,4,Birmingham_City,Watford,1,1,0.4861,0.8892,1,0
Championship,2022/2023,2022-08-17,4,West_Bromwich_Albion,Cardiff_City,0,0,0.9048,0.3039,1,0
Championship,2022/2023,2022-08-17,4,Sheffield_United,Sunderland,2,1,2.1116,0.2146,1,0
Championship,2022/2023,2022-08-17,4,Reading,Blackburn_Rovers,3,0,1.2097,0.4741,1,0
Championship,2022/2023,2022-08-17,4,Stoke_City,Middlesbrough,2,2,1.1341,1.9545,1,0
Championship,2022/2023,2022-08-19,5,Norwich_City,Millwall,2,0,1.2238,0.9954,1,0
Premier League,2022/2023,2022-08-20,3,Fulham,Brentford,3,2,2.5403,1.7975,1,0
Premier League,2022/2023,2022-08-20,3,Crystal_Palace,Aston_Villa,3,1,2.6878,0.8969,1,0
League One,2022/2023,2022-08-20,5,Shrewsbury_Town,Ipswich_Town,0,3,0.4402,1.6935,1,0
League One,2022/2023,2022-08-20,5,Portsmouth,Bristol_Rovers,3,1,2.6645,0.413,1,0
League One,2022/2023,2022-08-20,5,Peterborough_United,Lincoln_City,4,0,2.6422,0.2503,1,0
League One,2022/2023,2022-08-20,5,Oxford_United,Morecambe,1,1,1.5386,0.2052,1,0
League One,2022/2023,2022-08-20,5,Forest_Green_Rovers,Plymouth_Argyle,0,3,0.5335,0.6362,1,0
League One,2022/2023,2022-08-20,5,Fleetwood_Town,Derby_County,0,0,0.7294,2.3954,1,0
League One,2022/2023,2022-08-20,5,Exeter_City,Cheltenham_Town,0,1,1.1699,0.3908,1,0
League One,2022/2023,2022-08-20,5,Charlton_Athletic,Cambridge_United,1,1,1.2658,0.6884,1,0
League One,2022/2023,2022-08-20,5,Burton_Albion,Port_Vale,0,2,0.527,1.593,1,0
League One,2022/2023,2022-08-20,5,Bolton_Wanderers,Sheffield_Wednesday,0,2,0.5961,1.7131,1,0
League One,2022/2023,2022-08-20,5,Barnsley,Wycombe_Wanderers,0,3,0.6886,1.4753,1,0
Premier League,2022/2023,2022-08-20,3,AFC_Bournemouth,Arsenal,0,3,0.2809,1.3165,1,0
League One,2022/2023,2022-08-20,5,Milton_Keynes_Dons,Accrington_Stanley,1,1,0.6238,1.6608,1,0
Premier League,2022/2023,2022-08-20,3,Everton,Nottingham_Forest,1,1,1.5108,0.9901,1,0
Premier League,2022/2023,2022-08-20,3,Leicester_City,Southampton,1,2,0.2885,0.9236,1,0
Championship,2022/2023,2022-08-20,5,Birmingham_City,Wigan_Athletic,0,1,0.9382,0.3704,1,0
Championship,2022/2023,2022-08-20,5,Burnley,Blackpool,3,3,1.1018,2.3222,1,0
Championship,2022/2023,2022-08-20,5,Preston_North_End,Watford,0,0,0.6665,1.1612,1,0
Championship,2022/2023,2022-08-20,5,Queens_Park_Rangers,Rotherham_United,1,1,1.4879,0.497,1,0
Championship,2022/2023,2022-08-20,5,Reading,Middlesbrough,1,0,0.476,1.3599,1,0
Championship,2022/2023,2022-08-20,5,Sheffield_United,Blackburn_Rovers,3,0,3.4406,0.0993,1,0
Premier League,2022/2023,2022-08-20,3,Tottenham_Hotspur,Wolverhampton_Wanderers,1,0,1.6716,0.714,1,0
Championship,2022/2023,2022-08-20,5,Swansea_City,Luton_Town,0,2,1.4505,0.5176,1,0
Championship,2022/2023,2022-08-20,5,West_Bromwich_Albion,Hull_City,5,2,2.0381,1.145,1,0
Championship,2022/2023,2022-08-20,5,Stoke_City,Sunderland,0,1,0.8834,0.9844,1,0
Championship,2022/2023,2022-08-21,5,Bristol_City,Cardiff_City,2,0,1.5498,0.7399,1,0
Premier League,2022/2023,2022-08-21,3,Newcastle_United,Manchester_City,3,3,1.8093,2.1132,1,0
Premier League,2022/2023,2022-08-21,3,West_Ham_United,Brighton_&_Hove_Albion,0,2,0.8898,1.7079,1,0
Premier League,2022/2023,2022-08-21,3,Leeds_United,Chelsea,3,0,2.2184,0.881,1,0
Premier League,2022/2023,2022-08-22,3,Manchester_United,Liverpool,2,1,1.7937,1.3498,1,0
Championship,2022/2023,2022-08-26,6,Luton_Town,Sheffield_United,1,1,1.0364,0.7485,1,0
Premier League,2022/2023,2022-08-27,4,Southampton,Manchester_United,0,1,1.4522,1.4034,1,0
Premier League,2022/2023,2022-08-27,4,Brentford,Everton,1,1,2.146,1.0689,1,0
Premier League,2022/2023,2022-08-27,4,Chelsea,Leicester_City,2,1,1.7516,2.5165,1,0
League One,2022/2023,2022-08-27,6,Wycombe_Wanderers,Charlton_Athletic,1,1,1.0887,0.6365,1,0
Premier League,2022/2023,2022-08-27,4,Liverpool,AFC_Bournemouth,9,0,3.3185,0.3299,1,0
Premier League,2022/2023,2022-08-27,4,Manchester_City,Crystal_Palace,4,2,2.4243,0.1176,1,0
Premier League,2022/2023,2022-08-27,4,Brighton_&_Hove_Albion,Leeds_United,1,0,2.0204,1.8437,1,0
League One,2022/2023,2022-08-27,6,Sheffield_Wednesday,Forest_Green_Rovers,5,0,1.7444,0.1609,1,0
League One,2022/2023,2022-08-27,6,Lincoln_City,Fleetwood_Town,2,2,1.0108,1.454,1,0
League One,2022/2023,2022-08-27,6,Plymouth_Argyle,Bolton_Wanderers,2,0,0.4948,0.9901,1,0
League One,2022/2023,2022-08-27,6,Morecambe,Milton_Keynes_Dons,0,4,0.8122,1.6451,1,0
League One,2022/2023,2022-08-27,6,Ipswich_Town,Barnsley,2,2,1.0218,1.0538,1,0
League One,2022/2023,2022-08-27,6,Derby_County,Peterborough_United,2,1,1.4855,1.0111,1,0
League One,2022/2023,2022-08-27,6,Cheltenham_Town,Oxford_United,1,2,0.3495,1.3801,1,0
League One,2022/2023,2022-08-27,6,Bristol_Rovers,Shrewsbury_Town,1,1,0.791,1.7691,1,0
League One,2022/2023,2022-08-27,6,Accrington_Stanley,Exeter_City,0,0,0.558,0.3778,1,0
Premier League,2022/2023,2022-08-27,4,Arsenal,Fulham,2,1,2.7285,0.8328,1,0
League One,2022/2023,2022-08-27,6,Port_Vale,Portsmouth,0,1,0.4449,1.0382,1,0
League One,2022/2023,2022-08-27,6,Cambridge_United,Burton_Albion,4,3,2.1335,1.2816,1,0
Championship,2022/2023,2022-08-27,6,Sunderland,Norwich_City,0,1,1.8519,1.7872,1,0
Championship,2022/2023,2022-08-27,6,Watford,Queens_Park_Rangers,2,3,1.0825,1.1106,1,0
Championship,2022/2023,2022-08-27,6,Blackburn_Rovers,Stoke_City,0,1,1.3511,0.57,1,0
Championship,2022/2023,2022-08-27,6,Blackpool,Bristol_City,3,3,1.8125,2.029,1,0
Championship,2022/2023,2022-08-27,6,Cardiff_City,Preston_North_End,0,0,1.09,0.1778,1,0
Championship,2022/2023,2022-08-27,6,Huddersfield_Town,West_Bromwich_Albion,2,2,0.8792,1.858,1,0
Championship,2022/2023,2022-08-27,6,Hull_City,Coventry_City,3,2,2.9983,2.9803,1,0
Championship,2022/2023,2022-08-27,6,Middlesbrough,Swansea_City,2,1,0.8524,1.2852,1,0
Championship,2022/2023,2022-08-27,6,Millwall,Reading,0,1,0.6955,1.3354,1,0
Championship,2022/2023,2022-08-27,6,Rotherham_United,Birmingham_City,2,0,3.2575,1.1472,1,0
Championship,2022/2023,2022-08-27,6,Wigan_Athletic,Burnley,1,5,1.8472,0.899,1,0
Premier League,2022/2023,2022-08-28,4,Wolverhampton_Wanderers,Newcastle_United,1,1,0.709,1.7725,1,0
Premier League,2022/2023,2022-08-28,4,Nottingham_Forest,Tottenham_Hotspur,0,2,0.9476,2.4018,1,0
Premier League,2022/2023,2022-08-28,4,Aston_Villa,West_Ham_United,0,1,0.4939,0.5648,1,0
Premier League,2022/2023,2022-08-30,5,Fulham,Brighton_&_Hove_Albion,2,1,0.6788,1.4218,1,0
Championship,2022/2023,2022-08-30,7,Burnley,Millwall,2,0,2.6716,1.279,1,0
Championship,2022/2023,2022-08-30,7,Queens_Park_Rangers,Hull_City,3,1,1.3099,0.8997,1,0
Championship,2022/2023,2022-08-30,7,Cardiff_City,Luton_Town,1,2,1.627,1.7124,1,0
Premier League,2022/2023,2022-08-30,5,Crystal_Palace,Brentford,1,1,0.978,1.4292,1,0
Championship,2022/2023,2022-08-30,7,Wigan_Athletic,West_Bromwich_Albion,1,1,0.5288,0.5356,1,0
Premier League,2022/2023,2022-08-30,5,Leeds_United,Everton,1,1,1.0138,0.9985,1,0
Championship,2022/2023,2022-08-30,7,Watford,Middlesbrough,2,1,1.1885,1.4257,1,0
Premier League,2022/2023,2022-08-30,5,Southampton,Chelsea,2,1,1.0996,1.097,1,0
Championship,2022/2023,2022-08-30,7,Birmingham_City,Norwich_City,1,2,0.7483,1.5361,1,0
Championship,2022/2023,2022-08-30,7,Sheffield_United,Reading,4,0,2.021,0.0619,1,0
Championship,2022/2023,2022-08-31,7,Bristol_City,Huddersfield_Town,2,0,1.2164,1.2595,1,0
Championship,2022/2023,2022-08-31,7,Coventry_City,Preston_North_End,0,1,0.8564,1.6519,1,0
Championship,2022/2023,2022-08-31,7,Sunderland,Rotherham_United,3,0,2.118,0.3149,1,0
Championship,2022/2023,2022-08-31,7,Blackpool,Blackburn_Rovers,0,1,0.895,1.2372,1,0
Championship,2022/2023,2022-08-31,7,Stoke_City,Swansea_City,1,1,2.2785,0.993,1,0
Premier League,2022/2023,2022-08-31,5,Liverpool,Newcastle_United,2,1,1.5004,0.7159,1,0
Premier League,2022/2023,2022-08-31,5,Arsenal,Aston_Villa,2,1,2.555,0.4514,1,0
Premier League,2022/2023,2022-08-31,5,Manchester_City,Nottingham_Forest,6,0,3.3178,0.6632,1,0
Premier League,2022/2023,2022-08-31,5,West_Ham_United,Tottenham_Hotspur,1,1,1.2403,0.6304,1,0
Premier League,2022/2023,2022-08-31,5,AFC_Bournemouth,Wolverhampton_Wanderers,0,0,0.4151,1.5098,1,0
Premier League,2022/2023,2022-09-01,5,Leicester_City,Manchester_United,0,1,0.732,1.5482,1,0
Championship,2022/2023,2022-09-02,8,West_Bromwich_Albion,Burnley,1,1,2.0956,2.1272,1,0
League One,2022/2023,2022-09-03,7,Bristol_Rovers,Morecambe,2,2,3.339,0.459,1,0
League One,2022/2023,2022-09-03,7,Cambridge_United,Lincoln_City,2,0,0.6229,0.2225,1,0
League One,2022/2023,2022-09-03,7,Derby_County,Plymouth_Argyle,2,3,1.0954,1.0922,1,0
League One,2022/2023,2022-09-03,7,Exeter_City,Milton_Keynes_Dons,1,0,1.1465,0.1822,1,0
League One,2022/2023,2022-09-03,7,Accrington_Stanley,Ipswich_Town,0,2,0.296,1.6752,1,0
League One,2022/2023,2022-09-03,7,Forest_Green_Rovers,Shrewsbury_Town,0,2,0.9012,0.5725,1,0
League One,2022/2023,2022-09-03,7,Oxford_United,Burton_Albion,2,1,0.7571,0.4281,1,0
League One,2022/2023,2022-09-03,7,Port_Vale,Cheltenham_Town,2,2,0.6158,0.4978,1,0
League One,2022/2023,2022-09-03,7,Portsmouth,Peterborough_United,2,1,0.7654,0.4061,1,0
League One,2022/2023,2022-09-03,7,Sheffield_Wednesday,Barnsley,0,2,0.6148,1.2388,1,0
Championship,2022/2023,2022-09-03,8,Norwich_City,Coventry_City,3,0,2.0071,0.6575,1,0
Championship,2022/2023,2022-09-03,8,Millwall,Cardiff_City,2,0,1.1243,1.0502,1,0
Championship,2022/2023,2022-09-03,8,Luton_Town,Wigan_Athletic,1,2,1.0596,0.6229,1,0
League One,2022/2023,2022-09-03,7,Bolton_Wanderers,Charlton_Athletic,3,1,1.0887,0.7601,1,0
League One,2022/2023,2022-09-03,7,Fleetwood_Town,Wycombe_Wanderers,1,1,1.3352,0.6418,1,0
Championship,2022/2023,2022-09-03,8,Preston_North_End,Birmingham_City,0,1,0.7057,1.8717,1,0
Premier League,2022/2023,2022-09-03,6,Aston_Villa,Manchester_City,1,1,0.3436,2.1038,1,0
Premier League,2022/2023,2022-09-03,6,Wolverhampton_Wanderers,Southampton,1,0,0.8001,1.1963,1,0
Championship,2022/2023,2022-09-03,8,Rotherham_United,Watford,1,1,0.6687,1.0584,1,0
Premier League,2022/2023,2022-09-03,6,Tottenham_Hotspur,Fulham,2,1,2.9775,0.7266,1,0
Premier League,2022/2023,2022-09-03,6,Nottingham_Forest,AFC_Bournemouth,2,3,1.9017,0.7772,1,0
Premier League,2022/2023,2022-09-03,6,Newcastle_United,Crystal_Palace,0,0,2.8294,1.0091,1,0
Championship,2022/2023,2022-09-03,8,Swansea_City,Queens_Park_Rangers,1,0,2.1534,0.5209,1,0
Championship,2022/2023,2022-09-03,8,Blackburn_Rovers,Bristol_City,2,3,1.4765,2.021,1,0
Premier League,2022/2023,2022-09-03,6,Everton,Liverpool,0,0,1.7167,2.1926,1,0
Premier League,2022/2023,2022-09-03,6,Brentford,Leeds_United,5,2,2.4313,1.9162,1,0
Premier League,2022/2023,2022-09-03,6,Chelsea,West_Ham_United,2,1,0.8652,1.0961,1,0
Premier League,2022/2023,2022-09-04,6,Brighton_&_Hove_Albion,Leicester_City,5,2,2.7623,1.4482,1,0
Championship,2022/2023,2022-09-04,8,Reading,Stoke_City,2,1,2.6916,0.6915,1,0
Championship,2022/2023,2022-09-04,8,Hull_City,Sheffield_United,0,2,1.007,0.8696,1,0
Championship,2022/2023,2022-09-04,8,Huddersfield_Town,Blackpool,0,1,1.8039,0.6864,1,0
Premier League,2022/2023,2022-09-04,6,Manchester_United,Arsenal,3,1,1.5519,1.3162,1,0
Championship,2022/2023,2022-09-05,8,Middlesbrough,Sunderland,1,0,1.3944,0.4697,1,0
League One,2022/2023,2022-09-06,4,Forest_Green_Rovers,Accrington_Stanley,2,1,0.5814,1.0784,1,0
Championship,2022/2023,2022-09-13,10,Preston_North_End,Burnley,1,1,0.8367,0.5373,1,0
League One,2022/2023,2022-09-13,9,Burton_Albion,Portsmouth,0,2,0.9702,0.615,1,0
Championship,2022/2023,2022-09-13,10,Middlesbrough,Cardiff_City,2,3,0.936,0.848,1,0
League One,2022/2023,2022-09-13,9,Barnsley,Port_Vale,1,1,1.5166,1.0337,1,0
Championship,2022/2023,2022-09-13,10,Huddersfield_Town,Wigan_Athletic,1,2,2.0049,1.8176,1,0
Championship,2022/2023,2022-09-13,10,Blackburn_Rovers,Watford,2,0,1.5295,0.789,1,0
League One,2022/2023,2022-09-13,9,Wycombe_Wanderers,Accrington_Stanley,1,0,1.301,0.6982,1,0
League One,2022/2023,2022-09-13,9,Shrewsbury_Town,Exeter_City,3,2,1.0742,0.7126,1,0
League One,2022/2023,2022-09-13,9,Plymouth_Argyle,Oxford_United,1,0,1.264,0.8138,1,0
Championship,2022/2023,2022-09-13,10,Hull_City,Stoke_City,0,3,0.4856,1.4055,1,0
League One,2022/2023,2022-09-13,9,Morecambe,Sheffield_Wednesday,0,3,0.3564,2.1879,1,0
League One,2022/2023,2022-09-13,9,Peterborough_United,Fleetwood_Town,0,1,1.2964,0.4057,1,0
League One,2022/2023,2022-09-13,9,Charlton_Athletic,Forest_Green_Rovers,1,1,1.5319,0.6332,1,0
League One,2022/2023,2022-09-13,9,Cheltenham_Town,Cambridge_United,2,1,0.6502,0.5833,1,0
League One,2022/2023,2022-09-13,9,Lincoln_City,Derby_County,2,0,1.4096,0.8721,1,0
Championship,2022/2023,2022-09-13,10,Swansea_City,Sheffield_United,0,1,1.3474,0.9995,1,0
League One,2022/2023,2022-09-13,9,Milton_Keynes_Dons,Bolton_Wanderers,0,2,0.22,1.9303,1,0
League One,2022/2023,2022-09-13,9,Ipswich_Town,Bristol_Rovers,2,0,1.4211,0.2335,1,0
Championship,2022/2023,2022-09-14,10,West_Bromwich_Albion,Birmingham_City,2,3,1.9018,1.0673,1,0
Championship,2022/2023,2022-09-14,10,Reading,Sunderland,0,3,0.3076,1.0296,1,0
Championship,2022/2023,2022-09-14,10,Rotherham_United,Blackpool,3,0,2.4167,0.4591,1,0
Championship,2022/2023,2022-09-14,10,Norwich_City,Bristol_City,3,2,1.7445,1.4956,1,0
Championship,2022/2023,2022-09-14,10,Millwall,Queens_Park_Rangers,0,2,0.7856,1.0299,1,0
Championship,2022/2023,2022-09-14,10,Luton_Town,Coventry_City,2,2,1.5858,1.1965,1,0
Premier League,2022/2023,2022-09-16,8,Aston_Villa,Southampton,1,0,1.5018,0.3371,1,0
Premier League,2022/2023,2022-09-16,8,Nottingham_Forest,Fulham,2,3,1.414,0.938,1,0
Premier League,2022/2023,2022-09-17,8,Wolverhampton_Wanderers,Manchester_City,0,3,0.41,1.0564,1,0
Premier League,2022/2023,2022-09-17,8,Tottenham_Hotspur,Leicester_City,6,2,2.1885,1.7738,1,0
Premier League,2022/2023,2022-09-17,8,Newcastle_United,AFC_Bournemouth,1,1,1.9172,0.7478,1,0
League One,2022/2023,2022-09-17,10,Bolton_Wanderers,Peterborough_United,1,0,0.6945,0.0591,1,0
Championship,2022/2023,2022-09-17,11,Norwich_City,West_Bromwich_Albion,1,1,1.0197,0.7227,1,0
Championship,2022/2023,2022-09-17,11,Watford,Sunderland,2,2,1.1833,0.8637,1,0
Championship,2022/2023,2022-09-17,11,Queens_Park_Rangers,Stoke_City,0,0,1.6428,0.5453,1,0
Championship,2022/2023,2022-09-17,11,Preston_North_End,Sheffield_United,0,2,1.0763,1.6938,1,0
Championship,2022/2023,2022-09-17,11,Birmingham_City,Coventry_City,0,0,1.3332,0.7935,1,0
Championship,2022/2023,2022-09-17,11,Millwall,Blackpool,2,1,1.1785,0.7909,1,0
Championship,2022/2023,2022-09-17,11,Luton_Town,Blackburn_Rovers,2,0,1.0516,0.2967,1,0
Championship,2022/2023,2022-09-17,11,Huddersfield_Town,Cardiff_City,1,0,0.9347,1.1494,1,0
League One,2022/2023,2022-09-17,10,Sheffield_Wednesday,Ipswich_Town,2,2,0.7759,0.6972,1,0
League One,2022/2023,2022-09-17,10,Portsmouth,Plymouth_Argyle,2,2,1.4491,0.4516,1,0
League One,2022/2023,2022-09-17,10,Port_Vale,Shrewsbury_Town,2,1,0.8649,0.459,1,0
League One,2022/2023,2022-09-17,10,Oxford_United,Milton_Keynes_Dons,1,2,1.2713,1.0433,1,0
League One,2022/2023,2022-09-17,10,Forest_Green_Rovers,Morecambe,1,2,0.6022,1.697,1,0
League One,2022/2023,2022-09-17,10,Fleetwood_Town,Charlton_Athletic,1,1,0.7767,0.7512,1,0
League One,2022/2023,2022-09-17,10,Exeter_City,Burton_Albion,0,2,0.8293,1.844,1,0
League One,2022/2023,2022-09-17,10,Derby_County,Wycombe_Wanderers,2,1,1.8878,0.8742,1,0
League One,2022/2023,2022-09-17,10,Cambridge_United,Barnsley,0,3,0.5958,0.8539,1,0
League One,2022/2023,2022-09-17,10,Bristol_Rovers,Lincoln_City,3,6,2.066,2.2479,1,0
League One,2022/2023,2022-09-17,10,Accrington_Stanley,Cheltenham_Town,1,0,1.7274,0.5361,1,0
Championship,2022/2023,2022-09-17,11,Swansea_City,Hull_City,3,0,2.3853,0.2734,1,0
Championship,2022/2023,2022-09-17,11,Wigan_Athletic,Reading,0,1,0.5658,1.2492,1,0
Championship,2022/2023,2022-09-17,11,Middlesbrough,Rotherham_United,0,0,1.0922,0.1015,1,0
Championship,2022/2023,2022-09-17,11,Burnley,Bristol_City,2,1,1.1098,1.1428,1,0
Premier League,2022/2023,2022-09-18,8,Brentford,Arsenal,0,3,0.5327,1.5188,1,0
Premier League,2022/2023,2022-09-18,8,Everton,West_Ham_United,1,0,0.3607,1.039,1,0
League One,2022/2023,2022-09-24,11,Morecambe,Cambridge_United,1,2,0.5839,1.2816,1,0
League One,2022/2023,2022-09-24,11,Bristol_Rovers,Accrington_Stanley,0,1,0.9161,1.0882,1,0
League One,2022/2023,2022-09-24,11,Peterborough_United,Port_Vale,3,0,1.615,0.2829,1,0
League One,2022/2023,2022-09-24,11,Sheffield_Wednesday,Wycombe_Wanderers,3,1,1.2365,0.7845,1,0
League One,2022/2023,2022-09-24,11,Shrewsbury_Town,Burton_Albion,2,1,0.8744,2.2194,1,0
League One,2022/2023,2022-09-24,11,Forest_Green_Rovers,Exeter_City,0,4,0.585,2.7953,1,0
League One,2022/2023,2022-09-24,11,Barnsley,Charlton_Athletic,3,1,0.7547,0.713,1,0
League One,2022/2023,2022-09-25,11,Plymouth_Argyle,Ipswich_Town,2,1,0.6786,1.2033,1,0
Championship,2022/2023,2022-09-30,12,Hull_City,Luton_Town,0,2,0.6726,0.6483,1,0
League One,2022/2023,2022-10-01,12,Accrington_Stanley,Morecambe,3,1,0.9919,0.3052,1,0
League One,2022/2023,2022-10-01,12,Bolton_Wanderers,Lincoln_City,2,0,1.3913,0.5253,1,0
League One,2022/2023,2022-10-01,12,Burton_Albion,Forest_Green_Rovers,3,2,1.1918,1.0705,1,0
League One,2022/2023,2022-10-01,12,Cheltenham_Town,Shrewsbury_Town,2,0,0.8693,0.163,1,0
League One,2022/2023,2022-10-01,12,Charlton_Athletic,Oxford_United,1,1,1.041,0.5293,1,0
League One,2022/2023,2022-10-01,12,Exeter_City,Bristol_Rovers,2,2,1.2109,0.7476,1,0
League One,2022/2023,2022-10-01,12,Fleetwood_Town,Barnsley,0,1,0.3277,0.5368,1,0
League One,2022/2023,2022-10-01,12,Ipswich_Town,Portsmouth,3,2,2.1548,1.7007,1,0
League One,2022/2023,2022-10-01,12,Milton_Keynes_Dons,Peterborough_United,2,3,0.503,1.6177,1,0
League One,2022/2023,2022-10-01,12,Port_Vale,Sheffield_Wednesday,0,1,0.3882,0.3128,1,0
League One,2022/2023,2022-10-01,12,Wycombe_Wanderers,Plymouth_Argyle,0,1,1.4414,1.7411,1,0
League One,2022/2023,2022-10-01,12,Cambridge_United,Derby_County,0,2,0.2082,0.8689,1,0
Championship,2022/2023,2022-10-01,12,Blackburn_Rovers,Millwall,2,1,1.3152,1.2875,1,0
Championship,2022/2023,2022-10-01,12,Bristol_City,Queens_Park_Rangers,1,2,1.0005,1.8831,1,0
Premier League,2022/2023,2022-10-01,9,West_Ham_United,Wolverhampton_Wanderers,2,0,0.9156,0.7402,1,0
Championship,2022/2023,2022-10-01,12,Cardiff_City,Burnley,1,1,0.7627,0.8794,1,0
Championship,2022/2023,2022-10-01,12,Coventry_City,Middlesbrough,1,0,0.6916,0.7199,1,0
Championship,2022/2023,2022-10-01,12,Reading,Huddersfield_Town,3,1,1.7087,0.7166,1,0
Premier League,2022/2023,2022-10-01,9,AFC_Bournemouth,Brentford,0,0,0.3813,0.868,1,0
Premier League,2022/2023,2022-10-01,9,Crystal_Palace,Chelsea,1,2,0.4351,1.1387,1,0
Premier League,2022/2023,2022-10-01,9,Fulham,Newcastle_United,1,4,0.4678,3.5456,1,0
Premier League,2022/2023,2022-10-01,9,Liverpool,Brighton_&_Hove_Albion,3,3,1.4714,1.3695,1,0
Premier League,2022/2023,2022-10-01,9,Southampton,Everton,1,2,1.7547,1.9559,1,0
Championship,2022/2023,2022-10-01,12,West_Bromwich_Albion,Swansea_City,2,3,2.2398,1.1554,1,0
Championship,2022/2023,2022-10-01,12,Blackpool,Norwich_City,0,1,1.3478,1.6976,1,0
Championship,2022/2023,2022-10-01,12,Sunderland,Preston_North_End,0,0,1.0161,0.4479,1,0
Championship,2022/2023,2022-10-01,12,Sheffield_United,Birmingham_City,1,1,0.9428,0.7036,1,0
Premier League,2022/2023,2022-10-01,9,Arsenal,Tottenham_Hotspur,3,1,2.3764,1.5742,1,0
Championship,2022/2023,2022-10-01,12,Rotherham_United,Wigan_Athletic,0,2,0.7588,2.0594,1,0
Premier League,2022/2023,2022-10-02,9,Manchester_City,Manchester_United,6,3,3.3014,1.6687,1,0
Premier League,2022/2023,2022-10-02,9,Leeds_United,Aston_Villa,0,0,0.37,2.2493,1,0
Championship,2022/2023,2022-10-02,12,Stoke_City,Watford,0,4,1.1354,2.7701,1,0
Premier League,2022/2023,2022-10-03,9,Leicester_City,Nottingham_Forest,4,0,1.3245,1.1614,1,0
League One,2022/2023,2022-10-04,8,Cheltenham_Town,Bolton_Wanderers,1,0,0.7148,0.1368,1,0
League One,2022/2023,2022-10-04,8,Burton_Albion,Fleetwood_Town,0,1,0.5548,1.0818,1,0
League One,2022/2023,2022-10-04,8,Ipswich_Town,Cambridge_United,3,0,0.8448,0.0998,1,0
Championship,2022/2023,2022-10-04,13,Bristol_City,Coventry_City,0,0,0.527,1.1562,1,0
Championship,2022/2023,2022-10-04,13,Sheffield_United,Queens_Park_Rangers,0,1,1.0681,0.9618,1,0
League One,2022/2023,2022-10-04,8,Plymouth_Argyle,Sheffield_Wednesday,2,1,0.625,0.763,1,0
Championship,2022/2023,2022-10-04,13,Luton_Town,Huddersfield_Town,3,3,2.45,0.9656,1,0
Championship,2022/2023,2022-10-04,13,Sunderland,Blackpool,0,0,0.9161,0.9223,1,0
Championship,2022/2023,2022-10-04,13,Cardiff_City,Blackburn_Rovers,1,0,0.7647,1.0556,1,0
Championship,2022/2023,2022-10-04,13,Reading,Norwich_City,1,1,0.4133,1.3524,1,0
Championship,2022/2023,2022-10-05,13,Watford,Swansea_City,1,2,1.443,0.5846,1,0
Championship,2022/2023,2022-10-05,13,Burnley,Stoke_City,1,1,1.071,0.3681,1,0
Championship,2022/2023,2022-10-05,13,Hull_City,Wigan_Athletic,2,1,0.9261,1.2092,1,0
Championship,2022/2023,2022-10-05,13,Middlesbrough,Birmingham_City,1,0,1.1053,0.7865,1,0
Championship,2022/2023,2022-10-05,13,Preston_North_End,West_Bromwich_Albion,1,0,1.5611,1.4584,1,0
Championship,2022/2023,2022-10-05,13,Rotherham_United,Millwall,1,1,1.0864,1.5444,1,0
Championship,2022/2023,2022-10-07,14,Queens_Park_Rangers,Reading,2,1,1.7808,1.0997,1,0
Championship,2022/2023,2022-10-08,14,Millwall,Middlesbrough,2,0,1.384,0.4074,1,0
Championship,2022/2023,2022-10-08,14,Norwich_City,Preston_North_End,2,3,1.9804,0.9223,1,0
Championship,2022/2023,2022-10-08,14,Stoke_City,Sheffield_United,3,1,1.3762,0.8055,1,0
Championship,2022/2023,2022-10-08,14,Swansea_City,Sunderland,2,1,1.0885,0.5414,1,0
Championship,2022/2023,2022-10-08,14,West_Bromwich_Albion,Luton_Town,0,0,0.7829,0.2609,1,0
Premier League,2022/2023,2022-10-08,10,Manchester_City,Southampton,4,0,2.4674,0.1561,1,0
Premier League,2022/2023,2022-10-08,10,Newcastle_United,Brentford,5,1,1.5305,1.1875,1,0
Premier League,2022/2023,2022-10-08,10,Brighton_&_Hove_Albion,Tottenham_Hotspur,0,1,0.717,0.7909,1,0
Championship,2022/2023,2022-10-08,14,Wigan_Athletic,Cardiff_City,1,3,0.8939,1.3632,1,0
Championship,2022/2023,2022-10-08,14,Blackpool,Watford,3,1,1.4095,0.3771,1,0
Championship,2022/2023,2022-10-08,14,Blackburn_Rovers,Rotherham_United,3,0,2.2425,0.7699,1,0
Championship,2022/2023,2022-10-08,14,Coventry_City,Burnley,0,1,0.2619,0.8495,1,0
League One,2022/2023,2022-10-08,14,Barnsley,Exeter_City,0,2,0.8207,1.6882,1,0
Premier League,2022/2023,2022-10-08,10,Chelsea,Wolverhampton_Wanderers,3,0,1.905,1.1149,1,0
Premier League,2022/2023,2022-10-08,10,AFC_Bournemouth,Leicester_City,2,1,1.1358,1.0768,1,0
League One,2022/2023,2022-10-08,14,Shrewsbury_Town,Milton_Keynes_Dons,2,1,0.7469,0.422,1,0
League One,2022/2023,2022-10-08,14,Sheffield_Wednesday,Cheltenham_Town,3,0,1.9397,0.4413,1,0
League One,2022/2023,2022-10-08,14,Portsmouth,Fleetwood_Town,1,1,0.883,0.5203,1,0
League One,2022/2023,2022-10-08,14,Plymouth_Argyle,Accrington_Stanley,3,0,1.6547,0.5986,1,0
League One,2022/2023,2022-10-08,14,Peterborough_United,Burton_Albion,1,1,1.2665,0.837,1,0
League One,2022/2023,2022-10-08,14,Oxford_United,Wycombe_Wanderers,0,1,1.9552,0.3538,1,0
League One,2022/2023,2022-10-08,14,Morecambe,Ipswich_Town,1,2,0.5867,2.4853,1,0
League One,2022/2023,2022-10-08,14,Lincoln_City,Charlton_Athletic,0,0,0.3525,0.1796,1,0
League One,2022/2023,2022-10-08,14,Derby_County,Port_Vale,1,2,0.9679,2.6111,1,0
League One,2022/2023,2022-10-08,14,Bristol_Rovers,Cambridge_United,2,1,1.1415,1.3026,1,0
Championship,2022/2023,2022-10-08,14,Birmingham_City,Bristol_City,3,0,2.072,0.3609,1,0
League One,2022/2023,2022-10-08,14,Forest_Green_Rovers,Bolton_Wanderers,1,0,0.5234,0.7585,1,0
Championship,2022/2023,2022-10-09,14,Huddersfield_Town,Hull_City,2,0,1.1016,0.6772,1,0
Premier League,2022/2023,2022-10-09,10,Everton,Manchester_United,1,2,0.6472,1.451,1,0
Premier League,2022/2023,2022-10-09,10,Arsenal,Liverpool,3,2,3.0927,1.1298,1,0
Premier League,2022/2023,2022-10-09,10,West_Ham_United,Fulham,3,1,3.0421,0.6978,1,0
Premier League,2022/2023,2022-10-09,10,Crystal_Palace,Leeds_United,2,1,1.0789,0.965,1,0
Premier League,2022/2023,2022-10-10,10,Nottingham_Forest,Aston_Villa,1,1,0.3056,0.6915,1,0
League One,2022/2023,2022-10-11,8,Charlton_Athletic,Exeter_City,4,2,1.3855,1.1573,1,0
League One,2022/2023,2022-10-11,8,Milton_Keynes_Dons,Bristol_Rovers,0,1,0.1043,1.4392,1,0
League One,2022/2023,2022-10-11,8,Peterborough_United,Forest_Green_Rovers,4,1,1.8198,0.561,1,0
Championship,2022/2023,2022-10-11,9,Wigan_Athletic,Blackburn_Rovers,1,0,1.4754,0.179,1,0
Championship,2022/2023,2022-10-12,9,Bristol_City,Preston_North_End,2,1,0.8804,0.6133,1,0
Premier League,2022/2023,2022-10-14,11,Brentford,Brighton_&_Hove_Albion,2,0,1.4657,1.9491,1,0
Championship,2022/2023,2022-10-15,15,Watford,Norwich_City,2,1,2.2966,1.4466,1,0
Championship,2022/2023,2022-10-15,15,Sunderland,Wigan_Athletic,2,1,1.0349,0.8715,1,0
Championship,2022/2023,2022-10-15,15,Reading,West_Bromwich_Albion,0,2,1.1923,0.6423,1,0
Championship,2022/2023,2022-10-15,15,Preston_North_End,Stoke_City,0,2,0.1713,1.1001,1,0
Championship,2022/2023,2022-10-15,15,Middlesbrough,Blackburn_Rovers,1,2,2.0173,1.1586,1,0
Championship,2022/2023,2022-10-15,15,Cardiff_City,Coventry_City,0,1,0.7424,1.8864,1,0
Championship,2022/2023,2022-10-15,15,Burnley,Swansea_City,4,0,1.9501,0.5157,1,0
Championship,2022/2023,2022-10-15,15,Bristol_City,Millwall,1,2,0.6404,2.2757,1,0
Championship,2022/2023,2022-10-15,15,Rotherham_United,Huddersfield_Town,2,1,1.2515,0.494,1,0
Championship,2022/2023,2022-10-15,15,Luton_Town,Queens_Park_Rangers,3,1,1.9921,0.7964,1,0
Championship,2022/2023,2022-10-15,15,Sheffield_United,Blackpool,3,3,3.3546,1.2459,1,0
Premier League,2022/2023,2022-10-15,11,Tottenham_Hotspur,Everton,2,0,2.2747,0.4269,1,0
League One,2022/2023,2022-10-15,15,Exeter_City,Oxford_United,2,4,0.5264,1.3571,1,0
Premier League,2022/2023,2022-10-15,11,Fulham,AFC_Bournemouth,2,2,2.1262,1.0545,1,0
Premier League,2022/2023,2022-10-15,11,Wolverhampton_Wanderers,Nottingham_Forest,1,0,1.3199,1.4852,1,0
League One,2022/2023,2022-10-15,15,Wycombe_Wanderers,Peterborough_United,3,1,2.0688,0.7878,1,0
League One,2022/2023,2022-10-15,15,Port_Vale,Forest_Green_Rovers,2,2,1.8275,0.502,1,0
League One,2022/2023,2022-10-15,15,Milton_Keynes_Dons,Plymouth_Argyle,1,4,0.4206,1.8706,1,0
League One,2022/2023,2022-10-15,15,Ipswich_Town,Lincoln_City,0,1,1.6019,0.5982,1,0
League One,2022/2023,2022-10-15,15,Fleetwood_Town,Shrewsbury_Town,0,1,1.03,0.5988,1,0
League One,2022/2023,2022-10-15,15,Cambridge_United,Sheffield_Wednesday,0,2,0.4936,0.9168,1,0
League One,2022/2023,2022-10-15,15,Burton_Albion,Morecambe,1,1,0.9955,0.9792,1,0
Premier League,2022/2023,2022-10-15,11,Leicester_City,Crystal_Palace,0,0,1.0307,0.3928,1,0
League One,2022/2023,2022-10-15,15,Cheltenham_Town,Bristol_Rovers,1,4,1.4104,1.0817,1,0
League One,2022/2023,2022-10-15,15,Accrington_Stanley,Derby_County,0,3,2.2624,1.9909,1,0
League One,2022/2023,2022-10-15,15,Bolton_Wanderers,Barnsley,0,0,0.5219,0.3354,1,0
Premier League,2022/2023,2022-10-16,11,Aston_Villa,Chelsea,0,2,1.7867,0.8658,1,0
Championship,2022/2023,2022-10-16,15,Hull_City,Birmingham_City,0,2,0.7044,1.9511,1,0
Premier League,2022/2023,2022-10-16,11,Liverpool,Manchester_City,1,0,2.0448,0.8132,1,0
Premier League,2022/2023,2022-10-16,11,Southampton,West_Ham_United,1,1,0.4531,1.6802,1,0
Premier League,2022/2023,2022-10-16,11,Manchester_United,Newcastle_United,0,0,0.8203,0.9079,1,0
Premier League,2022/2023,2022-10-16,11,Leeds_United,Arsenal,0,1,1.8551,0.5496,1,0
League One,2022/2023,2022-10-17,15,Charlton_Athletic,Portsmouth,3,0,1.3044,0.5355,1,0
Championship,2022/2023,2022-10-18,16,Stoke_City,Rotherham_United,0,1,2.2259,0.1147,1,0
Championship,2022/2023,2022-10-18,16,Huddersfield_Town,Preston_North_End,0,1,0.5284,0.9843,1,0
Premier League,2022/2023,2022-10-18,12,Crystal_Palace,Wolverhampton_Wanderers,2,1,1.2,0.8429,1,0
Championship,2022/2023,2022-10-18,16,Norwich_City,Luton_Town,0,1,0.5691,0.3354,1,0
Championship,2022/2023,2022-10-18,16,Swansea_City,Reading,3,2,0.7811,0.7207,1,0
Championship,2022/2023,2022-10-18,16,West_Bromwich_Albion,Bristol_City,0,2,0.9538,0.8167,1,0
Premier League,2022/2023,2022-10-18,12,Brighton_&_Hove_Albion,Nottingham_Forest,0,0,1.6609,0.1268,1,0
Championship,2022/2023,2022-10-18,16,Blackburn_Rovers,Sunderland,2,0,0.8592,1.0084,1,0
Championship,2022/2023,2022-10-19,16,Coventry_City,Sheffield_United,1,0,1.2907,1.0833,1,0
Championship,2022/2023,2022-10-19,16,Blackpool,Hull_City,1,3,0.613,1.0135,1,0
Premier League,2022/2023,2022-10-19,12,AFC_Bournemouth,Southampton,0,1,1.0425,1.033,1,0
Premier League,2022/2023,2022-10-19,12,Brentford,Chelsea,0,0,1.253,0.8641,1,0
Premier League,2022/2023,2022-10-19,12,Newcastle_United,Everton,1,0,1.4604,0.1732,1,0
Premier League,2022/2023,2022-10-19,12,Manchester_United,Tottenham_Hotspur,2,0,1.5235,0.4968,1,0
Championship,2022/2023,2022-10-19,16,Birmingham_City,Burnley,1,1,1.0496,0.8376,1,0
Premier League,2022/2023,2022-10-19,12,Liverpool,West_Ham_United,1,0,1.7278,1.8416,1,0
Championship,2022/2023,2022-10-19,16,Millwall,Watford,3,0,1.6291,1.2146,1,0
Championship,2022/2023,2022-10-19,16,Wigan_Athletic,Middlesbrough,1,4,0.9517,3.2671,1,0
Championship,2022/2023,2022-10-19,16,Queens_Park_Rangers,Cardiff_City,3,0,2.5442,0.119,1,0
Premier League,2022/2023,2022-10-20,12,Leicester_City,Leeds_United,2,0,0.7899,1.331,1,0
Premier League,2022/2023,2022-10-20,12,Fulham,Aston_Villa,3,0,2.1691,1.1561,1,0
League One,2022/2023,2022-10-21,16,Ipswich_Town,Derby_County,1,0,1.7,0.1443,1,0
Premier League,2022/2023,2022-10-22,13,Everton,Crystal_Palace,3,0,1.4497,0.9461,1,0
Premier League,2022/2023,2022-10-22,13,Chelsea,Manchester_United,1,1,1.064,0.8386,1,0
Premier League,2022/2023,2022-10-22,13,Manchester_City,Brighton_&_Hove_Albion,3,1,1.6269,0.4799,1,0
Premier League,2022/2023,2022-10-22,13,Nottingham_Forest,Liverpool,1,0,1.8524,1.6555,1,0
Championship,2022/2023,2022-10-22,17,Sheffield_United,Norwich_City,2,2,2.8928,1.3762,1,0
Championship,2022/2023,2022-10-22,17,Blackburn_Rovers,Birmingham_City,2,1,0.918,2.0112,1,0
League One,2022/2023,2022-10-22,16,Shrewsbury_Town,Charlton_Athletic,0,1,0.4796,1.407,1,0
League One,2022/2023,2022-10-22,16,Oxford_United,Peterborough_United,1,2,0.6353,0.2887,1,0
League One,2022/2023,2022-10-22,16,Morecambe,Barnsley,1,0,0.6598,0.9818,1,0
Championship,2022/2023,2022-10-22,17,Blackpool,Preston_North_End,4,2,1.4932,1.7212,1,0
League One,2022/2023,2022-10-22,16,Forest_Green_Rovers,Portsmouth,0,1,0.4878,1.2849,1,0
League One,2022/2023,2022-10-22,16,Exeter_City,Fleetwood_Town,2,1,0.8296,0.5926,1,0
League One,2022/2023,2022-10-22,16,Cambridge_United,Port_Vale,0,1,0.3442,0.502,1,0
League One,2022/2023,2022-10-22,16,Burton_Albion,Cheltenham_Town,1,0,2.1123,0.3115,1,0
League One,2022/2023,2022-10-22,16,Bristol_Rovers,Plymouth_Argyle,2,2,2.0086,0.7453,1,0
League One,2022/2023,2022-10-22,16,Accrington_Stanley,Bolton_Wanderers,2,3,0.8049,1.8396,1,0
League One,2022/2023,2022-10-22,16,Lincoln_City,Sheffield_Wednesday,1,1,0.2021,1.177,1,0
League One,2022/2023,2022-10-22,16,Milton_Keynes_Dons,Wycombe_Wanderers,0,1,0.7138,0.8794,1,0
Championship,2022/2023,2022-10-22,17,Sunderland,Burnley,2,4,0.6998,0.7451,1,0
Championship,2022/2023,2022-10-22,17,Middlesbrough,Huddersfield_Town,0,0,0.6538,0.5584,1,0
Championship,2022/2023,2022-10-22,17,Stoke_City,Coventry_City,0,2,0.6651,0.847,1,0
Championship,2022/2023,2022-10-22,17,Rotherham_United,Hull_City,2,4,1.243,2.5346,1,0
Championship,2022/2023,2022-10-22,17,Reading,Bristol_City,2,0,1.489,0.2153,1,0
Championship,2022/2023,2022-10-22,17,Queens_Park_Rangers,Wigan_Athletic,2,1,0.7799,1.4435,1,0
Championship,2022/2023,2022-10-22,17,Millwall,West_Bromwich_Albion,2,1,1.1653,0.7876,1,0
Premier League,2022/2023,2022-10-23,13,Tottenham_Hotspur,Newcastle_United,1,2,1.6515,1.205,1,0
Premier League,2022/2023,2022-10-23,13,Wolverhampton_Wanderers,Leicester_City,0,4,2.1249,0.8915,1,0
Premier League,2022/2023,2022-10-23,13,Southampton,Arsenal,1,1,0.6738,0.9945,1,0
Premier League,2022/2023,2022-10-23,13,Leeds_United,Fulham,2,3,1.7102,1.8494,1,0
Premier League,2022/2023,2022-10-23,13,Aston_Villa,Brentford,4,0,2.8968,0.9459,1,0
Championship,2022/2023,2022-10-23,17,Swansea_City,Cardiff_City,2,0,1.5032,0.2071,1,0
Championship,2022/2023,2022-10-23,17,Watford,Luton_Town,4,0,2.3384,0.9823,1,0
Premier League,2022/2023,2022-10-24,13,West_Ham_United,AFC_Bournemouth,2,0,1.9019,0.3866,1,0
League One,2022/2023,2022-10-25,13,Charlton_Athletic,Milton_Keynes_Dons,0,2,0.397,1.2457,1,0
League One,2022/2023,2022-10-25,13,Barnsley,Lincoln_City,0,1,0.7926,0.6756,1,0
League One,2022/2023,2022-10-25,13,Derby_County,Exeter_City,0,0,0.4544,0.1893,1,0
Championship,2022/2023,2022-10-25,9,Burnley,Norwich_City,1,0,1.7131,0.8619,1,0
League One,2022/2023,2022-10-25,13,Cheltenham_Town,Morecambe,1,0,1.1932,0.1358,1,0
League One,2022/2023,2022-10-25,13,Fleetwood_Town,Forest_Green_Rovers,1,1,1.954,0.895,1,0
League One,2022/2023,2022-10-25,13,Peterborough_United,Accrington_Stanley,3,1,1.0954,1.2007,1,0
League One,2022/2023,2022-10-25,13,Plymouth_Argyle,Shrewsbury_Town,2,1,1.1774,1.0983,1,0
League One,2022/2023,2022-10-25,13,Port_Vale,Ipswich_Town,2,3,0.3746,2.446,1,0
League One,2022/2023,2022-10-25,13,Portsmouth,Oxford_United,1,1,1.1993,0.3603,1,0
League One,2022/2023,2022-10-25,13,Wycombe_Wanderers,Cambridge_United,2,3,2.0359,1.2394,1,0
League One,2022/2023,2022-10-25,13,Bolton_Wanderers,Burton_Albion,2,1,1.2788,0.9673,1,0
Championship,2022/2023,2022-10-25,2,Coventry_City,Rotherham_United,2,2,2.2163,1.6135,1,0
League One,2022/2023,2022-10-26,13,Sheffield_Wednesday,Bristol_Rovers,1,1,1.5667,1.0042,1,0
Championship,2022/2023,2022-10-28,18,Birmingham_City,Queens_Park_Rangers,2,0,0.6583,1.6904,1,0
League One,2022/2023,2022-10-29,17,Fleetwood_Town,Accrington_Stanley,3,0,0.6845,1.0283,1,0
Championship,2022/2023,2022-10-29,18,West_Bromwich_Albion,Sheffield_United,0,2,0.9072,1.324,1,0
Championship,2022/2023,2022-10-29,18,Luton_Town,Sunderland,1,1,1.2552,1.3588,1,0
Championship,2022/2023,2022-10-29,18,Hull_City,Blackburn_Rovers,0,1,0.5156,1.1143,1,0
League One,2022/2023,2022-10-29,17,Barnsley,Forest_Green_Rovers,2,0,2.6467,0.0957,1,0
League One,2022/2023,2022-10-29,17,Bolton_Wanderers,Oxford_United,1,3,0.9639,1.6137,1,0
League One,2022/2023,2022-10-29,17,Charlton_Athletic,Ipswich_Town,4,4,2.2663,1.5619,1,0
League One,2022/2023,2022-10-29,17,Cheltenham_Town,Milton_Keynes_Dons,0,0,1.0125,0.5522,1,0
League One,2022/2023,2022-10-29,17,Derby_County,Bristol_Rovers,4,2,1.6031,1.6249,1,0
Premier League,2022/2023,2022-10-29,14,Brighton_&_Hove_Albion,Chelsea,4,1,2.267,1.429,1,0
League One,2022/2023,2022-10-29,17,Peterborough_United,Cambridge_United,1,0,0.968,0.4946,1,0
League One,2022/2023,2022-10-29,17,Port_Vale,Lincoln_City,1,0,0.8977,0.2015,1,0
League One,2022/2023,2022-10-29,17,Portsmouth,Shrewsbury_Town,1,1,1.0754,0.3757,1,0
League One,2022/2023,2022-10-29,17,Sheffield_Wednesday,Burton_Albion,4,2,2.2917,0.5811,1,0
League One,2022/2023,2022-10-29,17,Wycombe_Wanderers,Morecambe,1,1,1.0909,1.8047,1,0
Premier League,2022/2023,2022-10-29,14,Brentford,Wolverhampton_Wanderers,1,1,1.4137,0.6086,1,0
Premier League,2022/2023,2022-10-29,14,AFC_Bournemouth,Tottenham_Hotspur,2,3,0.5361,2.0917,1,0
Premier League,2022/2023,2022-10-29,14,Leicester_City,Manchester_City,0,1,0.7053,1.0282,1,0
Championship,2022/2023,2022-10-29,18,Huddersfield_Town,Millwall,1,0,1.3064,0.876,1,0
Championship,2022/2023,2022-10-29,18,Coventry_City,Blackpool,1,2,1.2605,1.9803,1,0
Championship,2022/2023,2022-10-29,18,Cardiff_City,Rotherham_United,1,0,2.0899,0.1481,1,0
Championship,2022/2023,2022-10-29,18,Burnley,Reading,2,1,1.247,0.6316,1,0
Championship,2022/2023,2022-10-29,18,Preston_North_End,Middlesbrough,2,1,0.7196,1.2081,1,0
Championship,2022/2023,2022-10-29,18,Wigan_Athletic,Watford,0,1,0.7534,0.8564,1,0
Championship,2022/2023,2022-10-29,18,Norwich_City,Stoke_City,3,1,2.1173,1.6543,1,0
Premier League,2022/2023,2022-10-29,14,Fulham,Everton,0,0,1.9339,0.9374,1,0
Premier League,2022/2023,2022-10-29,14,Liverpool,Leeds_United,1,2,1.739,1.7723,1,0
Premier League,2022/2023,2022-10-29,14,Newcastle_United,Aston_Villa,4,0,3.443,0.3668,1,0
Premier League,2022/2023,2022-10-29,14,Crystal_Palace,Southampton,1,0,0.8917,1.3152,1,0
Championship,2022/2023,2022-10-29,18,Bristol_City,Swansea_City,1,1,0.8273,0.9523,1,0
Premier League,2022/2023,2022-10-30,14,Manchester_United,West_Ham_United,1,0,1.2359,1.0801,1,0
Premier League,2022/2023,2022-10-30,14,Arsenal,Nottingham_Forest,5,0,2.3023,0.4314,1,0
League One,2022/2023,2022-10-31,17,Plymouth_Argyle,Exeter_City,4,2,1.0719,1.1654,1,0
League One,2022/2023,2022-11-01,8,Lincoln_City,Accrington_Stanley,1,1,1.2033,0.4752,1,0
Championship,2022/2023,2022-11-01,19,Luton_Town,Reading,0,0,0.6907,0.9619,1,0
League One,2022/2023,2022-11-01,11,Oxford_United,Fleetwood_Town,1,1,1.5542,0.9975,1,0
League One,2022/2023,2022-11-01,8,Wycombe_Wanderers,Port_Vale,2,2,0.8804,1.2148,1,0
League One,2022/2023,2022-11-01,8,Morecambe,Derby_County,1,1,0.9308,3.1894,1,0
Championship,2022/2023,2022-11-01,19,West_Bromwich_Albion,Blackpool,1,0,1.2809,0.2708,1,0
Championship,2022/2023,2022-11-01,19,Hull_City,Middlesbrough,1,3,0.4751,0.8647,1,0
Championship,2022/2023,2022-11-01,19,Preston_North_End,Swansea_City,1,0,1.1435,1.1357,1,0
Championship,2022/2023,2022-11-01,19,Bristol_City,Sheffield_United,0,1,1.6163,0.9316,1,0
Championship,2022/2023,2022-11-01,19,Coventry_City,Blackburn_Rovers,1,0,1.6469,0.6822,1,0
Championship,2022/2023,2022-11-02,19,Wigan_Athletic,Stoke_City,0,1,0.9905,1.2234,1,0
Championship,2022/2023,2022-11-02,19,Norwich_City,Queens_Park_Rangers,0,0,1.7279,0.6292,1,0
Championship,2022/2023,2022-11-02,19,Huddersfield_Town,Sunderland,0,2,1.4235,1.1821,1,0
Championship,2022/2023,2022-11-02,19,Cardiff_City,Watford,1,2,0.8501,1.0141,1,0
Championship,2022/2023,2022-11-02,19,Burnley,Rotherham_United,3,2,3.4186,0.5965,1,0
Championship,2022/2023,2022-11-02,19,Birmingham_City,Millwall,0,0,0.3372,0.4287,1,0
Championship,2022/2023,2022-11-04,20,Reading,Preston_North_End,1,2,1.1641,0.9102,1,0
Premier League,2022/2023,2022-11-05,15,Leeds_United,AFC_Bournemouth,4,3,2.1608,1.4687,1,0
Premier League,2022/2023,2022-11-05,15,Manchester_City,Fulham,2,1,2.0808,0.9517,1,0
Premier League,2022/2023,2022-11-05,15,Nottingham_Forest,Brentford,2,2,1.4777,1.4563,1,0
Premier League,2022/2023,2022-11-05,15,Wolverhampton_Wanderers,Brighton_&_Hove_Albion,2,3,1.2271,1.5654,1,0
Championship,2022/2023,2022-11-05,20,Queens_Park_Rangers,West_Bromwich_Albion,0,1,0.619,1.713,1,0
Championship,2022/2023,2022-11-05,20,Millwall,Hull_City,0,0,1.9531,0.4441,1,0
Premier League,2022/2023,2022-11-05,15,Everton,Leicester_City,0,2,1.2392,2.3637,1,0
Championship,2022/2023,2022-11-05,20,Sheffield_United,Burnley,5,2,4.4073,1.2248,1,0
Championship,2022/2023,2022-11-05,20,Blackburn_Rovers,Huddersfield_Town,1,0,0.768,0.4322,1,0
Championship,2022/2023,2022-11-05,20,Blackpool,Luton_Town,0,1,1.7621,0.6593,1,0
Championship,2022/2023,2022-11-05,20,Middlesbrough,Bristol_City,1,1,1.7543,1.0316,1,0
Championship,2022/2023,2022-11-05,20,Watford,Coventry_City,0,1,1.4761,1.0125,1,0
Championship,2022/2023,2022-11-05,20,Swansea_City,Wigan_Athletic,2,2,2.0175,0.4902,1,0
Championship,2022/2023,2022-11-05,20,Sunderland,Cardiff_City,0,1,0.6716,1.9017,1,0
Championship,2022/2023,2022-11-05,20,Stoke_City,Birmingham_City,1,2,2.0349,0.7243,1,0
Championship,2022/2023,2022-11-05,20,Rotherham_United,Norwich_City,1,2,1.0591,2.0202,1,0
Premier League,2022/2023,2022-11-06,15,Southampton,Newcastle_United,1,4,1.7446,0.8598,1,0
Premier League,2022/2023,2022-11-06,15,Aston_Villa,Manchester_United,3,1,0.6611,0.5181,1,0
Premier League,2022/2023,2022-11-06,15,West_Ham_United,Crystal_Palace,1,2,0.2616,1.0216,1,0
Premier League,2022/2023,2022-11-06,15,Tottenham_Hotspur,Liverpool,1,2,1.2055,1.1843,1,0
Premier League,2022/2023,2022-11-06,15,Chelsea,Arsenal,0,1,0.2915,2.2536,1,0
Championship,2022/2023,2022-11-08,9,Sheffield_United,Rotherham_United,0,1,1.0219,0.5661,1,0
Championship,2022/2023,2022-11-08,9,Watford,Reading,2,0,2.2923,0.3243,1,0
Championship,2022/2023,2022-11-08,9,Stoke_City,Luton_Town,2,0,0.5924,2.0155,1,0
Championship,2022/2023,2022-11-08,9,Queens_Park_Rangers,Huddersfield_Town,1,2,2.4798,1.3262,1,0
Championship,2022/2023,2022-11-08,9,Cardiff_City,Hull_City,2,3,0.7753,1.5744,1,0
Championship,2022/2023,2022-11-08,9,Blackpool,Middlesbrough,0,3,0.3324,3.3655,1,0
Championship,2022/2023,2022-11-08,4,Coventry_City,Wigan_Athletic,2,0,1.0763,0.5357,1,0
Championship,2022/2023,2022-11-08,9,Birmingham_City,Swansea_City,2,2,1.6159,0.6496,1,0
League One,2022/2023,2022-11-09,8,Shrewsbury_Town,Oxford_United,1,1,0.8209,0.7834,1,0
Championship,2022/2023,2022-11-11,21,Birmingham_City,Sunderland,1,2,1.4751,0.6096,1,0
League One,2022/2023,2022-11-12,18,Shrewsbury_Town,Barnsley,0,1,0.4395,0.732,1,0
League One,2022/2023,2022-11-12,18,Oxford_United,Port_Vale,4,0,1.874,0.7401,1,0
Championship,2022/2023,2022-11-12,21,West_Bromwich_Albion,Stoke_City,2,0,1.4733,0.7814,1,0
League One,2022/2023,2022-11-12,18,Morecambe,Portsmouth,1,1,1.8988,1.322,1,0
League One,2022/2023,2022-11-12,18,Milton_Keynes_Dons,Derby_County,1,3,1.5831,0.8068,1,0
Championship,2022/2023,2022-11-12,21,Bristol_City,Watford,0,0,1.1757,0.0717,1,0
Championship,2022/2023,2022-11-12,21,Cardiff_City,Sheffield_United,0,1,0.8807,0.8998,1,0
Championship,2022/2023,2022-11-12,21,Coventry_City,Queens_Park_Rangers,2,0,1.3885,0.7976,1,0
Championship,2022/2023,2022-11-12,21,Huddersfield_Town,Swansea_City,0,0,1.2813,0.8957,1,0
Championship,2022/2023,2022-11-12,21,Hull_City,Reading,1,2,0.6847,0.7489,1,0
Championship,2022/2023,2022-11-12,21,Luton_Town,Rotherham_United,1,1,1.4461,0.4349,1,0
League One,2022/2023,2022-11-12,18,Lincoln_City,Plymouth_Argyle,1,1,1.0905,0.8563,1,0
Championship,2022/2023,2022-11-12,21,Preston_North_End,Millwall,2,4,1.4023,1.1006,1,0
Championship,2022/2023,2022-11-12,21,Wigan_Athletic,Blackpool,2,1,1.2138,0.2761,1,0
Championship,2022/2023,2022-11-12,21,Norwich_City,Middlesbrough,1,2,0.9613,0.9885,1,0
League One,2022/2023,2022-11-12,18,Accrington_Stanley,Sheffield_Wednesday,0,1,0.6038,1.6438,1,0
League One,2022/2023,2022-11-12,18,Bristol_Rovers,Fleetwood_Town,2,2,1.2699,1.0963,1,0
Premier League,2022/2023,2022-11-12,16,Wolverhampton_Wanderers,Arsenal,0,2,0.6793,2.1115,1,0
Premier League,2022/2023,2022-11-12,16,Newcastle_United,Chelsea,1,0,1.029,0.2957,1,0
League One,2022/2023,2022-11-12,18,Ipswich_Town,Cheltenham_Town,1,1,2.7324,0.2693,1,0
Premier League,2022/2023,2022-11-12,16,West_Ham_United,Leicester_City,0,2,1.4004,1.776,1,0
Premier League,2022/2023,2022-11-12,16,Tottenham_Hotspur,Leeds_United,4,3,1.8012,1.0988,1,0
Premier League,2022/2023,2022-11-12,16,Nottingham_Forest,Crystal_Palace,1,0,1.1389,1.2307,1,0
Premier League,2022/2023,2022-11-12,16,Liverpool,Southampton,3,1,1.9469,1.0531,1,0
Premier League,2022/2023,2022-11-12,16,AFC_Bournemouth,Everton,3,0,2.4548,0.8274,1,0
Premier League,2022/2023,2022-11-12,16,Manchester_City,Brentford,1,2,1.6078,1.2862,1,0
League One,2022/2023,2022-11-12,18,Forest_Green_Rovers,Wycombe_Wanderers,0,2,0.9403,1.1154,1,0
League One,2022/2023,2022-11-12,18,Burton_Albion,Charlton_Athletic,3,3,1.731,0.7773,1,0
League One,2022/2023,2022-11-12,18,Cambridge_United,Bolton_Wanderers,0,0,0.5571,0.5245,1,0
League One,2022/2023,2022-11-12,18,Exeter_City,Peterborough_United,3,2,1.553,0.691,1,0
Premier League,2022/2023,2022-11-13,16,Fulham,Manchester_United,1,2,1.37,2.5908,1,0
Championship,2022/2023,2022-11-13,21,Burnley,Blackburn_Rovers,3,0,2.4977,0.1098,1,0
Premier League,2022/2023,2022-11-13,16,Brighton_&_Hove_Albion,Aston_Villa,1,2,0.656,1.4882,1,0
League One,2022/2023,2022-11-18,19,Portsmouth,Derby_County,0,0,0.6369,1.0391,1,0
League One,2022/2023,2022-11-19,19,Bristol_Rovers,Peterborough_United,1,0,1.3904,0.4761,1,0
League One,2022/2023,2022-11-19,19,Exeter_City,Ipswich_Town,0,2,0.6164,1.7458,1,0
League One,2022/2023,2022-11-19,19,Barnsley,Milton_Keynes_Dons,3,1,1.2638,0.3377,1,0
League One,2022/2023,2022-11-19,19,Burton_Albion,Plymouth_Argyle,2,2,1.1696,1.1696,1,0
League One,2022/2023,2022-11-19,19,Sheffield_Wednesday,Shrewsbury_Town,1,0,1.4737,0.4081,1,0
League One,2022/2023,2022-11-19,19,Cheltenham_Town,Wycombe_Wanderers,1,0,0.6994,0.7114,1,0
League One,2022/2023,2022-11-19,19,Fleetwood_Town,Bolton_Wanderers,1,2,0.7782,2.0258,1,0
League One,2022/2023,2022-11-19,19,Lincoln_City,Morecambe,2,1,2.2954,0.9344,1,0
League One,2022/2023,2022-11-19,19,Oxford_United,Forest_Green_Rovers,1,1,0.9913,1.5178,1,0
League One,2022/2023,2022-11-19,19,Port_Vale,Charlton_Athletic,1,0,0.5876,0.3775,1,0
League One,2022/2023,2022-11-19,19,Cambridge_United,Accrington_Stanley,0,1,0.1921,0.6265,1,0
League One,2022/2023,2022-12-02,20,Bolton_Wanderers,Bristol_Rovers,1,1,1.3278,0.8473,1,0
League One,2022/2023,2022-12-02,20,Ipswich_Town,Fleetwood_Town,1,1,1.5847,0.3675,1,0
League One,2022/2023,2022-12-02,20,Morecambe,Exeter_City,1,1,0.6341,1.7075,1,0
League One,2022/2023,2022-12-02,20,Plymouth_Argyle,Port_Vale,0,2,1.5374,0.9634,1,0
League One,2022/2023,2022-12-02,20,Charlton_Athletic,Cheltenham_Town,0,1,0.4807,1.0776,1,0
League One,2022/2023,2022-12-02,20,Peterborough_United,Barnsley,1,2,1.2404,0.1905,1,0
League One,2022/2023,2022-12-03,20,Milton_Keynes_Dons,Burton_Albion,1,1,1.0894,1.1936,1,0
League One,2022/2023,2022-12-03,20,Shrewsbury_Town,Lincoln_City,2,0,1.9432,0.6099,1,0
League One,2022/2023,2022-12-03,20,Forest_Green_Rovers,Cambridge_United,2,1,1.6554,0.3682,1,0
League One,2022/2023,2022-12-03,20,Accrington_Stanley,Oxford_United,1,1,0.6662,1.3025,1,0
League One,2022/2023,2022-12-03,20,Derby_County,Sheffield_Wednesday,0,0,0.6314,0.4761,1,0
Championship,2022/2023,2022-12-03,9,Sunderland,Millwall,3,0,1.9984,1.058,1,0
League One,2022/2023,2022-12-04,20,Wycombe_Wanderers,Portsmouth,2,0,1.4868,0.4576,1,0
Championship,2022/2023,2022-12-10,22,Middlesbrough,Luton_Town,2,1,1.6947,0.2425,1,0
Championship,2022/2023,2022-12-10,22,Reading,Coventry_City,1,0,0.6614,1.0545,1,0
Championship,2022/2023,2022-12-10,22,Rotherham_United,Bristol_City,1,3,1.4888,1.4757,1,0
Championship,2022/2023,2022-12-10,22,Blackburn_Rovers,Preston_North_End,1,4,0.619,2.3284,1,0
League One,2022/2023,2022-12-10,21,Ipswich_Town,Peterborough_United,2,1,0.6397,0.7182,1,0
League One,2022/2023,2022-12-10,21,Shrewsbury_Town,Bolton_Wanderers,3,2,0.9977,1.4582,1,0
League One,2022/2023,2022-12-10,21,Bristol_Rovers,Port_Vale,1,0,0.4516,0.4899,1,0
League One,2022/2023,2022-12-10,21,Forest_Green_Rovers,Cheltenham_Town,1,0,0.9064,0.218,1,0
Championship,2022/2023,2022-12-10,22,Blackpool,Birmingham_City,0,0,0.6016,1.4542,1,0
League One,2022/2023,2022-12-10,21,Cambridge_United,Plymouth_Argyle,0,0,1.168,0.6656,1,0
League One,2022/2023,2022-12-10,21,Exeter_City,Sheffield_Wednesday,1,1,0.3066,0.6296,1,0
League One,2022/2023,2022-12-10,21,Lincoln_City,Wycombe_Wanderers,0,0,0.5414,0.3194,1,0
League One,2022/2023,2022-12-10,21,Milton_Keynes_Dons,Fleetwood_Town,1,2,1.6206,0.4322,1,0
League One,2022/2023,2022-12-10,21,Burton_Albion,Derby_County,1,1,0.9434,1.2015,1,0
Championship,2022/2023,2022-12-10,22,Sheffield_United,Huddersfield_Town,1,0,1.5369,0.2472,1,0
Championship,2022/2023,2022-12-10,22,Millwall,Wigan_Athletic,1,1,1.005,0.6423,1,0
Championship,2022/2023,2022-12-10,22,Swansea_City,Norwich_City,0,1,1.8528,0.6807,1,0
Championship,2022/2023,2022-12-10,22,Stoke_City,Cardiff_City,2,2,0.84,0.7058,1,0
Championship,2022/2023,2022-12-11,22,Queens_Park_Rangers,Burnley,0,3,0.8811,1.0769,1,0
Championship,2022/2023,2022-12-11,22,Watford,Hull_City,0,0,1.5457,0.6585,1,0
Championship,2022/2023,2022-12-12,22,Sunderland,West_Bromwich_Albion,1,2,1.4616,0.6739,1,0
Championship,2022/2023,2022-12-16,23,Birmingham_City,Reading,3,2,2.03,2.388,1,0
League One,2022/2023,2022-12-17,22,Portsmouth,Milton_Keynes_Dons,0,2,1.6948,1.0176,1,0
League One,2022/2023,2022-12-17,22,Plymouth_Argyle,Morecambe,2,1,3.0467,0.3211,1,0
League One,2022/2023,2022-12-17,22,Derby_County,Forest_Green_Rovers,4,0,2.6666,0.2458,1,0
League One,2022/2023,2022-12-17,22,Charlton_Athletic,Bristol_Rovers,1,2,0.7974,0.7658,1,0
League One,2022/2023,2022-12-17,22,Bolton_Wanderers,Exeter_City,2,0,1.2992,0.1334,1,0
League One,2022/2023,2022-12-17,22,Barnsley,Burton_Albion,2,0,2.1416,0.3563,1,0
Championship,2022/2023,2022-12-17,23,Norwich_City,Blackburn_Rovers,0,2,1.2477,0.4115,1,0
Championship,2022/2023,2022-12-17,23,West_Bromwich_Albion,Rotherham_United,3,0,2.5845,0.3109,1,0
Championship,2022/2023,2022-12-17,23,Hull_City,Sunderland,1,1,2.2238,0.6428,1,0
Championship,2022/2023,2022-12-17,23,Huddersfield_Town,Watford,0,2,1.0577,1.3358,1,0
Championship,2022/2023,2022-12-17,23,Coventry_City,Swansea_City,3,3,1.2233,2.737,1,0
Championship,2022/2023,2022-12-17,23,Cardiff_City,Blackpool,1,1,1.523,0.5206,1,0
Championship,2022/2023,2022-12-17,23,Burnley,Middlesbrough,3,1,0.9219,0.9541,1,0
Championship,2022/2023,2022-12-17,23,Bristol_City,Stoke_City,1,2,1.6868,0.5956,1,0
League One,2022/2023,2022-12-17,22,Wycombe_Wanderers,Ipswich_Town,1,0,0.553,1.0342,1,0
Championship,2022/2023,2022-12-17,23,Preston_North_End,Queens_Park_Rangers,0,1,1.2026,1.2131,1,0
League One,2022/2023,2022-12-17,22,Sheffield_Wednesday,Oxford_United,0,0,1.0037,1.8344,1,0
Championship,2022/2023,2022-12-19,23,Wigan_Athletic,Sheffield_United,1,2,1.0256,0.9912,1,0
Championship,2022/2023,2022-12-21,9,Coventry_City,West_Bromwich_Albion,1,0,2.4737,0.7347,1,0
League One,2022/2023,2022-12-26,23,Fleetwood_Town,Sheffield_Wednesday,1,2,1.1599,1.0662,1,0
League One,2022/2023,2022-12-26,23,Accrington_Stanley,Barnsley,1,1,1.0175,1.8625,1,0
Championship,2022/2023,2022-12-26,24,Rotherham_United,Stoke_City,2,2,0.9898,2.8329,1,0
League One,2022/2023,2022-12-26,23,Cambridge_United,Shrewsbury_Town,2,1,0.7438,0.9687,1,0
Championship,2022/2023,2022-12-26,24,Hull_City,Blackpool,1,1,1.4105,1.1576,1,0
Championship,2022/2023,2022-12-26,24,Bristol_City,West_Bromwich_Albion,0,2,0.8873,1.7102,1,0
Championship,2022/2023,2022-12-26,24,Sunderland,Blackburn_Rovers,2,1,1.9992,0.6139,1,0
Championship,2022/2023,2022-12-26,24,Watford,Millwall,0,2,0.5353,1.3678,1,0
Premier League,2022/2023,2022-12-26,17,Brentford,Tottenham_Hotspur,2,2,2.1526,1.0686,1,0
Premier League,2022/2023,2022-12-26,17,Crystal_Palace,Fulham,0,3,0.3998,2.6484,1,0
Premier League,2022/2023,2022-12-26,17,Everton,Wolverhampton_Wanderers,1,2,1.7391,0.7843,1,0
Premier League,2022/2023,2022-12-26,17,Leicester_City,Newcastle_United,0,3,0.5162,1.902,1,0
Premier League,2022/2023,2022-12-26,17,Southampton,Brighton_&_Hove_Albion,1,3,1.914,0.6408,1,0
Premier League,2022/2023,2022-12-26,17,Aston_Villa,Liverpool,1,3,1.4355,2.7065,1,0
Premier League,2022/2023,2022-12-26,17,Arsenal,West_Ham_United,3,1,2.2017,1.0381,1,0
Championship,2022/2023,2022-12-26,24,Sheffield_United,Coventry_City,3,1,2.0787,1.5338,1,0
Championship,2022/2023,2022-12-26,24,Cardiff_City,Queens_Park_Rangers,0,0,0.8521,0.4418,1,0
Championship,2022/2023,2022-12-26,24,Luton_Town,Norwich_City,2,1,2.0323,1.3471,1,0
League One,2022/2023,2022-12-26,23,Wycombe_Wanderers,Bristol_Rovers,2,1,1.3298,1.9722,1,0
League One,2022/2023,2022-12-26,23,Port_Vale,Morecambe,1,0,0.254,0.3817,1,0
League One,2022/2023,2022-12-26,23,Milton_Keynes_Dons,Forest_Green_Rovers,1,0,0.7066,1.9068,1,0
League One,2022/2023,2022-12-26,23,Ipswich_Town,Oxford_United,3,0,1.0277,0.4244,1,0
League One,2022/2023,2022-12-26,23,Exeter_City,Portsmouth,0,0,1.2068,0.8367,1,0
League One,2022/2023,2022-12-26,23,Cheltenham_Town,Plymouth_Argyle,0,1,1.1894,0.5664,1,0
League One,2022/2023,2022-12-26,23,Charlton_Athletic,Peterborough_United,1,1,1.4773,1.7635,1,0
League One,2022/2023,2022-12-26,23,Burton_Albion,Lincoln_City,3,0,1.7242,0.3321,1,0
Championship,2022/2023,2022-12-26,24,Middlesbrough,Wigan_Athletic,4,1,2.1282,1.3662,1,0
Championship,2022/2023,2022-12-26,24,Preston_North_End,Huddersfield_Town,1,2,0.8964,1.2217,1,0
Premier League,2022/2023,2022-12-27,17,Chelsea,AFC_Bournemouth,2,0,1.8413,0.5369,1,0
Championship,2022/2023,2022-12-27,24,Burnley,Birmingham_City,3,0,1.4553,0.1629,1,0
League One,2022/2023,2022-12-27,23,Bolton_Wanderers,Derby_County,0,0,0.8332,0.6064,1,0
Premier League,2022/2023,2022-12-27,17,Manchester_United,Nottingham_Forest,3,0,2.4966,0.7107,1,0
Championship,2022/2023,2022-12-27,24,Reading,Swansea_City,2,1,1.3026,2.75,1,0
Premier League,2022/2023,2022-12-28,17,Leeds_United,Manchester_City,1,3,0.5843,4.4137,1,0
Championship,2022/2023,2022-12-29,25,Coventry_City,Cardiff_City,0,0,0.9977,0.1624,1,0
Championship,2022/2023,2022-12-29,25,West_Bromwich_Albion,Preston_North_End,2,0,1.5185,0.5584,1,0
Championship,2022/2023,2022-12-29,25,Blackpool,Sheffield_United,1,2,1.4132,1.0428,1,0
League One,2022/2023,2022-12-29,24,Sheffield_Wednesday,Port_Vale,2,0,1.3775,0.5144,1,0
League One,2022/2023,2022-12-29,24,Portsmouth,Ipswich_Town,2,2,0.6272,1.5689,1,0
League One,2022/2023,2022-12-29,24,Peterborough_United,Milton_Keynes_Dons,2,0,2.3897,0.1268,1,0
Championship,2022/2023,2022-12-29,25,Wigan_Athletic,Sunderland,1,4,0.7888,2.0885,1,0
League One,2022/2023,2022-12-29,24,Oxford_United,Charlton_Athletic,3,1,2.1421,0.876,1,0
League One,2022/2023,2022-12-29,24,Morecambe,Accrington_Stanley,2,0,1.0285,1.0164,1,0
League One,2022/2023,2022-12-29,24,Forest_Green_Rovers,Burton_Albion,1,2,1.4793,1.0924,1,0
League One,2022/2023,2022-12-29,24,Bristol_Rovers,Exeter_City,3,4,1.9037,2.3643,1,0
League One,2022/2023,2022-12-29,24,Barnsley,Fleetwood_Town,2,1,1.0736,0.8388,1,0
League One,2022/2023,2022-12-29,24,Plymouth_Argyle,Wycombe_Wanderers,1,0,1.7721,1.2206,1,0
Championship,2022/2023,2022-12-29,25,Millwall,Bristol_City,0,0,0.5853,0.8725,1,0
Championship,2022/2023,2022-12-29,25,Huddersfield_Town,Rotherham_United,2,0,0.6678,0.627,1,0
Championship,2022/2023,2022-12-29,25,Blackburn_Rovers,Middlesbrough,1,2,0.7925,0.9071,1,0
Championship,2022/2023,2022-12-29,25,Queens_Park_Rangers,Luton_Town,0,3,1.1469,0.8825,1,0
League One,2022/2023,2022-12-29,24,Shrewsbury_Town,Cheltenham_Town,0,1,0.6116,0.3707,1,0
League One,2022/2023,2022-12-30,24,Derby_County,Cambridge_United,1,0,1.2078,0.3738,1,0
League One,2022/2023,2022-12-30,24,Lincoln_City,Bolton_Wanderers,1,1,0.5445,0.4931,1,0
Premier League,2022/2023,2022-12-30,18,West_Ham_United,Brentford,0,2,1.295,1.7068,1,0
Premier League,2022/2023,2022-12-30,18,Liverpool,Leicester_City,2,1,2.247,0.9918,1,0
Championship,2022/2023,2022-12-30,25,Birmingham_City,Hull_City,0,1,0.6496,1.2956,1,0
Championship,2022/2023,2022-12-30,25,Norwich_City,Reading,1,1,0.9733,1.4411,1,0
Championship,2022/2023,2022-12-30,25,Stoke_City,Burnley,0,1,0.76,0.481,1,0
Championship,2022/2023,2022-12-30,25,Swansea_City,Watford,4,0,1.5516,0.6303,1,0
Premier League,2022/2023,2022-12-31,18,Brighton_&_Hove_Albion,Arsenal,2,4,1.1702,2.9274,1,0
Premier League,2022/2023,2022-12-31,18,Newcastle_United,Leeds_United,0,0,2.1771,0.3828,1,0
Premier League,2022/2023,2022-12-31,18,Wolverhampton_Wanderers,Manchester_United,0,1,0.6675,1.9731,1,0
Premier League,2022/2023,2022-12-31,18,Fulham,Southampton,2,1,1.5194,0.8625,1,0
Premier League,2022/2023,2022-12-31,18,AFC_Bournemouth,Crystal_Palace,0,2,0.5625,1.5941,1,0
Premier League,2022/2023,2022-12-31,18,Manchester_City,Everton,1,1,1.7852,0.0945,1,0
League One,2022/2023,2023-01-01,25,Forest_Green_Rovers,Port_Vale,1,3,0.7657,1.8944,1,0
League One,2022/2023,2023-01-01,25,Morecambe,Burton_Albion,5,0,2.3173,0.6911,1,0
League One,2022/2023,2023-01-01,25,Oxford_United,Exeter_City,0,1,1.2878,1.9698,1,0
League One,2022/2023,2023-01-01,25,Bristol_Rovers,Cheltenham_Town,2,1,0.7025,1.4718,1,0
League One,2022/2023,2023-01-01,25,Portsmouth,Charlton_Athletic,1,3,0.7914,0.9717,1,0
Championship,2022/2023,2023-01-01,26,Coventry_City,Bristol_City,1,1,1.8995,1.3971,1,0
League One,2022/2023,2023-01-01,25,Peterborough_United,Wycombe_Wanderers,0,3,1.4817,1.3599,1,0
Premier League,2022/2023,2023-01-01,18,Nottingham_Forest,Chelsea,1,1,1.4309,0.9449,1,0
Premier League,2022/2023,2023-01-01,18,Tottenham_Hotspur,Aston_Villa,0,2,0.6583,1.0426,1,0
Championship,2022/2023,2023-01-01,26,Blackburn_Rovers,Cardiff_City,1,0,0.7553,0.41,1,0
Championship,2022/2023,2023-01-01,26,Blackpool,Sunderland,1,1,0.515,2.8241,1,0
League One,2022/2023,2023-01-01,25,Shrewsbury_Town,Fleetwood_Town,0,3,0.3114,2.0483,1,0
Championship,2022/2023,2023-01-01,26,Huddersfield_Town,Luton_Town,1,2,0.5307,0.9811,1,0
Championship,2022/2023,2023-01-01,26,Millwall,Rotherham_United,3,0,3.2032,0.5154,1,0
League One,2022/2023,2023-01-01,25,Plymouth_Argyle,Milton_Keynes_Dons,3,1,1.3133,0.6314,1,0
Championship,2022/2023,2023-01-02,26,Norwich_City,Watford,0,1,0.7335,2.2108,1,0
Championship,2022/2023,2023-01-02,26,Swansea_City,Burnley,1,2,0.9909,0.5462,1,0
Championship,2022/2023,2023-01-02,26,West_Bromwich_Albion,Reading,1,0,0.7315,0.4388,1,0
Championship,2022/2023,2023-01-02,26,Wigan_Athletic,Hull_City,1,4,0.4673,2.2678,1,0
League One,2022/2023,2023-01-02,25,Derby_County,Accrington_Stanley,4,0,3.124,0.2182,1,0
League One,2022/2023,2023-01-02,25,Lincoln_City,Ipswich_Town,1,1,0.8825,1.5334,1,0
League One,2022/2023,2023-01-02,25,Sheffield_Wednesday,Cambridge_United,5,0,3.0209,0.7869,1,0
Championship,2022/2023,2023-01-02,26,Stoke_City,Preston_North_End,0,1,1.008,0.5969,1,0
Championship,2022/2023,2023-01-02,26,Queens_Park_Rangers,Sheffield_United,1,1,1.2001,1.4182,1,0
Premier League,2022/2023,2023-01-02,19,Brentford,Liverpool,3,1,1.649,0.9048,1,0
Championship,2022/2023,2023-01-02,26,Birmingham_City,Middlesbrough,1,3,0.9445,3.4005,1,0
League One,2022/2023,2023-01-02,25,Barnsley,Bolton_Wanderers,0,3,0.3745,2.138,1,0
Premier League,2022/2023,2023-01-03,19,Manchester_United,AFC_Bournemouth,3,0,2.2575,0.5756,1,0
Premier League,2022/2023,2023-01-03,19,Leicester_City,Fulham,0,1,1.7001,1.6847,1,0
Premier League,2022/2023,2023-01-03,19,Everton,Brighton_&_Hove_Albion,1,4,1.2872,2.1725,1,0
Premier League,2022/2023,2023-01-03,19,Arsenal,Newcastle_United,0,0,1.1176,1.0618,1,0
Premier League,2022/2023,2023-01-04,19,Crystal_Palace,Tottenham_Hotspur,0,4,0.8259,1.3868,1,0
Premier League,2022/2023,2023-01-04,19,Southampton,Nottingham_Forest,0,1,0.4894,1.3973,1,0
Premier League,2022/2023,2023-01-04,19,Aston_Villa,Wolverhampton_Wanderers,1,1,1.792,1.0069,1,0
Premier League,2022/2023,2023-01-04,19,Leeds_United,West_Ham_United,2,2,1.6216,1.4263,1,0
Premier League,2022/2023,2023-01-05,19,Chelsea,Manchester_City,0,1,0.4113,1.9962,1,0
League One,2022/2023,2023-01-07,26,Cambridge_United,Bristol_Rovers,1,2,0.7182,1.0007,1,0
League One,2022/2023,2023-01-07,26,Charlton_Athletic,Lincoln_City,2,1,2.0679,0.8666,1,0
League One,2022/2023,2023-01-07,38,Bolton_Wanderers,Plymouth_Argyle,0,0,1.2454,0.1745,1,0
League One,2022/2023,2023-01-07,43,Morecambe,Cheltenham_Town,2,1,1.1745,0.9083,1,0
Premier League,2022/2023,2023-01-12,7,Fulham,Chelsea,2,1,0.9829,2.1741,1,0
Premier League,2022/2023,2023-01-13,20,Aston_Villa,Leeds_United,2,1,1.2383,2.3618,1,0
Championship,2022/2023,2023-01-14,27,Hull_City,Huddersfield_Town,1,1,1.0299,1.6132,1,0
Championship,2022/2023,2023-01-14,27,Luton_Town,West_Bromwich_Albion,2,3,0.5781,2.1769,1,0
Championship,2022/2023,2023-01-14,27,Sunderland,Swansea_City,1,3,0.8494,1.8973,1,0
Championship,2022/2023,2023-01-14,27,Preston_North_End,Norwich_City,0,4,1.5229,3.5667,1,0
Championship,2022/2023,2023-01-14,27,Reading,Queens_Park_Rangers,2,2,1.5504,2.0465,1,0
Premier League,2022/2023,2023-01-14,20,Brentford,AFC_Bournemouth,2,0,1.396,0.5988,1,0
Premier League,2022/2023,2023-01-14,20,Everton,Southampton,1,2,1.3737,1.1938,1,0
Championship,2022/2023,2023-01-14,27,Watford,Blackpool,2,0,1.7835,0.3584,1,0
Championship,2022/2023,2023-01-14,27,Middlesbrough,Millwall,1,0,0.4721,0.6142,1,0
Championship,2022/2023,2023-01-14,27,Sheffield_United,Stoke_City,3,1,1.1079,0.3608,1,0
League One,2022/2023,2023-01-14,27,Cheltenham_Town,Derby_County,2,3,1.2363,0.9147,1,0
Championship,2022/2023,2023-01-14,27,Rotherham_United,Blackburn_Rovers,4,0,0.4518,0.923,1,0
Premier League,2022/2023,2023-01-14,20,Manchester_United,Manchester_City,2,1,1.7173,0.65,1,0
Premier League,2022/2023,2023-01-14,20,Brighton_&_Hove_Albion,Liverpool,3,0,1.9368,1.0459,1,0
Premier League,2022/2023,2023-01-14,20,Nottingham_Forest,Leicester_City,2,0,2.3607,1.0202,1,0
Championship,2022/2023,2023-01-14,27,Bristol_City,Birmingham_City,4,2,2.838,2.732,1,0
Championship,2022/2023,2023-01-14,27,Burnley,Coventry_City,1,0,0.6244,1.014,1,0
Championship,2022/2023,2023-01-14,27,Cardiff_City,Wigan_Athletic,1,1,1.0164,2.0773,1,0
League One,2022/2023,2023-01-14,27,Accrington_Stanley,Bristol_Rovers,2,0,1.0756,0.459,1,0
League One,2022/2023,2023-01-14,27,Bolton_Wanderers,Portsmouth,3,0,1.0648,0.8075,1,0
League One,2022/2023,2023-01-14,27,Burton_Albion,Shrewsbury_Town,0,4,0.7032,1.7385,1,0
League One,2022/2023,2023-01-14,27,Charlton_Athletic,Barnsley,2,0,1.9742,0.9176,1,0
League One,2022/2023,2023-01-14,27,Exeter_City,Forest_Green_Rovers,1,1,1.7931,1.3725,1,0
League One,2022/2023,2023-01-14,27,Fleetwood_Town,Oxford_United,1,2,1.9443,0.8681,1,0
League One,2022/2023,2023-01-14,27,Ipswich_Town,Plymouth_Argyle,1,1,0.8835,0.7454,1,0
League One,2022/2023,2023-01-14,27,Milton_Keynes_Dons,Lincoln_City,0,0,0.1726,0.1786,1,0
League One,2022/2023,2023-01-14,27,Wycombe_Wanderers,Sheffield_Wednesday,0,1,0.2894,0.5074,1,0
Premier League,2022/2023,2023-01-14,20,Wolverhampton_Wanderers,West_Ham_United,1,0,0.8796,1.0802,1,0
Premier League,2022/2023,2023-01-15,20,Chelsea,Crystal_Palace,1,0,1.5175,0.67,1,0
Premier League,2022/2023,2023-01-15,20,Newcastle_United,Fulham,1,0,2.3556,1.1144,1,0
Premier League,2022/2023,2023-01-15,20,Tottenham_Hotspur,Arsenal,0,2,1.604,1.8495,1,0
League One,2022/2023,2023-01-16,27,Port_Vale,Peterborough_United,0,2,0.9158,1.6204,1,0
Premier League,2022/2023,2023-01-18,7,Crystal_Palace,Manchester_United,1,1,0.5294,2.0832,1,0
Premier League,2022/2023,2023-01-19,7,Manchester_City,Tottenham_Hotspur,4,2,2.3699,0.8102,1,0
Championship,2022/2023,2023-01-20,28,Sheffield_United,Hull_City,1,0,1.9683,0.725,1,0
Championship,2022/2023,2023-01-20,28,Burnley,West_Bromwich_Albion,2,1,1.7781,0.9568,1,0
Championship,2022/2023,2023-01-21,28,Stoke_City,Reading,4,0,1.9724,0.4324,1,0
Championship,2022/2023,2023-01-21,28,Cardiff_City,Millwall,0,1,1.3732,1.3671,1,0
Championship,2022/2023,2023-01-21,28,Queens_Park_Rangers,Swansea_City,1,1,1.3739,1.2319,1,0
Championship,2022/2023,2023-01-21,28,Watford,Rotherham_United,1,1,1.964,1.2808,1,0
Championship,2022/2023,2023-01-21,28,Wigan_Athletic,Luton_Town,0,2,0.4804,0.8085,1,0
League One,2022/2023,2023-01-21,28,Sheffield_Wednesday,Fleetwood_Town,1,0,2.5392,0.5605,1,0
Premier League,2022/2023,2023-01-21,21,Leicester_City,Brighton_&_Hove_Albion,2,2,0.9936,2.1392,1,0
Premier League,2022/2023,2023-01-21,21,West_Ham_United,Everton,2,0,2.2739,0.5514,1,0
Premier League,2022/2023,2023-01-21,21,Southampton,Aston_Villa,0,1,0.5754,1.368,1,0
Premier League,2022/2023,2023-01-21,21,AFC_Bournemouth,Nottingham_Forest,1,1,1.4151,1.9344,1,0
Premier League,2022/2023,2023-01-21,21,Liverpool,Chelsea,0,0,1.4019,1.6548,1,0
League One,2022/2023,2023-01-21,28,Portsmouth,Exeter_City,2,0,1.1319,0.5038,1,0
Premier League,2022/2023,2023-01-21,21,Crystal_Palace,Newcastle_United,0,0,0.3001,1.2532,1,0
Championship,2022/2023,2023-01-21,28,Bristol_City,Blackburn_Rovers,1,1,1.3736,1.1493,1,0
League One,2022/2023,2023-01-21,28,Plymouth_Argyle,Cheltenham_Town,4,2,1.856,0.8138,1,0
Championship,2022/2023,2023-01-21,28,Coventry_City,Norwich_City,2,4,0.7218,1.7434,1,0
League One,2022/2023,2023-01-21,28,Shrewsbury_Town,Cambridge_United,5,1,2.0285,0.4093,1,0
League One,2022/2023,2023-01-21,28,Oxford_United,Ipswich_Town,2,1,0.7701,1.2328,1,0
League One,2022/2023,2023-01-21,28,Forest_Green_Rovers,Milton_Keynes_Dons,1,2,0.7844,0.6047,1,0
League One,2022/2023,2023-01-21,28,Derby_County,Bolton_Wanderers,2,1,0.7924,0.3142,1,0
League One,2022/2023,2023-01-21,28,Barnsley,Accrington_Stanley,3,1,1.2746,0.4874,1,0
Championship,2022/2023,2023-01-21,28,Birmingham_City,Preston_North_End,1,2,1.2972,0.4129,1,0
Premier League,2022/2023,2023-01-22,21,Leeds_United,Brentford,0,0,0.4946,0.4004,1,0
Premier League,2022/2023,2023-01-22,21,Arsenal,Manchester_United,3,2,3.2493,0.3575,1,0
Premier League,2022/2023,2023-01-22,21,Manchester_City,Wolverhampton_Wanderers,3,0,2.7772,0.7924,1,0
Championship,2022/2023,2023-01-22,28,Sunderland,Middlesbrough,2,0,3.0962,0.6196,1,0
Premier League,2022/2023,2023-01-23,21,Fulham,Tottenham_Hotspur,0,1,0.9931,0.9111,1,0
League One,2022/2023,2023-01-24,26,Ipswich_Town,Morecambe,4,0,1.9254,0.141,1,0
League One,2022/2023,2023-01-24,26,Bolton_Wanderers,Forest_Green_Rovers,1,0,0.3967,1.0911,1,0
League One,2022/2023,2023-01-24,26,Milton_Keynes_Dons,Shrewsbury_Town,0,1,0.95,0.4342,1,0
League One,2022/2023,2023-01-24,26,Port_Vale,Derby_County,1,2,1.1552,2.5732,1,0
League One,2022/2023,2023-01-24,26,Wycombe_Wanderers,Oxford_United,2,0,1.4014,1.2665,1,0
League One,2022/2023,2023-01-24,26,Fleetwood_Town,Portsmouth,0,2,0.8044,1.4451,1,0
League One,2022/2023,2023-01-28,29,Charlton_Athletic,Bolton_Wanderers,1,2,0.8016,3.3491,1,0
League One,2022/2023,2023-01-28,29,Peterborough_United,Portsmouth,2,1,2.0985,0.5896,1,0
League One,2022/2023,2023-01-28,29,Morecambe,Bristol_Rovers,5,1,1.3666,1.6068,1,0
League One,2022/2023,2023-01-28,29,Milton_Keynes_Dons,Exeter_City,0,2,1.3064,1.1792,1,0
League One,2022/2023,2023-01-28,29,Shrewsbury_Town,Forest_Green_Rovers,2,1,0.6923,1.073,1,0
League One,2022/2023,2023-01-28,29,Cheltenham_Town,Port_Vale,0,0,1.3501,0.5307,1,0
League One,2022/2023,2023-01-28,29,Burton_Albion,Oxford_United,2,0,1.115,1.6391,1,0
Championship,2022/2023,2023-01-28,29,Middlesbrough,Watford,2,0,1.6392,1.181,1,0
Championship,2022/2023,2023-01-28,5,Coventry_City,Huddersfield_Town,2,0,0.7878,0.3072,1,0
Championship,2022/2023,2023-01-28,29,Hull_City,Queens_Park_Rangers,3,0,1.1426,0.2915,1,0
League One,2022/2023,2023-01-28,29,Lincoln_City,Cambridge_United,0,0,0.6191,0.6566,1,0
Championship,2022/2023,2023-01-31,29,Luton_Town,Cardiff_City,1,0,2.047,0.4774,1,0
League One,2022/2023,2023-02-01,21,Oxford_United,Barnsley,1,2,1.9743,1.0312,1,0
Premier League,2022/2023,2023-02-03,22,Chelsea,Fulham,0,0,1.3339,0.6477,1,0
Championship,2022/2023,2023-02-03,30,West_Bromwich_Albion,Coventry_City,1,0,2.1747,1.3864,1,0
League One,2022/2023,2023-02-04,30,Fleetwood_Town,Burton_Albion,2,3,3.0882,2.5285,1,0
Championship,2022/2023,2023-02-04,30,Millwall,Sunderland,1,1,0.8912,0.3544,1,0
Championship,2022/2023,2023-02-04,30,Middlesbrough,Blackpool,3,0,1.9169,1.5491,1,0
Championship,2022/2023,2023-02-04,30,Luton_Town,Stoke_City,1,0,0.773,0.3451,1,0
Championship,2022/2023,2023-02-04,30,Hull_City,Cardiff_City,1,0,0.9637,1.6409,1,0
Championship,2022/2023,2023-02-04,30,Huddersfield_Town,Queens_Park_Rangers,1,1,1.4094,0.6298,1,0
Championship,2022/2023,2023-02-04,30,Rotherham_United,Sheffield_United,0,0,0.4404,1.1152,1,0
Championship,2022/2023,2023-02-04,30,Norwich_City,Burnley,0,3,0.4435,1.2149,1,0
Premier League,2022/2023,2023-02-04,22,Everton,Arsenal,1,0,1.6702,0.9139,1,0
League One,2022/2023,2023-02-04,30,Portsmouth,Barnsley,1,1,1.0418,1.6084,1,0
Premier League,2022/2023,2023-02-04,22,Brentford,Southampton,3,0,1.9857,0.6754,1,0
Premier League,2022/2023,2023-02-04,22,Brighton_&_Hove_Albion,AFC_Bournemouth,1,0,2.5018,1.1822,1,0
Premier League,2022/2023,2023-02-04,22,Manchester_United,Crystal_Palace,2,1,2.0384,1.3644,1,0
Premier League,2022/2023,2023-02-04,22,Wolverhampton_Wanderers,Liverpool,3,0,2.0324,1.9552,1,0
Premier League,2022/2023,2023-02-04,22,Newcastle_United,West_Ham_United,1,1,1.0056,1.0079,1,0
League One,2022/2023,2023-02-04,30,Forest_Green_Rovers,Peterborough_United,0,2,0.3275,2.0726,1,0
League One,2022/2023,2023-02-04,30,Oxford_United,Shrewsbury_Town,0,1,1.0396,0.4807,1,0
League One,2022/2023,2023-02-04,30,Sheffield_Wednesday,Plymouth_Argyle,1,0,1.1969,0.4717,1,0
Championship,2022/2023,2023-02-04,30,Preston_North_End,Bristol_City,1,2,1.6501,1.9047,1,0
Championship,2022/2023,2023-02-04,30,Reading,Watford,2,2,1.8887,1.7948,1,0
Premier League,2022/2023,2023-02-04,22,Aston_Villa,Leicester_City,2,4,1.7055,2.5664,1,0
League One,2022/2023,2023-02-04,30,Port_Vale,Wycombe_Wanderers,0,3,0.8533,3.4219,1,0
League One,2022/2023,2023-02-04,30,Exeter_City,Charlton_Athletic,1,2,0.7937,1.0789,1,0
League One,2022/2023,2023-02-04,30,Derby_County,Morecambe,5,0,3.5233,0.0904,1,0
League One,2022/2023,2023-02-04,30,Cambridge_United,Ipswich_Town,1,1,1.019,1.2328,1,0
Championship,2022/2023,2023-02-04,30,Swansea_City,Birmingham_City,3,4,2.4507,2.2465,1,0
League One,2022/2023,2023-02-04,30,Bristol_Rovers,Milton_Keynes_Dons,0,2,0.7167,1.3996,1,0
League One,2022/2023,2023-02-04,30,Bolton_Wanderers,Cheltenham_Town,1,0,0.9332,0.4863,1,0
League One,2022/2023,2023-02-04,30,Accrington_Stanley,Lincoln_City,0,3,0.3768,2.012,1,0
Premier League,2022/2023,2023-02-05,22,Tottenham_Hotspur,Manchester_City,1,0,1.4604,1.3218,1,0
Premier League,2022/2023,2023-02-05,22,Nottingham_Forest,Leeds_United,1,0,0.3904,0.8871,1,0
Championship,2022/2023,2023-02-06,30,Blackburn_Rovers,Wigan_Athletic,0,0,0.8567,0.6437,1,0
Championship,2022/2023,2023-02-07,28,Blackpool,Huddersfield_Town,2,2,1.348,1.3514,1,0
League One,2022/2023,2023-02-07,22,Port_Vale,Accrington_Stanley,1,1,1.6967,0.9527,1,0
Premier League,2022/2023,2023-02-08,8,Manchester_United,Leeds_United,2,2,2.0435,0.634,1,0
Championship,2022/2023,2023-02-10,31,Birmingham_City,West_Bromwich_Albion,2,0,1.041,0.2183,1,0
League One,2022/2023,2023-02-11,31,Burton_Albion,Exeter_City,1,0,0.7095,0.6557,1,0
League One,2022/2023,2023-02-11,31,Charlton_Athletic,Fleetwood_Town,1,2,1.1588,1.6373,1,0
League One,2022/2023,2023-02-11,31,Cheltenham_Town,Accrington_Stanley,0,0,2.3468,0.5428,1,0
League One,2022/2023,2023-02-11,31,Ipswich_Town,Sheffield_Wednesday,2,2,1.443,0.539,1,0
League One,2022/2023,2023-02-11,31,Wycombe_Wanderers,Derby_County,3,2,1.2568,2.242,1,0
League One,2022/2023,2023-02-11,31,Lincoln_City,Bristol_Rovers,1,0,1.3832,0.6835,1,0
League One,2022/2023,2023-02-11,31,Milton_Keynes_Dons,Oxford_United,1,1,0.9226,1.0266,1,0
League One,2022/2023,2023-02-11,31,Morecambe,Forest_Green_Rovers,1,1,0.4888,0.8316,1,0
League One,2022/2023,2023-02-11,31,Peterborough_United,Bolton_Wanderers,0,5,1.0524,3.8671,1,0
League One,2022/2023,2023-02-11,31,Plymouth_Argyle,Portsmouth,3,1,1.9739,1.7368,1,0
League One,2022/2023,2023-02-11,31,Shrewsbury_Town,Port_Vale,3,2,1.7105,1.2977,1,0
League One,2022/2023,2023-02-11,31,Barnsley,Cambridge_United,2,0,1.0011,0.6768,1,0
Championship,2022/2023,2023-02-11,31,Sunderland,Reading,1,0,1.3359,0.5026,1,0
Premier League,2022/2023,2023-02-11,23,Crystal_Palace,Brighton_&_Hove_Albion,1,1,1.0849,2.4956,1,0
Championship,2022/2023,2023-02-11,31,Blackpool,Rotherham_United,0,0,0.7452,0.8201,1,0
Championship,2022/2023,2023-02-11,31,Watford,Blackburn_Rovers,1,1,1.4372,0.8231,1,0
Championship,2022/2023,2023-02-11,31,Wigan_Athletic,Huddersfield_Town,1,0,0.5215,0.1735,1,0
Championship,2022/2023,2023-02-11,31,Sheffield_United,Swansea_City,3,0,2.1412,0.7609,1,0
Championship,2022/2023,2023-02-11,31,Queens_Park_Rangers,Millwall,1,2,0.4775,1.6784,1,0
Championship,2022/2023,2023-02-11,31,Coventry_City,Luton_Town,1,1,1.4273,1.2305,1,0
Championship,2022/2023,2023-02-11,31,Cardiff_City,Middlesbrough,1,3,1.6736,1.8135,1,0
Championship,2022/2023,2023-02-11,31,Stoke_City,Hull_City,0,0,0.6126,0.7771,1,0
Championship,2022/2023,2023-02-11,31,Burnley,Preston_North_End,3,0,1.333,0.1931,1,0
Premier League,2022/2023,2023-02-11,23,Arsenal,Brentford,1,1,1.5538,2.0093,1,0
Championship,2022/2023,2023-02-11,31,Bristol_City,Norwich_City,1,0,0.8781,0.7052,1,0
Premier League,2022/2023,2023-02-11,23,Fulham,Nottingham_Forest,2,0,1.5575,0.658,1,0
Premier League,2022/2023,2023-02-11,23,Leicester_City,Tottenham_Hotspur,4,1,1.6814,1.3644,1,0
Premier League,2022/2023,2023-02-11,23,Southampton,Wolverhampton_Wanderers,1,2,1.1624,0.8332,1,0
Premier League,2022/2023,2023-02-11,23,AFC_Bournemouth,Newcastle_United,1,1,1.564,1.3188,1,0
Premier League,2022/2023,2023-02-11,23,West_Ham_United,Chelsea,1,1,1.2927,1.1456,1,0
Premier League,2022/2023,2023-02-12,23,Manchester_City,Aston_Villa,3,1,3.3638,0.274,1,0
Premier League,2022/2023,2023-02-12,23,Leeds_United,Manchester_United,0,2,1.8118,1.118,1,0
Premier League,2022/2023,2023-02-13,23,Liverpool,Everton,2,0,2.3338,0.3635,1,0
League One,2022/2023,2023-02-14,32,Sheffield_Wednesday,Morecambe,3,0,2.736,0.4692,1,0
League One,2022/2023,2023-02-14,32,Accrington_Stanley,Wycombe_Wanderers,0,2,0.9475,1.1395,1,0
League One,2022/2023,2023-02-14,32,Oxford_United,Plymouth_Argyle,1,3,0.7084,1.5597,1,0
League One,2022/2023,2023-02-14,32,Cambridge_United,Cheltenham_Town,1,2,1.3083,0.6752,1,0
League One,2022/2023,2023-02-14,32,Forest_Green_Rovers,Charlton_Athletic,0,1,1.1376,0.7866,1,0
League One,2022/2023,2023-02-14,32,Fleetwood_Town,Peterborough_United,1,0,0.245,0.9224,1,0
League One,2022/2023,2023-02-14,32,Exeter_City,Shrewsbury_Town,0,0,0.4322,1.0329,1,0
League One,2022/2023,2023-02-14,32,Portsmouth,Burton_Albion,1,0,1.3935,0.4907,1,0
League One,2022/2023,2023-02-14,32,Derby_County,Lincoln_City,1,1,1.9387,0.9152,1,0
Championship,2022/2023,2023-02-14,32,Coventry_City,Millwall,1,0,1.1004,0.6534,1,0
Championship,2022/2023,2023-02-14,32,Norwich_City,Hull_City,3,1,1.7861,0.297,1,0
Championship,2022/2023,2023-02-14,32,Queens_Park_Rangers,Sunderland,0,3,1.1853,2.1107,1,0
Championship,2022/2023,2023-02-14,32,Burnley,Watford,1,1,2.4217,0.3833,1,0
Championship,2022/2023,2023-02-14,32,Reading,Rotherham_United,2,1,1.1632,1.1643,1,0
League One,2022/2023,2023-02-14,32,Bolton_Wanderers,Milton_Keynes_Dons,5,0,2.362,0.9312,1,0
League One,2022/2023,2023-02-14,32,Bristol_Rovers,Ipswich_Town,0,0,1.1262,1.653,1,0
Championship,2022/2023,2023-02-14,32,Birmingham_City,Cardiff_City,0,2,0.4423,1.1505,1,0
League One,2022/2023,2023-02-14,32,Port_Vale,Barnsley,1,3,0.8794,0.4459,1,0
Premier League,2022/2023,2023-02-15,12,Arsenal,Manchester_City,1,3,1.6419,1.7971,1,0
Championship,2022/2023,2023-02-15,32,Swansea_City,Blackpool,2,1,1.3713,0.7609,1,0
Championship,2022/2023,2023-02-15,32,Stoke_City,Huddersfield_Town,3,0,2.3225,0.5382,1,0
Championship,2022/2023,2023-02-15,32,West_Bromwich_Albion,Blackburn_Rovers,1,1,1.3018,0.5966,1,0
Championship,2022/2023,2023-02-15,32,Sheffield_United,Middlesbrough,1,3,1.9206,1.6795,1,0
Championship,2022/2023,2023-02-15,32,Bristol_City,Wigan_Athletic,1,1,0.6634,1.1301,1,0
Championship,2022/2023,2023-02-15,32,Preston_North_End,Luton_Town,1,1,1.1936,3.3923,1,0
Championship,2022/2023,2023-02-17,33,Cardiff_City,Reading,1,0,1.1473,0.4308,1,0
League One,2022/2023,2023-02-18,33,Plymouth_Argyle,Fleetwood_Town,0,0,1.1365,0.6074,1,0
League One,2022/2023,2023-02-18,33,Sheffield_Wednesday,Milton_Keynes_Dons,5,2,3.5477,0.7273,1,0
League One,2022/2023,2023-02-18,33,Port_Vale,Exeter_City,1,0,0.9121,0.2335,1,0
Championship,2022/2023,2023-02-18,33,Sunderland,Bristol_City,1,1,0.705,1.2051,1,0
Championship,2022/2023,2023-02-18,33,Wigan_Athletic,Norwich_City,0,0,1.0414,0.4444,1,0
League One,2022/2023,2023-02-18,33,Morecambe,Peterborough_United,0,3,0.7869,0.9659,1,0
Championship,2022/2023,2023-02-18,33,Rotherham_United,Coventry_City,0,2,0.7603,0.9355,1,0
Championship,2022/2023,2023-02-18,33,Middlesbrough,Queens_Park_Rangers,3,1,2.2945,0.6945,1,0
Championship,2022/2023,2023-02-18,33,Luton_Town,Burnley,0,1,0.8217,1.4621,1,0
Championship,2022/2023,2023-02-18,33,Hull_City,Preston_North_End,0,0,0.6055,0.5872,1,0
Championship,2022/2023,2023-02-18,33,Huddersfield_Town,Birmingham_City,2,1,1.2488,1.6419,1,0
Championship,2022/2023,2023-02-18,33,Blackpool,Stoke_City,1,0,0.8127,2.3,1,0
Championship,2022/2023,2023-02-18,33,Blackburn_Rovers,Swansea_City,1,0,0.7635,1.1332,1,0
Championship,2022/2023,2023-02-18,33,Millwall,Sheffield_United,3,2,1.8195,1.6454,1,0
League One,2022/2023,2023-02-18,33,Wycombe_Wanderers,Bolton_Wanderers,1,0,0.9241,1.1735,1,0
League One,2022/2023,2023-02-18,33,Lincoln_City,Portsmouth,0,0,1.2713,1.3475,1,0
League One,2022/2023,2023-02-18,33,Cambridge_United,Oxford_United,1,0,0.5349,0.4914,1,0
League One,2022/2023,2023-02-18,33,Derby_County,Charlton_Athletic,2,0,2.6177,0.2974,1,0
Premier League,2022/2023,2023-02-18,24,Newcastle_United,Liverpool,0,2,2.0392,1.8675,1,0
League One,2022/2023,2023-02-18,33,Ipswich_Town,Forest_Green_Rovers,4,0,3.7308,0.162,1,0
Premier League,2022/2023,2023-02-18,24,Nottingham_Forest,Manchester_City,1,1,0.9494,2.3965,1,0
Premier League,2022/2023,2023-02-18,24,Everton,Leeds_United,1,0,1.4667,0.5363,1,0
Premier League,2022/2023,2023-02-18,24,Chelsea,Southampton,0,1,1.6213,0.6008,1,0
Premier League,2022/2023,2023-02-18,24,Brighton_&_Hove_Albion,Fulham,0,1,2.2246,0.3385,1,0
Premier League,2022/2023,2023-02-18,24,Brentford,Crystal_Palace,1,1,0.8888,1.0908,1,0
Premier League,2022/2023,2023-02-18,24,Wolverhampton_Wanderers,AFC_Bournemouth,0,1,1.2869,1.0739,1,0
League One,2022/2023,2023-02-18,33,Cheltenham_Town,Barnsley,0,4,0.3377,1.0928,1,0
Premier League,2022/2023,2023-02-18,24,Aston_Villa,Arsenal,2,4,0.5125,3.2842,1,0
League One,2022/2023,2023-02-18,33,Accrington_Stanley,Shrewsbury_Town,1,0,0.3442,1.151,1,0
League One,2022/2023,2023-02-18,33,Bristol_Rovers,Burton_Albion,1,2,1.0544,2.0389,1,0
Premier League,2022/2023,2023-02-19,24,Tottenham_Hotspur,West_Ham_United,2,0,1.5537,0.484,1,0
Premier League,2022/2023,2023-02-19,24,Manchester_United,Leicester_City,3,0,4.4681,1.6288,1,0
Championship,2022/2023,2023-02-20,33,Watford,West_Bromwich_Albion,3,2,2.5365,1.649,1,0
Championship,2022/2023,2023-02-21,29,Millwall,Burnley,1,1,0.8187,2.0434,1,0
Championship,2022/2023,2023-02-21,29,Norwich_City,Birmingham_City,3,1,1.4114,0.6631,1,0
Championship,2022/2023,2023-02-21,29,Swansea_City,Stoke_City,1,3,0.9552,2.8597,1,0
League One,2022/2023,2023-02-21,28,Morecambe,Port_Vale,1,0,0.2927,0.9861,1,0
Championship,2022/2023,2023-02-21,29,Rotherham_United,Sunderland,2,1,0.5265,1.3668,1,0
Championship,2022/2023,2023-02-21,29,Blackburn_Rovers,Blackpool,1,0,1.0456,0.8866,1,0
League One,2022/2023,2023-02-21,22,Fleetwood_Town,Cambridge_United,1,0,0.4192,0.6409,1,0
Premier League,2022/2023,2023-02-24,25,Fulham,Wolverhampton_Wanderers,1,1,0.4598,0.7795,1,0
Championship,2022/2023,2023-02-25,34,West_Bromwich_Albion,Middlesbrough,2,0,1.8523,1.0367,1,0
Championship,2022/2023,2023-02-25,34,Stoke_City,Millwall,0,1,0.7752,0.3835,1,0
Championship,2022/2023,2023-02-25,34,Sheffield_United,Watford,1,0,1.2856,1.1639,1,0
Championship,2022/2023,2023-02-25,34,Reading,Blackpool,3,1,1.3631,0.8025,1,0
Championship,2022/2023,2023-02-25,34,Queens_Park_Rangers,Blackburn_Rovers,1,3,0.9094,1.9414,1,0
Championship,2022/2023,2023-02-25,34,Norwich_City,Cardiff_City,2,0,1.7211,0.6321,1,0
Championship,2022/2023,2023-02-25,34,Burnley,Huddersfield_Town,4,0,3.49,0.2541,1,0
Championship,2022/2023,2023-02-25,34,Bristol_City,Hull_City,1,0,1.4127,0.8731,1,0
Championship,2022/2023,2023-02-25,34,Birmingham_City,Luton_Town,0,1,0.7428,1.1907,1,0
Championship,2022/2023,2023-02-25,34,Coventry_City,Sunderland,2,1,1.5667,1.0274,1,0
Championship,2022/2023,2023-02-25,34,Preston_North_End,Wigan_Athletic,2,1,1.153,0.5922,1,0
League One,2022/2023,2023-02-25,34,Shrewsbury_Town,Wycombe_Wanderers,2,0,1.292,1.1256,1,0
League One,2022/2023,2023-02-25,34,Fleetwood_Town,Morecambe,1,0,1.1384,0.6569,1,0
League One,2022/2023,2023-02-25,34,Oxford_United,Bristol_Rovers,0,3,0.9468,1.5982,1,0
Premier League,2022/2023,2023-02-25,25,Crystal_Palace,Liverpool,0,0,0.6965,0.8968,1,0
Premier League,2022/2023,2023-02-25,25,AFC_Bournemouth,Manchester_City,1,4,1.5752,3.4653,1,0
Premier League,2022/2023,2023-02-25,25,West_Ham_United,Nottingham_Forest,4,0,2.7262,0.4176,1,0
Premier League,2022/2023,2023-02-25,25,Leicester_City,Arsenal,0,1,0.0219,0.6645,1,0
Premier League,2022/2023,2023-02-25,25,Leeds_United,Southampton,1,0,0.9053,0.3792,1,0
Premier League,2022/2023,2023-02-25,25,Everton,Aston_Villa,0,2,1.7114,1.9381,1,0
League One,2022/2023,2023-02-25,34,Barnsley,Derby_County,4,1,1.8769,1.217,1,0
League One,2022/2023,2023-02-25,34,Bolton_Wanderers,Port_Vale,2,1,0.4912,1.0318,1,0
League One,2022/2023,2023-02-25,34,Charlton_Athletic,Sheffield_Wednesday,0,1,0.4303,1.6841,1,0
League One,2022/2023,2023-02-25,34,Exeter_City,Cambridge_United,2,0,1.7314,0.5603,1,0
League One,2022/2023,2023-02-25,34,Burton_Albion,Accrington_Stanley,0,0,0.9115,0.4145,1,0
League One,2022/2023,2023-02-25,34,Forest_Green_Rovers,Lincoln_City,1,1,0.5942,0.8165,1,0
League One,2022/2023,2023-02-25,34,Milton_Keynes_Dons,Ipswich_Town,0,1,0.8524,1.7368,1,0
League One,2022/2023,2023-02-25,34,Peterborough_United,Plymouth_Argyle,5,2,4.1804,1.2857,1,0
League One,2022/2023,2023-02-25,34,Portsmouth,Cheltenham_Town,4,0,1.0955,0.6361,1,0
Premier League,2022/2023,2023-02-26,25,Tottenham_Hotspur,Chelsea,2,0,0.7993,0.4184,1,0
Championship,2022/2023,2023-02-27,34,Swansea_City,Rotherham_United,1,1,0.7448,1.9374,1,0
Championship,2022/2023,2023-02-28,29,Preston_North_End,Coventry_City,0,0,1.6094,0.8889,1,0
League One,2022/2023,2023-02-28,11,Derby_County,Cheltenham_Town,2,0,1.0373,0.1706,1,0
League One,2022/2023,2023-02-28,11,Lincoln_City,Milton_Keynes_Dons,1,1,0.3042,0.7014,1,0
League One,2022/2023,2023-02-28,11,Portsmouth,Bolton_Wanderers,3,1,1.5835,1.9373,1,0
League One,2022/2023,2023-02-28,28,Peterborough_United,Charlton_Athletic,0,0,0.5071,1.107,1,0
Championship,2022/2023,2023-02-28,23,Luton_Town,Millwall,2,2,1.6266,1.2555,1,0
Premier League,2022/2023,2023-03-01,7,Arsenal,Everton,4,0,2.4521,1.1709,1,0
Premier League,2022/2023,2023-03-01,7,Liverpool,Wolverhampton_Wanderers,2,0,2.6077,0.9159,1,0
Championship,2022/2023,2023-03-03,35,Hull_City,West_Bromwich_Albion,2,0,0.7192,2.0815,1,0
Championship,2022/2023,2023-03-04,35,Sunderland,Stoke_City,1,5,0.9306,2.6387,1,0
Championship,2022/2023,2023-03-04,35,Luton_Town,Swansea_City,1,0,2.6644,0.5422,1,0
Championship,2022/2023,2023-03-04,35,Millwall,Norwich_City,2,3,1.9126,0.4552,1,0
Championship,2022/2023,2023-03-04,35,Huddersfield_Town,Coventry_City,0,4,1.058,1.8036,1,0
Championship,2022/2023,2023-03-04,35,Watford,Preston_North_End,0,0,0.8722,0.4192,1,0
Championship,2022/2023,2023-03-04,35,Rotherham_United,Queens_Park_Rangers,3,1,2.5215,1.6566,1,0
Championship,2022/2023,2023-03-04,35,Blackpool,Burnley,0,0,0.3401,0.6027,1,0
Premier League,2022/2023,2023-03-04,26,Brighton_&_Hove_Albion,West_Ham_United,4,0,3.6959,0.3305,1,0
Championship,2022/2023,2023-03-04,35,Blackburn_Rovers,Sheffield_United,1,0,0.9141,1.3032,1,0
Premier League,2022/2023,2023-03-04,26,Southampton,Leicester_City,1,0,1.3761,1.9345,1,0
Premier League,2022/2023,2023-03-04,26,Wolverhampton_Wanderers,Tottenham_Hotspur,1,0,0.5221,1.1973,1,0
Premier League,2022/2023,2023-03-04,26,Chelsea,Leeds_United,1,0,1.4551,1.052,1,0
Premier League,2022/2023,2023-03-04,26,Manchester_City,Newcastle_United,2,0,1.3428,0.4307,1,0
Premier League,2022/2023,2023-03-04,26,Arsenal,AFC_Bournemouth,3,2,2.1683,1.3271,1,0
Premier League,2022/2023,2023-03-04,26,Aston_Villa,Crystal_Palace,1,0,1.1977,0.1729,1,0
Championship,2022/2023,2023-03-04,35,Cardiff_City,Bristol_City,2,0,0.5534,0.9344,1,0
Championship,2022/2023,2023-03-04,35,Wigan_Athletic,Birmingham_City,1,1,0.4584,1.4659,1,0
Championship,2022/2023,2023-03-04,35,Middlesbrough,Reading,5,0,3.5623,0.1391,1,0
League One,2022/2023,2023-03-04,35,Accrington_Stanley,Forest_Green_Rovers,2,1,1.7658,1.1174,1,0
League One,2022/2023,2023-03-04,35,Port_Vale,Milton_Keynes_Dons,1,0,0.8887,0.5081,1,0
League One,2022/2023,2023-03-04,35,Sheffield_Wednesday,Peterborough_United,1,0,0.9807,0.1041,1,0
League One,2022/2023,2023-03-04,35,Wycombe_Wanderers,Exeter_City,1,1,1.4131,2.6045,1,0
League One,2022/2023,2023-03-04,35,Ipswich_Town,Burton_Albion,4,0,1.8665,0.8665,1,0
League One,2022/2023,2023-03-04,35,Morecambe,Bolton_Wanderers,0,0,0.8915,1.0342,1,0
League One,2022/2023,2023-03-04,35,Plymouth_Argyle,Charlton_Athletic,2,0,1.8497,0.5022,1,0
League One,2022/2023,2023-03-04,35,Lincoln_City,Oxford_United,1,0,1.1455,1.5539,1,0
League One,2022/2023,2023-03-04,35,Cambridge_United,Portsmouth,0,1,1.1228,0.2725,1,0
League One,2022/2023,2023-03-04,35,Cheltenham_Town,Fleetwood_Town,1,0,0.9901,0.4524,1,0
League One,2022/2023,2023-03-04,35,Derby_County,Shrewsbury_Town,2,2,1.5488,1.1017,1,0
League One,2022/2023,2023-03-04,35,Bristol_Rovers,Barnsley,0,0,0.9459,1.3185,1,0
Premier League,2022/2023,2023-03-05,26,Liverpool,Manchester_United,7,0,2.7838,0.8203,1,0
Premier League,2022/2023,2023-03-05,26,Nottingham_Forest,Everton,2,2,0.8423,1.7039,1,0
Premier League,2022/2023,2023-03-06,26,Brentford,Fulham,3,2,2.0548,1.5342,1,0
Championship,2022/2023,2023-03-07,29,Reading,Sheffield_United,0,1,0.4621,1.3756,1,0
Championship,2022/2023,2023-03-07,29,West_Bromwich_Albion,Wigan_Athletic,1,0,2.5162,0.5341,1,0
Championship,2022/2023,2023-03-07,29,Huddersfield_Town,Bristol_City,0,0,0.4988,1.2029,1,0
League One,2022/2023,2023-03-07,22,Cheltenham_Town,Lincoln_City,0,0,0.1654,0.7581,1,0
League One,2022/2023,2023-03-07,22,Peterborough_United,Shrewsbury_Town,2,1,1.3564,0.7644,1,0
League One,2022/2023,2023-03-07,27,Cambridge_United,Morecambe,1,1,1.6751,1.0746,1,0
League One,2022/2023,2023-03-07,29,Ipswich_Town,Accrington_Stanley,3,0,2.0066,0.2232,1,0
League One,2022/2023,2023-03-07,29,Wycombe_Wanderers,Fleetwood_Town,2,0,1.4458,0.6557,1,0
League One,2022/2023,2023-03-07,29,Plymouth_Argyle,Derby_County,2,1,1.234,1.286,1,0
League One,2022/2023,2023-03-07,8,Barnsley,Portsmouth,3,1,1.4149,0.619,1,0
Championship,2022/2023,2023-03-10,36,Stoke_City,Blackburn_Rovers,3,2,1.8776,0.8442,1,0
Championship,2022/2023,2023-03-11,36,Bristol_City,Blackpool,2,0,2.2303,0.2355,1,0
Championship,2022/2023,2023-03-11,36,Birmingham_City,Rotherham_United,2,0,0.8691,0.6516,1,0
Championship,2022/2023,2023-03-11,36,Burnley,Wigan_Athletic,3,0,3.2385,0.4505,1,0
Championship,2022/2023,2023-03-11,36,Coventry_City,Hull_City,1,1,2.2323,0.7703,1,0
Championship,2022/2023,2023-03-11,36,Reading,Millwall,0,1,0.0426,1.0265,1,0
Championship,2022/2023,2023-03-11,36,Queens_Park_Rangers,Watford,1,0,0.4596,0.773,1,0
League One,2022/2023,2023-03-11,36,Barnsley,Plymouth_Argyle,3,0,0.9953,0.2792,1,0
Championship,2022/2023,2023-03-11,36,Sheffield_United,Luton_Town,0,1,0.6978,0.5473,1,0
Championship,2022/2023,2023-03-11,36,Swansea_City,Middlesbrough,1,3,1.2276,2.023,1,0
Championship,2022/2023,2023-03-11,36,Preston_North_End,Cardiff_City,2,0,1.9718,0.7261,1,0
Championship,2022/2023,2023-03-11,36,West_Bromwich_Albion,Huddersfield_Town,1,0,1.7018,0.4539,1,0
League One,2022/2023,2023-03-11,36,Burton_Albion,Wycombe_Wanderers,2,1,0.8883,1.9811,1,0
League One,2022/2023,2023-03-11,36,Charlton_Athletic,Accrington_Stanley,1,1,0.4278,1.9535,1,0
League One,2022/2023,2023-03-11,36,Exeter_City,Lincoln_City,2,1,1.4259,0.8344,1,0
Premier League,2022/2023,2023-03-11,27,Crystal_Palace,Manchester_City,0,1,0.2112,2.0835,1,0
Premier League,2022/2023,2023-03-11,27,Tottenham_Hotspur,Nottingham_Forest,3,1,2.0007,1.536,1,0
League One,2022/2023,2023-03-11,36,Fleetwood_Town,Port_Vale,1,1,1.5592,2.1648,1,0
League One,2022/2023,2023-03-11,36,Forest_Green_Rovers,Bristol_Rovers,1,3,0.9359,1.418,1,0
League One,2022/2023,2023-03-11,36,Oxford_United,Derby_County,2,3,1.4144,0.7122,1,0
League One,2022/2023,2023-03-11,36,Peterborough_United,Cheltenham_Town,0,3,1.0106,0.4379,1,0
League One,2022/2023,2023-03-11,36,Portsmouth,Sheffield_Wednesday,0,1,1.0384,0.3815,1,0
League One,2022/2023,2023-03-11,36,Shrewsbury_Town,Morecambe,3,1,3.006,0.7418,1,0
League One,2022/2023,2023-03-11,36,Milton_Keynes_Dons,Cambridge_United,1,0,0.6532,0.3658,1,0
League One,2022/2023,2023-03-11,36,Bolton_Wanderers,Ipswich_Town,0,2,1.1137,1.2584,1,0
Premier League,2022/2023,2023-03-11,27,AFC_Bournemouth,Liverpool,1,0,0.8594,1.7485,1,0
Premier League,2022/2023,2023-03-11,27,Leicester_City,Chelsea,1,3,2.5227,1.5677,1,0
Premier League,2022/2023,2023-03-11,27,Leeds_United,Brighton_&_Hove_Albion,2,2,1.661,1.8943,1,0
Premier League,2022/2023,2023-03-11,27,Everton,Brentford,1,0,1.0275,2.1028,1,0
Premier League,2022/2023,2023-03-12,27,Newcastle_United,Wolverhampton_Wanderers,2,1,1.8057,1.1109,1,0
Premier League,2022/2023,2023-03-12,27,Manchester_United,Southampton,0,0,0.8575,1.1059,1,0
Premier League,2022/2023,2023-03-12,27,West_Ham_United,Aston_Villa,1,1,2.2219,1.5808,1,0
Championship,2022/2023,2023-03-12,36,Norwich_City,Sunderland,0,1,1.0967,1.1094,1,0
Premier League,2022/2023,2023-03-12,27,Fulham,Arsenal,0,3,0.8462,2.375,1,0
Championship,2022/2023,2023-03-14,37,Middlesbrough,Stoke_City,1,1,1.484,1.2465,1,0
Championship,2022/2023,2023-03-14,37,Wigan_Athletic,Coventry_City,1,1,0.9585,2.7194,1,0
League One,2022/2023,2023-03-14,21,Accrington_Stanley,Portsmouth,1,3,1.3228,0.6664,1,0
Championship,2022/2023,2023-03-14,37,Rotherham_United,Preston_North_End,1,2,0.7245,0.8223,1,0
League One,2022/2023,2023-03-14,21,Morecambe,Charlton_Athletic,1,4,0.7897,2.2729,1,0
Championship,2022/2023,2023-03-14,37,Blackpool,Queens_Park_Rangers,6,1,2.9723,0.7765,1,0
League One,2022/2023,2023-03-14,28,Bristol_Rovers,Wycombe_Wanderers,0,2,1.8176,1.7859,1,0
League One,2022/2023,2023-03-14,26,Burton_Albion,Peterborough_United,2,5,1.9509,4.676,1,0
Championship,2022/2023,2023-03-14,37,Watford,Birmingham_City,3,0,1.5992,1.435,1,0
Championship,2022/2023,2023-03-14,37,Millwall,Swansea_City,2,1,0.7737,1.6293,1,0
Championship,2022/2023,2023-03-15,37,Luton_Town,Bristol_City,1,0,2.2769,0.3609,1,0
Championship,2022/2023,2023-03-15,37,Sunderland,Sheffield_United,1,2,0.7641,0.9641,1,0
Championship,2022/2023,2023-03-15,37,Blackburn_Rovers,Reading,2,1,2.365,0.5402,1,0
Premier League,2022/2023,2023-03-15,8,Brighton_&_Hove_Albion,Crystal_Palace,1,0,0.6017,1.1961,1,0
Championship,2022/2023,2023-03-15,37,Hull_City,Burnley,1,3,1.4091,1.4056,1,0
Championship,2022/2023,2023-03-15,37,Huddersfield_Town,Norwich_City,1,1,0.4768,0.8511,1,0
Championship,2022/2023,2023-03-15,37,Cardiff_City,West_Bromwich_Albion,1,1,0.6494,0.8003,1,0
Premier League,2022/2023,2023-03-15,7,Southampton,Brentford,0,2,0.5174,1.8773,1,0
Premier League,2022/2023,2023-03-17,28,Nottingham_Forest,Newcastle_United,1,2,0.3693,2.4757,1,0
League One,2022/2023,2023-03-17,37,Sheffield_Wednesday,Bolton_Wanderers,1,1,0.9741,0.4028,1,0
Championship,2022/2023,2023-03-18,38,Sunderland,Luton_Town,1,1,1.3256,0.3634,1,0
Championship,2022/2023,2023-03-18,38,Stoke_City,Norwich_City,0,0,1.3278,0.7662,1,0
Championship,2022/2023,2023-03-18,38,Reading,Hull_City,1,1,0.5486,0.8604,1,0
Championship,2022/2023,2023-03-18,38,Queens_Park_Rangers,Birmingham_City,0,1,1.2938,0.7323,1,0
Championship,2022/2023,2023-03-18,38,Millwall,Huddersfield_Town,0,1,1.1872,0.2853,1,0
Premier League,2022/2023,2023-03-18,28,Wolverhampton_Wanderers,Leeds_United,2,4,2.7795,1.618,1,0
Championship,2022/2023,2023-03-18,38,Blackpool,Coventry_City,1,4,1.3039,2.4914,1,0
Premier League,2022/2023,2023-03-18,28,Chelsea,Everton,2,2,2.3739,1.2735,1,0
Premier League,2022/2023,2023-03-18,28,Southampton,Tottenham_Hotspur,3,3,2.5123,2.2658,1,0
Championship,2022/2023,2023-03-18,38,Watford,Wigan_Athletic,1,1,1.0474,0.2883,1,0
League One,2022/2023,2023-03-18,37,Lincoln_City,Peterborough_United,0,3,0.3365,0.772,1,0
League One,2022/2023,2023-03-18,37,Bristol_Rovers,Portsmouth,0,2,1.3056,1.1606,1,0
League One,2022/2023,2023-03-18,37,Accrington_Stanley,Milton_Keynes_Dons,0,1,0.5006,1.0957,1,0
Championship,2022/2023,2023-03-18,38,Middlesbrough,Preston_North_End,4,0,1.51,0.5069,1,0
League One,2022/2023,2023-03-18,37,Cambridge_United,Charlton_Athletic,1,2,1.016,1.4137,1,0
Premier League,2022/2023,2023-03-18,28,Aston_Villa,AFC_Bournemouth,3,0,3.6556,1.3567,1,0
Premier League,2022/2023,2023-03-18,28,Brentford,Leicester_City,1,1,0.6402,1.3534,1,0
League One,2022/2023,2023-03-18,37,Ipswich_Town,Shrewsbury_Town,2,0,1.8061,0.4008,1,0
League One,2022/2023,2023-03-18,37,Morecambe,Oxford_United,1,1,0.1933,1.1562,1,0
League One,2022/2023,2023-03-18,37,Plymouth_Argyle,Forest_Green_Rovers,2,0,0.6342,0.1786,1,0
League One,2022/2023,2023-03-18,37,Port_Vale,Burton_Albion,2,3,1.3629,1.4869,1,0
League One,2022/2023,2023-03-18,37,Wycombe_Wanderers,Barnsley,0,1,1.3561,0.9712,1,0
League One,2022/2023,2023-03-18,37,Derby_County,Fleetwood_Town,0,2,0.9863,0.5347,1,0
League One,2022/2023,2023-03-18,37,Cheltenham_Town,Exeter_City,3,1,0.9318,1.2885,1,0
Premier League,2022/2023,2023-03-19,28,Arsenal,Crystal_Palace,4,1,1.5671,0.7843,1,0
Championship,2022/2023,2023-03-19,38,Swansea_City,Bristol_City,2,0,1.0819,0.4363,1,0
League One,2022/2023,2023-03-21,26,Accrington_Stanley,Plymouth_Argyle,0,2,0.3652,1.0585,1,0
League One,2022/2023,2023-03-21,29,Barnsley,Sheffield_Wednesday,4,2,1.5047,3.1208,1,0
League One,2022/2023,2023-03-25,38,Charlton_Athletic,Wycombe_Wanderers,1,1,1.6936,0.9996,1,0
League One,2022/2023,2023-03-25,38,Exeter_City,Accrington_Stanley,5,0,2.3092,0.1435,1,0
League One,2022/2023,2023-03-25,38,Fleetwood_Town,Lincoln_City,2,1,1.4961,1.6182,1,0
League One,2022/2023,2023-03-25,38,Milton_Keynes_Dons,Morecambe,1,0,1.4049,0.3351,1,0
League One,2022/2023,2023-03-25,38,Peterborough_United,Derby_County,2,0,1.8008,1.0418,1,0
League One,2022/2023,2023-03-25,38,Portsmouth,Port_Vale,2,2,2.1265,1.0322,1,0
League One,2022/2023,2023-03-26,38,Forest_Green_Rovers,Sheffield_Wednesday,1,0,0.7588,0.5701,1,0
League One,2022/2023,2023-03-28,26,Exeter_City,Barnsley,3,1,1.828,1.5086,1,0
League One,2022/2023,2023-03-29,26,Cheltenham_Town,Sheffield_Wednesday,2,2,1.4395,2.0296,1,0
Championship,2022/2023,2023-03-31,39,Burnley,Sunderland,0,0,1.2306,0.3044,1,0
Championship,2022/2023,2023-04-01,39,Wigan_Athletic,Queens_Park_Rangers,1,0,1.2435,0.8296,1,0
League One,2022/2023,2023-04-01,39,Cheltenham_Town,Burton_Albion,0,0,1.6401,0.4501,1,0
League One,2022/2023,2023-04-01,39,Derby_County,Ipswich_Town,0,2,0.5214,1.6801,1,0
League One,2022/2023,2023-04-01,39,Fleetwood_Town,Exeter_City,2,2,1.482,1.2359,1,0
League One,2022/2023,2023-04-01,39,Peterborough_United,Oxford_United,0,0,0.4177,0.1368,1,0
League One,2022/2023,2023-04-01,39,Portsmouth,Forest_Green_Rovers,1,0,1.8893,0.2938,1,0
League One,2022/2023,2023-04-01,39,Sheffield_Wednesday,Lincoln_City,1,1,2.5087,0.693,1,0
Premier League,2022/2023,2023-04-01,29,Manchester_City,Liverpool,4,1,2.9617,0.3308,1,0
Premier League,2022/2023,2023-04-01,29,AFC_Bournemouth,Fulham,2,1,2.6536,0.8437,1,0
Premier League,2022/2023,2023-04-01,29,Arsenal,Leeds_United,4,1,3.7763,0.7206,1,0
Premier League,2022/2023,2023-04-01,29,Brighton_&_Hove_Albion,Brentford,3,3,4.4712,1.5953,1,0
Premier League,2022/2023,2023-04-01,29,Crystal_Palace,Leicester_City,2,1,2.4178,0.2197,1,0
Premier League,2022/2023,2023-04-01,29,Nottingham_Forest,Wolverhampton_Wanderers,1,1,1.3215,0.4859,1,0
Premier League,2022/2023,2023-04-01,29,Chelsea,Aston_Villa,0,2,2.1635,0.9156,1,0
League One,2022/2023,2023-04-01,39,Wycombe_Wanderers,Milton_Keynes_Dons,2,2,1.0531,0.9513,1,0
League One,2022/2023,2023-04-01,39,Barnsley,Morecambe,5,0,2.5996,0.5848,1,0
League One,2022/2023,2023-04-01,39,Charlton_Athletic,Shrewsbury_Town,6,0,2.3005,0.4386,1,0
League One,2022/2023,2023-04-01,39,Port_Vale,Cambridge_United,0,2,1.0048,1.8841,1,0
Championship,2022/2023,2023-04-01,39,West_Bromwich_Albion,Millwall,0,0,1.5079,1.1513,1,0
Championship,2022/2023,2023-04-01,39,Huddersfield_Town,Middlesbrough,4,2,2.1289,2.5234,1,0
Championship,2022/2023,2023-04-01,39,Cardiff_City,Swansea_City,2,3,1.2437,1.7415,1,0
Championship,2022/2023,2023-04-01,39,Bristol_City,Reading,1,1,1.1279,0.8855,1,0
Championship,2022/2023,2023-04-01,39,Birmingham_City,Blackburn_Rovers,1,0,0.5453,1.73,1,0
Championship,2022/2023,2023-04-01,39,Preston_North_End,Blackpool,3,1,1.0497,1.8209,1,0
Championship,2022/2023,2023-04-01,39,Luton_Town,Watford,2,0,1.6491,0.0569,1,0
Championship,2022/2023,2023-04-01,39,Coventry_City,Stoke_City,0,4,1.5092,4.3196,1,0
Championship,2022/2023,2023-04-01,39,Hull_City,Rotherham_United,0,0,1.5865,0.6087,1,0
Championship,2022/2023,2023-04-01,39,Norwich_City,Sheffield_United,0,1,0.2649,1.01,1,0
Premier League,2022/2023,2023-04-02,29,Newcastle_United,Manchester_United,2,0,3.6754,0.4269,1,0
Premier League,2022/2023,2023-04-02,29,West_Ham_United,Southampton,1,0,1.4031,0.304,1,0
Premier League,2022/2023,2023-04-03,29,Everton,Tottenham_Hotspur,1,1,0.9072,1.4382,1,0
Premier League,2022/2023,2023-04-04,7,Leicester_City,Aston_Villa,1,2,0.4723,1.0189,1,0
Premier League,2022/2023,2023-04-04,7,AFC_Bournemouth,Brighton_&_Hove_Albion,0,2,1.7369,2.6704,1,0
Premier League,2022/2023,2023-04-04,7,Leeds_United,Nottingham_Forest,2,1,1.8635,0.8047,1,0
Premier League,2022/2023,2023-04-04,8,Chelsea,Liverpool,0,0,2.1674,0.3501,1,0
Premier League,2022/2023,2023-04-05,25,Manchester_United,Brentford,1,0,1.2033,0.7143,1,0
Premier League,2022/2023,2023-04-05,7,West_Ham_United,Newcastle_United,1,5,0.9803,3.2887,1,0
League One,2022/2023,2023-04-07,40,Bristol_Rovers,Charlton_Athletic,1,0,1.2301,0.7451,1,0
League One,2022/2023,2023-04-07,40,Burton_Albion,Barnsley,2,1,0.8414,1.9541,1,0
League One,2022/2023,2023-04-07,40,Cambridge_United,Fleetwood_Town,2,1,1.6575,0.7223,1,0
League One,2022/2023,2023-04-07,40,Exeter_City,Bolton_Wanderers,0,1,1.0442,0.8618,1,0
League One,2022/2023,2023-04-07,40,Shrewsbury_Town,Peterborough_United,0,3,0.2166,2.5814,1,0
League One,2022/2023,2023-04-07,40,Lincoln_City,Cheltenham_Town,2,0,1.598,0.7183,1,0
League One,2022/2023,2023-04-07,40,Forest_Green_Rovers,Derby_County,0,2,0.3279,1.9912,1,0
League One,2022/2023,2023-04-07,40,Milton_Keynes_Dons,Portsmouth,1,1,0.7399,0.3838,1,0
Championship,2022/2023,2023-04-07,40,Rotherham_United,West_Bromwich_Albion,3,1,2.9881,1.1478,1,0
League One,2022/2023,2023-04-07,40,Accrington_Stanley,Port_Vale,3,0,2.6411,0.4759,1,0
League One,2022/2023,2023-04-07,40,Morecambe,Plymouth_Argyle,1,3,0.8456,1.3421,1,0
League One,2022/2023,2023-04-07,40,Oxford_United,Sheffield_Wednesday,1,1,1.6481,0.9064,1,0
League One,2022/2023,2023-04-07,40,Ipswich_Town,Wycombe_Wanderers,4,0,1.7872,0.1675,1,0
Championship,2022/2023,2023-04-07,40,Sunderland,Hull_City,4,4,3.3041,1.9381,1,0
Championship,2022/2023,2023-04-07,40,Blackpool,Cardiff_City,1,3,1.2542,2.1787,1,0
Championship,2022/2023,2023-04-07,40,Watford,Huddersfield_Town,2,3,1.0588,0.721,1,0
Championship,2022/2023,2023-04-07,40,Swansea_City,Coventry_City,0,0,1.3324,1.1224,1,0
Championship,2022/2023,2023-04-07,40,Stoke_City,Bristol_City,1,2,0.7247,1.2858,1,0
Championship,2022/2023,2023-04-07,40,Sheffield_United,Wigan_Athletic,1,0,3.2805,1.2383,1,0
Championship,2022/2023,2023-04-07,40,Reading,Birmingham_City,1,1,0.5306,0.6502,1,0
Championship,2022/2023,2023-04-07,40,Millwall,Luton_Town,0,0,0.643,0.183,1,0
Championship,2022/2023,2023-04-07,40,Middlesbrough,Burnley,1,2,1.439,1.4343,1,0
Championship,2022/2023,2023-04-07,40,Queens_Park_Rangers,Preston_North_End,0,2,1.248,0.9137,1,0
Championship,2022/2023,2023-04-07,40,Blackburn_Rovers,Norwich_City,0,2,1.108,0.9022,1,0
Premier League,2022/2023,2023-04-08,30,Southampton,Manchester_City,1,4,0.4051,2.91,1,0
Premier League,2022/2023,2023-04-08,30,Manchester_United,Everton,2,0,3.4588,1.0218,1,0
Premier League,2022/2023,2023-04-08,30,Brentford,Newcastle_United,1,2,2.5735,1.3121,1,0
Premier League,2022/2023,2023-04-08,30,Fulham,West_Ham_United,0,1,0.6807,1.0939,1,0
Premier League,2022/2023,2023-04-08,30,Leicester_City,AFC_Bournemouth,0,1,0.5816,2.0133,1,0
Premier League,2022/2023,2023-04-08,30,Tottenham_Hotspur,Brighton_&_Hove_Albion,2,1,0.8303,1.4338,1,0
Premier League,2022/2023,2023-04-08,30,Wolverhampton_Wanderers,Chelsea,1,0,0.5512,1.1279,1,0
Premier League,2022/2023,2023-04-08,30,Aston_Villa,Nottingham_Forest,2,0,1.2972,0.2482,1,0
Premier League,2022/2023,2023-04-09,30,Liverpool,Arsenal,2,2,3.958,1.4054,1,0
Premier League,2022/2023,2023-04-09,30,Leeds_United,Crystal_Palace,1,5,0.9258,3.1537,1,0
League One,2022/2023,2023-04-10,41,Sheffield_Wednesday,Accrington_Stanley,3,0,2.1168,0.3712,1,0
League One,2022/2023,2023-04-10,41,Wycombe_Wanderers,Forest_Green_Rovers,2,0,0.939,0.5178,1,0
League One,2022/2023,2023-04-10,41,Portsmouth,Morecambe,0,0,0.7891,1.0163,1,0
League One,2022/2023,2023-04-10,41,Charlton_Athletic,Burton_Albion,3,2,1.832,0.8582,1,0
League One,2022/2023,2023-04-10,41,Derby_County,Milton_Keynes_Dons,1,1,2.7435,0.3027,1,0
League One,2022/2023,2023-04-10,41,Cheltenham_Town,Ipswich_Town,1,1,0.4951,1.6457,1,0
League One,2022/2023,2023-04-10,41,Port_Vale,Oxford_United,0,0,0.5236,0.695,1,0
League One,2022/2023,2023-04-10,41,Bolton_Wanderers,Cambridge_United,1,1,1.0581,0.6749,1,0
League One,2022/2023,2023-04-10,41,Barnsley,Shrewsbury_Town,2,1,2.4254,0.636,1,0
League One,2022/2023,2023-04-10,41,Plymouth_Argyle,Lincoln_City,0,2,0.9415,1.8843,1,0
Championship,2022/2023,2023-04-10,41,Burnley,Sheffield_United,2,0,1.4505,0.3658,1,0
Championship,2022/2023,2023-04-10,41,Bristol_City,Middlesbrough,2,2,3.178,1.566,1,0
League One,2022/2023,2023-04-10,41,Fleetwood_Town,Bristol_Rovers,1,2,0.5837,1.3298,1,0
Championship,2022/2023,2023-04-10,41,Wigan_Athletic,Swansea_City,0,2,0.8721,1.9682,1,0
Championship,2022/2023,2023-04-10,41,Preston_North_End,Reading,2,1,2.4911,0.5011,1,0
Championship,2022/2023,2023-04-10,41,Norwich_City,Rotherham_United,0,0,1.5564,0.5237,1,0
Championship,2022/2023,2023-04-10,41,Luton_Town,Blackpool,3,1,2.1734,0.9283,1,0
Championship,2022/2023,2023-04-10,41,Hull_City,Millwall,1,0,0.9483,2.1995,1,0
Championship,2022/2023,2023-04-10,41,Coventry_City,Watford,2,2,2.1955,0.8613,1,0
Championship,2022/2023,2023-04-10,41,Cardiff_City,Sunderland,0,1,1.3239,2.0181,1,0
Championship,2022/2023,2023-04-10,41,Birmingham_City,Stoke_City,0,0,0.6705,0.3256,1,0
Championship,2022/2023,2023-04-10,41,Huddersfield_Town,Blackburn_Rovers,2,2,1.2738,2.5213,1,0
Championship,2022/2023,2023-04-10,41,West_Bromwich_Albion,Queens_Park_Rangers,2,2,2.0496,1.709,1,0
League One,2022/2023,2023-04-10,41,Peterborough_United,Exeter_City,3,1,1.5446,0.6287,1,0
Championship,2022/2023,2023-04-14,42,Middlesbrough,Norwich_City,5,1,2.7225,0.8432,1,0
League One,2022/2023,2023-04-15,42,Morecambe,Wycombe_Wanderers,1,0,0.512,1.7806,1,0
League One,2022/2023,2023-04-15,42,Milton_Keynes_Dons,Cheltenham_Town,2,2,1.9468,2.2677,1,0
League One,2022/2023,2023-04-15,42,Lincoln_City,Port_Vale,3,2,0.7972,1.7494,1,0
League One,2022/2023,2023-04-15,42,Ipswich_Town,Charlton_Athletic,6,0,4.8749,0.2967,1,0
League One,2022/2023,2023-04-15,42,Forest_Green_Rovers,Barnsley,1,5,0.5369,2.1631,1,0
League One,2022/2023,2023-04-15,42,Oxford_United,Bolton_Wanderers,0,1,1.8811,0.4366,1,0
League One,2022/2023,2023-04-15,42,Bristol_Rovers,Derby_County,1,1,2.2596,0.9459,1,0
League One,2022/2023,2023-04-15,42,Accrington_Stanley,Fleetwood_Town,2,5,0.859,4.3255,1,0
League One,2022/2023,2023-04-15,42,Cambridge_United,Peterborough_United,2,0,1.083,0.9024,1,0
League One,2022/2023,2023-04-15,42,Exeter_City,Plymouth_Argyle,0,1,0.7999,0.3001,1,0
League One,2022/2023,2023-04-15,42,Burton_Albion,Sheffield_Wednesday,3,2,1.1322,2.0696,1,0
League One,2022/2023,2023-04-15,42,Shrewsbury_Town,Portsmouth,1,1,0.4585,1.9729,1,0
Premier League,2022/2023,2023-04-15,31,Manchester_City,Leicester_City,3,1,2.0619,2.3649,1,0
Premier League,2022/2023,2023-04-15,31,Wolverhampton_Wanderers,Brentford,2,0,0.7611,1.1677,1,0
Championship,2022/2023,2023-04-15,42,Watford,Bristol_City,2,0,0.7352,1.1417,1,0
Championship,2022/2023,2023-04-15,42,Blackburn_Rovers,Hull_City,0,0,1.1185,1.0558,1,0
Premier League,2022/2023,2023-04-15,31,Tottenham_Hotspur,AFC_Bournemouth,2,3,2.2275,1.3084,1,0
Championship,2022/2023,2023-04-15,42,Stoke_City,West_Bromwich_Albion,1,2,0.6857,1.8263,1,0
Championship,2022/2023,2023-04-15,42,Rotherham_United,Luton_Town,0,2,0.2111,1.8899,1,0
Championship,2022/2023,2023-04-15,42,Swansea_City,Huddersfield_Town,1,0,1.8091,0.734,1,0
Championship,2022/2023,2023-04-15,42,Queens_Park_Rangers,Coventry_City,0,3,0.3472,2.2365,1,0
Championship,2022/2023,2023-04-15,42,Millwall,Preston_North_End,2,0,0.3749,0.8659,1,0
Championship,2022/2023,2023-04-15,42,Reading,Burnley,0,0,0.3063,1.1201,1,0
Championship,2022/2023,2023-04-15,42,Sheffield_United,Cardiff_City,4,1,3.0456,1.6277,1,0
Premier League,2022/2023,2023-04-15,31,Aston_Villa,Newcastle_United,3,0,1.9288,0.5199,1,0
Premier League,2022/2023,2023-04-15,31,Chelsea,Brighton_&_Hove_Albion,1,2,0.5425,2.9424,1,0
Premier League,2022/2023,2023-04-15,31,Everton,Fulham,1,3,1.3995,1.82,1,0
Premier League,2022/2023,2023-04-15,31,Southampton,Crystal_Palace,0,2,0.7769,0.8741,1,0
Championship,2022/2023,2023-04-15,42,Blackpool,Wigan_Athletic,1,0,0.4135,1.0623,1,0
Championship,2022/2023,2023-04-15,42,Sunderland,Birmingham_City,2,1,1.8711,1.2429,1,0
Premier League,2022/2023,2023-04-16,31,Nottingham_Forest,Manchester_United,0,2,0.7343,3.4819,1,0
Premier League,2022/2023,2023-04-16,31,West_Ham_United,Arsenal,2,2,1.8089,2.7474,1,0
Premier League,2022/2023,2023-04-17,31,Leeds_United,Liverpool,1,6,1.3795,2.7266,1,0
Championship,2022/2023,2023-04-18,43,Millwall,Birmingham_City,0,1,2.2244,0.6042,1,0
Championship,2022/2023,2023-04-18,43,Sunderland,Huddersfield_Town,1,1,1.6844,0.5915,1,0
Championship,2022/2023,2023-04-18,43,Stoke_City,Wigan_Athletic,0,1,0.5668,0.7057,1,0
Championship,2022/2023,2023-04-18,43,Sheffield_United,Bristol_City,1,0,1.2261,0.2512,1,0
Championship,2022/2023,2023-04-18,43,Rotherham_United,Burnley,2,2,0.818,1.9191,1,0
Championship,2022/2023,2023-04-18,43,Blackpool,West_Bromwich_Albion,0,2,1.6804,1.3192,1,0
League One,2022/2023,2023-04-18,43,Ipswich_Town,Port_Vale,2,1,1.7619,0.3813,1,0
League One,2022/2023,2023-04-18,43,Bristol_Rovers,Sheffield_Wednesday,1,2,0.4168,0.8664,1,0
League One,2022/2023,2023-04-18,43,Burton_Albion,Bolton_Wanderers,1,1,1.8178,2.5341,1,0
League One,2022/2023,2023-04-18,43,Cambridge_United,Wycombe_Wanderers,1,2,1.7309,2.3933,1,0
League One,2022/2023,2023-04-18,43,Exeter_City,Derby_County,1,2,0.8178,1.2208,1,0
League One,2022/2023,2023-04-18,43,Forest_Green_Rovers,Fleetwood_Town,0,0,0.4549,0.8126,1,0
League One,2022/2023,2023-04-18,43,Lincoln_City,Barnsley,0,0,0.562,0.992,1,0
League One,2022/2023,2023-04-18,43,Milton_Keynes_Dons,Charlton_Athletic,0,1,0.4646,0.9291,1,0
League One,2022/2023,2023-04-18,43,Oxford_United,Portsmouth,1,1,2.0595,1.2657,1,0
League One,2022/2023,2023-04-18,43,Shrewsbury_Town,Plymouth_Argyle,1,2,0.4344,1.5002,1,0
League One,2022/2023,2023-04-18,43,Accrington_Stanley,Peterborough_United,1,2,1.2038,1.5703,1,0
Championship,2022/2023,2023-04-19,43,Blackburn_Rovers,Coventry_City,1,1,0.5824,1.1988,1,0
Championship,2022/2023,2023-04-19,43,Queens_Park_Rangers,Norwich_City,1,1,1.5638,2.1633,1,0
Championship,2022/2023,2023-04-19,43,Middlesbrough,Hull_City,3,1,2.5908,0.8161,1,0
Championship,2022/2023,2023-04-19,43,Watford,Cardiff_City,1,3,2.4362,1.6148,1,0
Championship,2022/2023,2023-04-19,43,Reading,Luton_Town,1,1,0.6452,2.665,1,0
Championship,2022/2023,2023-04-19,43,Swansea_City,Preston_North_End,4,2,1.5648,0.803,1,0
Premier League,2022/2023,2023-04-21,32,Arsenal,Southampton,3,3,2.515,1.3293,1,0
League One,2022/2023,2023-04-22,44,Wycombe_Wanderers,Lincoln_City,0,2,1.1696,0.92,1,0
Premier League,2022/2023,2023-04-22,32,Fulham,Leeds_United,2,1,1.6761,0.8896,1,0
Premier League,2022/2023,2023-04-22,32,Brentford,Aston_Villa,1,1,2.7377,1.7353,1,0
Premier League,2022/2023,2023-04-22,32,Crystal_Palace,Everton,0,0,0.5055,0.3925,1,0
Premier League,2022/2023,2023-04-22,32,Leicester_City,Wolverhampton_Wanderers,2,1,2.4277,0.903,1,0
League One,2022/2023,2023-04-22,44,Sheffield_Wednesday,Exeter_City,2,1,1.9088,1.3439,1,0
League One,2022/2023,2023-04-22,44,Portsmouth,Accrington_Stanley,1,0,1.2637,0.8906,1,0
League One,2022/2023,2023-04-22,44,Port_Vale,Bristol_Rovers,2,0,0.7835,0.5144,1,0
League One,2022/2023,2023-04-22,44,Plymouth_Argyle,Cambridge_United,3,1,1.5389,0.9684,1,0
League One,2022/2023,2023-04-22,44,Peterborough_United,Ipswich_Town,0,3,1.2381,1.1409,1,0
League One,2022/2023,2023-04-22,44,Derby_County,Burton_Albion,1,0,2.8016,0.4459,1,0
League One,2022/2023,2023-04-22,44,Fleetwood_Town,Milton_Keynes_Dons,1,0,1.5099,1.2772,1,0
League One,2022/2023,2023-04-22,44,Charlton_Athletic,Morecambe,2,3,1.9208,1.6573,1,0
Championship,2022/2023,2023-04-22,44,Birmingham_City,Blackpool,0,1,1.9127,1.7392,1,0
Championship,2022/2023,2023-04-22,44,Bristol_City,Rotherham_United,2,1,2.5758,1.1077,1,0
Championship,2022/2023,2023-04-22,44,Burnley,Queens_Park_Rangers,1,2,2.032,0.6847,1,0
Championship,2022/2023,2023-04-22,44,Cardiff_City,Stoke_City,1,1,1.288,0.4337,1,0
Championship,2022/2023,2023-04-22,44,Coventry_City,Reading,2,1,1.6988,0.4777,1,0
League One,2022/2023,2023-04-22,44,Cheltenham_Town,Forest_Green_Rovers,3,1,1.3304,0.5974,1,0
Championship,2022/2023,2023-04-22,44,Norwich_City,Swansea_City,0,3,0.7471,2.2221,1,0
Championship,2022/2023,2023-04-22,44,Hull_City,Watford,1,0,0.8024,1.0547,1,0
Championship,2022/2023,2023-04-22,44,Wigan_Athletic,Millwall,2,1,1.844,0.6798,1,0
Championship,2022/2023,2023-04-22,44,Preston_North_End,Blackburn_Rovers,1,1,0.6718,1.1881,1,0
League One,2022/2023,2023-04-22,44,Barnsley,Oxford_United,2,0,1.3466,1.0578,1,0
League One,2022/2023,2023-04-22,44,Bolton_Wanderers,Shrewsbury_Town,1,0,1.5806,0.5384,1,0
Premier League,2022/2023,2023-04-22,32,Liverpool,Nottingham_Forest,3,2,2.844,0.8521,1,0
Premier League,2022/2023,2023-04-23,32,Newcastle_United,Tottenham_Hotspur,6,1,3.8534,1.031,1,0
Championship,2022/2023,2023-04-23,44,West_Bromwich_Albion,Sunderland,1,2,2.31,0.8876,1,0
Premier League,2022/2023,2023-04-23,32,AFC_Bournemouth,West_Ham_United,0,4,1.5233,2.4288,1,0
Championship,2022/2023,2023-04-24,44,Luton_Town,Middlesbrough,2,1,1.3437,2.1946,1,0
Championship,2022/2023,2023-04-25,38,Blackburn_Rovers,Burnley,0,1,0.6477,0.8686,1,0
League One,2022/2023,2023-04-25,39,Bolton_Wanderers,Accrington_Stanley,0,1,1.6535,0.672,1,0
Premier League,2022/2023,2023-04-25,33,Wolverhampton_Wanderers,Crystal_Palace,2,0,1.3587,0.7732,1,0
League One,2022/2023,2023-04-25,38,Oxford_United,Cheltenham_Town,4,0,1.56,0.3162,1,0
League One,2022/2023,2023-04-25,38,Barnsley,Ipswich_Town,0,3,0.5865,1.4038,1,0
League One,2022/2023,2023-04-25,39,Plymouth_Argyle,Bristol_Rovers,2,0,2.0363,0.1214,1,0
League One,2022/2023,2023-04-25,28,Lincoln_City,Burton_Albion,0,1,0.6932,1.2048,1,0
Premier League,2022/2023,2023-04-25,33,Leeds_United,Leicester_City,1,1,1.6803,2.1938,1,0
Premier League,2022/2023,2023-04-25,33,Aston_Villa,Fulham,1,0,1.0188,0.1014,1,0
Premier League,2022/2023,2023-04-26,33,Chelsea,Brentford,0,2,1.2715,1.1456,1,0
Premier League,2022/2023,2023-04-26,33,Nottingham_Forest,Brighton_&_Hove_Albion,3,1,2.4324,2.3432,1,0
Championship,2022/2023,2023-04-26,38,Sheffield_United,West_Bromwich_Albion,2,0,1.3551,0.572,1,0
Premier League,2022/2023,2023-04-26,33,West_Ham_United,Liverpool,1,2,0.8018,2.1065,1,0
Premier League,2022/2023,2023-04-26,33,Manchester_City,Arsenal,4,1,2.5279,0.4808,1,0
Premier League,2022/2023,2023-04-27,33,Tottenham_Hotspur,Manchester_United,2,2,2.4812,2.0325,1,0
Premier League,2022/2023,2023-04-27,33,Everton,Newcastle_United,1,4,0.8681,2.429,1,0
Championship,2022/2023,2023-04-27,38,Rotherham_United,Cardiff_City,1,2,0.885,2.1548,1,0
Premier League,2022/2023,2023-04-27,33,Southampton,AFC_Bournemouth,0,1,0.5037,0.9531,1,0
Championship,2022/2023,2023-04-28,45,Blackpool,Millwall,2,3,1.425,2.4547,1,0
League One,2022/2023,2023-04-29,45,Derby_County,Portsmouth,1,1,1.2811,0.3618,1,0
League One,2022/2023,2023-04-29,45,Charlton_Athletic,Port_Vale,3,2,0.9538,1.6767,1,0
League One,2022/2023,2023-04-29,45,Bolton_Wanderers,Fleetwood_Town,2,0,1.2699,1.1195,1,0
League One,2022/2023,2023-04-29,45,Accrington_Stanley,Cambridge_United,1,2,1.5486,1.6858,1,0
Championship,2022/2023,2023-04-29,45,Sunderland,Watford,2,2,1.5578,0.918,1,0
League One,2022/2023,2023-04-29,45,Forest_Green_Rovers,Oxford_United,0,3,0.3153,0.6303,1,0
Championship,2022/2023,2023-04-29,45,Coventry_City,Birmingham_City,2,0,1.4493,1.2807,1,0
Championship,2022/2023,2023-04-29,45,Hull_City,Swansea_City,1,1,0.3561,0.4969,1,0
Championship,2022/2023,2023-04-29,45,Reading,Wigan_Athletic,1,1,2.1859,1.6973,1,0
Championship,2022/2023,2023-04-29,45,Sheffield_United,Preston_North_End,4,1,2.4377,1.8735,1,0
Championship,2022/2023,2023-04-29,45,Stoke_City,Queens_Park_Rangers,0,1,0.9461,0.6618,1,0
Championship,2022/2023,2023-04-29,45,West_Bromwich_Albion,Norwich_City,2,1,1.9988,0.605,1,0
Championship,2022/2023,2023-04-29,45,Bristol_City,Burnley,1,2,0.7206,1.4046,1,0
League One,2022/2023,2023-04-29,45,Milton_Keynes_Dons,Barnsley,4,4,2.7489,1.8757,1,0
League One,2022/2023,2023-04-29,45,Morecambe,Lincoln_City,3,2,0.746,1.2279,1,0
Premier League,2022/2023,2023-04-29,34,Crystal_Palace,West_Ham_United,4,3,2.1314,1.8597,1,0
Premier League,2022/2023,2023-04-29,34,Brentford,Nottingham_Forest,2,1,1.6187,0.7236,1,0
Premier League,2022/2023,2023-04-29,34,Brighton_&_Hove_Albion,Wolverhampton_Wanderers,6,0,3.3391,0.7513,1,0
League One,2022/2023,2023-04-29,45,Ipswich_Town,Exeter_City,6,0,1.9039,0.2191,1,0
League One,2022/2023,2023-04-29,45,Plymouth_Argyle,Burton_Albion,1,0,1.9205,0.4859,1,0
League One,2022/2023,2023-04-29,45,Peterborough_United,Bristol_Rovers,0,0,1.048,0.1593,1,0
League One,2022/2023,2023-04-29,45,Shrewsbury_Town,Sheffield_Wednesday,0,3,0.8413,1.5586,1,0
League One,2022/2023,2023-04-29,45,Wycombe_Wanderers,Cheltenham_Town,0,3,1.1012,2.658,1,0
Premier League,2022/2023,2023-04-30,34,AFC_Bournemouth,Leeds_United,4,1,1.9618,1.666,1,0
Championship,2022/2023,2023-04-30,45,Cardiff_City,Huddersfield_Town,1,2,0.7936,2.455,1,0
Premier League,2022/2023,2023-04-30,34,Fulham,Manchester_City,1,2,0.1856,2.4842,1,0
Premier League,2022/2023,2023-04-30,34,Newcastle_United,Southampton,3,1,4.3758,0.8311,1,0
Premier League,2022/2023,2023-04-30,34,Liverpool,Tottenham_Hotspur,4,3,2.2041,2.0287,1,0
Premier League,2022/2023,2023-04-30,34,Manchester_United,Aston_Villa,1,0,1.2469,0.5555,1,0
Premier League,2022/2023,2023-05-01,34,Leicester_City,Everton,2,2,3.4648,3.0913,1,0
Championship,2022/2023,2023-05-01,45,Rotherham_United,Middlesbrough,1,0,0.3357,0.7658,1,0
Championship,2022/2023,2023-05-01,45,Blackburn_Rovers,Luton_Town,1,1,1.4623,1.5363,1,0
League One,2022/2023,2023-05-02,38,Shrewsbury_Town,Bristol_Rovers,2,1,0.4823,1.8791,1,0
Premier League,2022/2023,2023-05-02,34,Arsenal,Chelsea,3,1,1.7545,0.7555,1,0
League One,2022/2023,2023-05-03,38,Burton_Albion,Cambridge_United,1,0,0.3425,0.6966,1,0
Premier League,2022/2023,2023-05-03,28,Liverpool,Fulham,1,0,1.8329,0.8695,1,0
Premier League,2022/2023,2023-05-03,28,Manchester_City,West_Ham_United,3,0,2.3025,0.4332,1,0
Premier League,2022/2023,2023-05-04,28,Brighton_&_Hove_Albion,Manchester_United,1,0,2.2936,1.4225,1,0
Championship,2022/2023,2023-05-04,44,Huddersfield_Town,Sheffield_United,1,0,0.5005,0.7713,1,0
Premier League,2022/2023,2023-05-06,35,Liverpool,Brentford,1,0,2.2386,0.1973,1,0
Premier League,2022/2023,2023-05-06,35,Wolverhampton_Wanderers,Aston_Villa,1,0,0.759,1.4773,1,0
Premier League,2022/2023,2023-05-06,35,Tottenham_Hotspur,Crystal_Palace,1,0,0.8789,0.3616,1,0
Premier League,2022/2023,2023-05-06,35,Manchester_City,Leeds_United,2,1,2.5656,0.2257,1,0
Premier League,2022/2023,2023-05-06,35,AFC_Bournemouth,Chelsea,1,3,1.2865,1.3453,1,0
League One,2022/2023,2023-05-07,46,Exeter_City,Morecambe,3,2,1.6089,0.6557,1,0
Premier League,2022/2023,2023-05-07,35,Newcastle_United,Arsenal,0,2,1.3153,1.2686,1,0
League One,2022/2023,2023-05-07,46,Cheltenham_Town,Charlton_Athletic,2,2,2.2263,2.4404,1,0
League One,2022/2023,2023-05-07,46,Sheffield_Wednesday,Derby_County,1,0,1.7934,0.619,1,0
League One,2022/2023,2023-05-07,46,Portsmouth,Wycombe_Wanderers,2,2,1.9945,0.472,1,0
League One,2022/2023,2023-05-07,46,Port_Vale,Plymouth_Argyle,1,3,0.8792,1.1359,1,0
League One,2022/2023,2023-05-07,46,Oxford_United,Accrington_Stanley,1,2,2.8571,1.1346,1,0
League One,2022/2023,2023-05-07,46,Lincoln_City,Shrewsbury_Town,1,0,1.8079,1.0256,1,0
League One,2022/2023,2023-05-07,46,Fleetwood_Town,Ipswich_Town,2,2,1.0235,2.733,1,0
League One,2022/2023,2023-05-07,46,Barnsley,Peterborough_United,0,2,1.0309,1.0139,1,0
League One,2022/2023,2023-05-07,46,Bristol_Rovers,Bolton_Wanderers,2,3,2.6532,2.0804,1,0
League One,2022/2023,2023-05-07,46,Burton_Albion,Milton_Keynes_Dons,0,0,0.2883,2.7304,1,0
League One,2022/2023,2023-05-07,46,Cambridge_United,Forest_Green_Rovers,2,0,0.8664,0.2867,1,0
Premier League,2022/2023,2023-05-07,35,West_Ham_United,Manchester_United,1,0,1.3006,1.1841,1,0
Championship,2022/2023,2023-05-08,46,Watford,Stoke_City,2,0,1.3323,1.043,1,0
Premier League,2022/2023,2023-05-08,35,Nottingham_Forest,Southampton,4,3,1.8015,3.2409,1,0
Championship,2022/2023,2023-05-08,46,Swansea_City,West_Bromwich_Albion,3,2,1.357,1.8696,1,0
Premier League,2022/2023,2023-05-08,35,Fulham,Leicester_City,5,3,1.6423,2.8427,1,0
Championship,2022/2023,2023-05-08,46,Burnley,Cardiff_City,3,0,2.206,0.6032,1,0
Championship,2022/2023,2023-05-08,46,Huddersfield_Town,Reading,2,0,1.0355,0.4944,1,0
Championship,2022/2023,2023-05-08,46,Luton_Town,Hull_City,0,0,0.4921,0.9026,1,0
Championship,2022/2023,2023-05-08,46,Middlesbrough,Coventry_City,1,1,0.7323,0.6912,1,0
Championship,2022/2023,2023-05-08,46,Millwall,Blackburn_Rovers,3,4,1.1323,2.5453,1,0
Championship,2022/2023,2023-05-08,46,Norwich_City,Blackpool,0,1,1.9942,0.8466,1,0
Championship,2022/2023,2023-05-08,46,Preston_North_End,Sunderland,0,3,1.059,1.4996,1,0
Championship,2022/2023,2023-05-08,46,Queens_Park_Rangers,Bristol_City,0,2,1.3324,1.8193,1,0
Championship,2022/2023,2023-05-08,46,Wigan_Athletic,Rotherham_United,0,0,0.9907,0.4532,1,0
Championship,2022/2023,2023-05-08,46,Birmingham_City,Sheffield_United,1,2,0.8452,3.1249,1,0
Premier League,2022/2023,2023-05-08,35,Brighton_&_Hove_Albion,Everton,1,5,3.2631,2.2778,1,0
Premier League,2022/2023,2023-05-13,36,Southampton,Fulham,0,2,0.3535,1.3979,1,0
Premier League,2022/2023,2023-05-13,36,Manchester_United,Wolverhampton_Wanderers,2,0,3.1999,0.3321,1,0
Premier League,2022/2023,2023-05-13,36,Crystal_Palace,AFC_Bournemouth,2,0,1.5528,0.3114,1,0
Premier League,2022/2023,2023-05-13,36,Chelsea,Nottingham_Forest,2,2,1.1749,1.3021,1,0
Premier League,2022/2023,2023-05-13,36,Aston_Villa,Tottenham_Hotspur,2,1,1.1766,1.3653,1,0
Premier League,2022/2023,2023-05-13,36,Leeds_United,Newcastle_United,2,2,2.0007,2.289,1,0
Premier League,2022/2023,2023-05-14,36,Brentford,West_Ham_United,2,0,3.6981,0.2287,1,0
Premier League,2022/2023,2023-05-14,36,Everton,Manchester_City,0,3,1.7818,0.7554,1,0
Premier League,2022/2023,2023-05-14,36,Arsenal,Brighton_&_Hove_Albion,0,3,0.9194,1.7241,1,0
Premier League,2022/2023,2023-05-15,36,Leicester_City,Liverpool,0,3,0.4095,2.151,1,0
Premier League,2022/2023,2023-05-18,25,Newcastle_United,Brighton_&_Hove_Albion,4,1,3.5643,0.509,1,0
Premier League,2022/2023,2023-05-20,37,AFC_Bournemouth,Manchester_United,0,1,1.0145,1.4115,1,0
Premier League,2022/2023,2023-05-20,37,Tottenham_Hotspur,Brentford,1,3,1.7585,1.2256,1,0
Premier League,2022/2023,2023-05-20,37,Wolverhampton_Wanderers,Everton,1,1,1.5691,1.989,1,0
Premier League,2022/2023,2023-05-20,37,Fulham,Crystal_Palace,2,2,1.6683,1.5526,1,0
Premier League,2022/2023,2023-05-20,37,Nottingham_Forest,Arsenal,1,0,0.5542,0.6423,1,0
Premier League,2022/2023,2023-05-20,37,Liverpool,Aston_Villa,1,1,0.7466,1.3501,1,0
Premier League,2022/2023,2023-05-21,37,Manchester_City,Chelsea,1,0,1.1924,1.2455,1,0
Premier League,2022/2023,2023-05-21,37,Brighton_&_Hove_Albion,Southampton,3,1,2.5291,0.6033,1,0
Premier League,2022/2023,2023-05-21,37,West_Ham_United,Leeds_United,3,1,2.148,0.895,1,0
Premier League,2022/2023,2023-05-22,37,Newcastle_United,Leicester_City,0,0,2.186,0.0914,1,0
Premier League,2022/2023,2023-05-24,32,Brighton_&_Hove_Albion,Manchester_City,1,1,2.3652,1.8236,1,0
Premier League,2022/2023,2023-05-25,32,Manchester_United,Chelsea,4,1,5.2128,1.9432,1,0
Premier League,2022/2023,2023-05-28,38,Southampton,Liverpool,4,4,1.8241,4.0511,1,0
Premier League,2022/2023,2023-05-28,38,Leicester_City,West_Ham_United,2,1,1.4203,1.3775,1,0
Premier League,2022/2023,2023-05-28,38,Manchester_United,Fulham,2,1,2.8893,1.8015,1,0
Premier League,2022/2023,2023-05-28,38,Leeds_United,Tottenham_Hotspur,1,4,1.4968,2.1681,1,0
Premier League,2022/2023,2023-05-28,38,Crystal_Palace,Nottingham_Forest,1,1,1.4676,0.4799,1,0
Premier League,2022/2023,2023-05-28,38,Chelsea,Newcastle_United,1,1,2.2692,1.7459,1,0
Premier League,2022/2023,2023-05-28,38,Brentford,Manchester_City,1,0,1.266,1.9209,1,0
Premier League,2022/2023,2023-05-28,38,Aston_Villa,Brighton_&_Hove_Albion,2,1,2.8462,1.3527,1,0
Premier League,2022/2023,2023-05-28,38,Arsenal,Wolverhampton_Wanderers,5,0,2.8124,0.452,1,0
Premier League,2022/2023,2023-05-28,38,Everton,AFC_Bournemouth,1,0,1.044,0.4661,1,0
Championship,2023/2024,2023-08-04,1,Sheffield_Wednesday,Southampton,1,2,0.5553,1.3925,1,0
Championship,2023/2024,2023-08-05,1,Blackburn_Rovers,West_Bromwich_Albion,2,1,1.5712,0.8217,1,0
Championship,2023/2024,2023-08-05,1,Bristol_City,Preston_North_End,1,1,0.8979,1.3196,1,0
Championship,2023/2024,2023-08-05,1,Middlesbrough,Millwall,0,1,0.7792,1.2007,1,0
Championship,2023/2024,2023-08-05,1,Norwich_City,Hull_City,2,1,2.7307,0.3943,1,0
Championship,2023/2024,2023-08-05,1,Swansea_City,Birmingham_City,1,1,1.3706,0.7721,1,0
Championship,2023/2024,2023-08-05,1,Watford,Queens_Park_Rangers,4,0,2.948,0.416,1,0
Championship,2023/2024,2023-08-05,1,Stoke_City,Rotherham_United,4,1,2.4166,0.863,1,0
League One,2023/2024,2023-08-05,1,Wycombe_Wanderers,Exeter_City,0,3,0.6411,2.1215,1,0
Championship,2023/2024,2023-08-05,1,Plymouth_Argyle,Huddersfield_Town,3,1,2.3918,2.0458,1,0
League One,2023/2024,2023-08-05,1,Reading,Peterborough_United,0,1,1.0234,0.5009,1,0
League One,2023/2024,2023-08-05,1,Shrewsbury_Town,Cheltenham_Town,1,0,1.4037,0.7477,1,0
League One,2023/2024,2023-08-05,1,Charlton_Athletic,Leyton_Orient,1,0,1.8835,0.3515,1,0
League One,2023/2024,2023-08-05,1,Derby_County,Wigan_Athletic,1,2,1.4227,1.4049,1,0
League One,2023/2024,2023-08-05,1,Carlisle_United,Fleetwood_Town,1,1,1.2272,0.8495,1,0
League One,2023/2024,2023-08-05,1,Cambridge_United,Oxford_United,2,0,0.6069,0.581,1,0
League One,2023/2024,2023-08-05,1,Blackpool,Burton_Albion,2,0,2.1403,0.3888,1,0
League One,2023/2024,2023-08-05,1,Bolton_Wanderers,Lincoln_City,3,0,0.9053,0.2488,1,0
League One,2023/2024,2023-08-05,1,Barnsley,Port_Vale,7,0,2.3259,0.6658,1,0
League One,2023/2024,2023-08-05,1,Portsmouth,Bristol_Rovers,1,1,1.8008,1.0921,1,0
League One,2023/2024,2023-08-05,1,Northampton_Town,Stevenage,0,1,0.7222,0.858,1,0
Championship,2023/2024,2023-08-06,1,Leeds_United,Cardiff_City,2,2,1.7683,1.3425,1,0
Championship,2023/2024,2023-08-06,1,Leicester_City,Coventry_City,2,1,1.5135,1.8637,1,0
Championship,2023/2024,2023-08-06,1,Sunderland,Ipswich_Town,1,2,1.9203,1.2621,1,0
Premier League,2023/2024,2023-08-11,1,Burnley,Manchester_City,0,3,0.3254,2.0764,1,0
Championship,2023/2024,2023-08-12,2,Preston_North_End,Sunderland,2,1,0.6825,1.6411,1,0
Championship,2023/2024,2023-08-12,2,Hull_City,Sheffield_Wednesday,4,2,1.9604,0.5213,1,0
Championship,2023/2024,2023-08-12,2,Ipswich_Town,Stoke_City,2,0,2.0455,0.6306,1,0
Championship,2023/2024,2023-08-12,2,Millwall,Bristol_City,0,1,0.4941,0.9385,1,0
Championship,2023/2024,2023-08-12,2,Rotherham_United,Blackburn_Rovers,2,2,0.7219,2.6985,1,0
Championship,2023/2024,2023-08-12,2,Coventry_City,Middlesbrough,3,0,0.9465,1.3285,1,0
Championship,2023/2024,2023-08-12,2,Watford,Plymouth_Argyle,0,0,1.1648,1.043,1,0
Championship,2023/2024,2023-08-12,2,West_Bromwich_Albion,Swansea_City,3,2,1.893,2.2443,1,0
Championship,2023/2024,2023-08-12,2,Birmingham_City,Leeds_United,1,0,1.5621,0.3636,1,0
Championship,2023/2024,2023-08-12,2,Huddersfield_Town,Leicester_City,0,1,1.1736,1.3788,1,0
Premier League,2023/2024,2023-08-12,1,Newcastle_United,Aston_Villa,5,1,3.4109,1.7713,1,0
Premier League,2023/2024,2023-08-12,1,Sheffield_United,Crystal_Palace,0,1,0.5063,1.8933,1,0
Premier League,2023/2024,2023-08-12,1,Everton,Fulham,0,1,2.7282,1.4997,1,0
Premier League,2023/2024,2023-08-12,1,AFC_Bournemouth,West_Ham_United,1,1,1.3726,1.0703,1,0
Premier League,2023/2024,2023-08-12,1,Arsenal,Nottingham_Forest,2,1,0.8326,1.1822,1,0
Championship,2023/2024,2023-08-12,2,Southampton,Norwich_City,4,4,3.7576,2.0576,1,0
Premier League,2023/2024,2023-08-12,1,Brighton_&_Hove_Albion,Luton_Town,4,1,4.0109,1.4781,1,0
Championship,2023/2024,2023-08-12,2,Cardiff_City,Queens_Park_Rangers,1,2,1.9983,1.3492,1,0
League One,2023/2024,2023-08-12,2,Oxford_United,Carlisle_United,1,0,0.7175,0.2632,1,0
League One,2023/2024,2023-08-12,2,Port_Vale,Reading,1,0,1.0522,1.1409,1,0
League One,2023/2024,2023-08-12,2,Wigan_Athletic,Northampton_Town,2,1,1.7077,1.2372,1,0
League One,2023/2024,2023-08-12,2,Peterborough_United,Charlton_Athletic,1,0,1.3869,1.0853,1,0
League One,2023/2024,2023-08-12,2,Lincoln_City,Wycombe_Wanderers,3,0,1.7687,0.6085,1,0
League One,2023/2024,2023-08-12,2,Leyton_Orient,Portsmouth,0,4,0.6821,1.8295,1,0
League One,2023/2024,2023-08-12,2,Stevenage,Shrewsbury_Town,2,0,1.5787,0.2986,1,0
League One,2023/2024,2023-08-12,2,Exeter_City,Blackpool,0,0,1.0049,0.5724,1,0
League One,2023/2024,2023-08-12,2,Cheltenham_Town,Bolton_Wanderers,0,3,0.434,1.1978,1,0
League One,2023/2024,2023-08-12,2,Burton_Albion,Derby_County,0,3,0.7756,1.7875,1,0
League One,2023/2024,2023-08-12,2,Bristol_Rovers,Barnsley,1,1,1.6366,0.4144,1,0
League One,2023/2024,2023-08-12,2,Fleetwood_Town,Cambridge_United,0,2,1.0714,1.469,1,0
Premier League,2023/2024,2023-08-13,1,Brentford,Tottenham_Hotspur,2,2,2.2194,1.2695,1,0
Premier League,2023/2024,2023-08-13,1,Chelsea,Liverpool,1,1,1.3541,1.2786,1,0
Premier League,2023/2024,2023-08-14,1,Manchester_United,Wolverhampton_Wanderers,1,0,2.2104,2.3469,1,0
League One,2023/2024,2023-08-15,3,Barnsley,Peterborough_United,1,3,0.8173,2.8077,1,0
League One,2023/2024,2023-08-15,3,Bolton_Wanderers,Fleetwood_Town,3,1,2.2532,1.0369,1,0
League One,2023/2024,2023-08-15,3,Blackpool,Port_Vale,0,0,0.7894,0.4497,1,0
League One,2023/2024,2023-08-15,3,Carlisle_United,Wigan_Athletic,1,1,0.7864,1.37,1,0
League One,2023/2024,2023-08-15,3,Reading,Cheltenham_Town,1,0,0.419,0.4926,1,0
League One,2023/2024,2023-08-15,3,Portsmouth,Exeter_City,1,0,0.7063,1.4216,1,0
League One,2023/2024,2023-08-15,3,Wycombe_Wanderers,Leyton_Orient,3,2,2.3102,0.8967,1,0
League One,2023/2024,2023-08-15,3,Shrewsbury_Town,Burton_Albion,2,1,0.5906,2.1661,1,0
League One,2023/2024,2023-08-15,3,Northampton_Town,Lincoln_City,2,2,1.57,0.5267,1,0
League One,2023/2024,2023-08-15,3,Derby_County,Oxford_United,1,2,1.0783,0.8116,1,0
League One,2023/2024,2023-08-15,3,Charlton_Athletic,Bristol_Rovers,1,2,1.5076,1.9787,1,0
League One,2023/2024,2023-08-15,3,Cambridge_United,Stevenage,1,2,1.4367,1.0601,1,0
Premier League,2023/2024,2023-08-18,2,Nottingham_Forest,Sheffield_United,2,1,1.3898,0.5011,1,0
Championship,2023/2024,2023-08-18,3,Leeds_United,West_Bromwich_Albion,1,1,1.8316,0.2835,1,0
Championship,2023/2024,2023-08-19,3,Bristol_City,Birmingham_City,0,2,0.8052,1.4,1,0
Championship,2023/2024,2023-08-19,3,Blackburn_Rovers,Hull_City,1,2,1.6073,2.0972,1,0
Championship,2023/2024,2023-08-19,3,Plymouth_Argyle,Southampton,1,2,1.3789,2.1108,1,0
Championship,2023/2024,2023-08-19,3,Sheffield_Wednesday,Preston_North_End,0,1,0.4544,0.3956,1,0
League One,2023/2024,2023-08-19,4,Bolton_Wanderers,Wigan_Athletic,0,4,2.4531,1.1081,1,0
League One,2023/2024,2023-08-19,4,Barnsley,Oxford_United,1,3,0.989,1.8482,1,0
League One,2023/2024,2023-08-19,4,Blackpool,Leyton_Orient,0,0,1.5178,1.2557,1,0
League One,2023/2024,2023-08-19,4,Cambridge_United,Bristol_Rovers,2,0,1.39,0.4676,1,0
League One,2023/2024,2023-08-19,4,Carlisle_United,Exeter_City,0,2,0.8732,0.9592,1,0
League One,2023/2024,2023-08-19,4,Charlton_Athletic,Port_Vale,2,3,1.6171,2.0321,1,0
League One,2023/2024,2023-08-19,4,Derby_County,Fleetwood_Town,1,0,0.9767,0.6477,1,0
League One,2023/2024,2023-08-19,4,Northampton_Town,Peterborough_United,1,0,0.384,1.1891,1,0
League One,2023/2024,2023-08-19,4,Portsmouth,Cheltenham_Town,0,0,1.3911,0.3973,1,0
League One,2023/2024,2023-08-19,4,Reading,Stevenage,2,0,2.4622,0.3627,1,0
League One,2023/2024,2023-08-19,4,Shrewsbury_Town,Lincoln_City,0,1,0.834,0.4741,1,0
League One,2023/2024,2023-08-19,4,Wycombe_Wanderers,Burton_Albion,0,0,0.742,0.3804,1,0
Championship,2023/2024,2023-08-19,3,Queens_Park_Rangers,Ipswich_Town,0,1,1.1462,1.3215,1,0
Premier League,2023/2024,2023-08-19,2,Liverpool,AFC_Bournemouth,3,1,3.0818,1.2871,1,0
Premier League,2023/2024,2023-08-19,2,Fulham,Brentford,0,3,0.4585,3.9304,1,0
Premier League,2023/2024,2023-08-19,2,Tottenham_Hotspur,Manchester_United,2,0,1.7441,2.0677,1,0
Premier League,2023/2024,2023-08-19,2,Wolverhampton_Wanderers,Brighton_&_Hove_Albion,1,4,2.1378,2.2197,1,0
Championship,2023/2024,2023-08-19,3,Swansea_City,Coventry_City,1,1,0.7325,0.8591,1,0
Championship,2023/2024,2023-08-19,3,Leicester_City,Cardiff_City,2,1,0.6641,1.0784,1,0
Championship,2023/2024,2023-08-19,3,Stoke_City,Watford,1,0,0.8689,0.6504,1,0
Championship,2023/2024,2023-08-19,3,Sunderland,Rotherham_United,2,1,1.3875,0.6269,1,0
Premier League,2023/2024,2023-08-19,2,Manchester_City,Newcastle_United,1,0,1.0079,0.2901,1,0
Championship,2023/2024,2023-08-19,3,Middlesbrough,Huddersfield_Town,1,1,1.9885,1.3067,1,0
Premier League,2023/2024,2023-08-20,2,West_Ham_United,Chelsea,3,1,1.7968,2.4916,1,0
Premier League,2023/2024,2023-08-20,2,Aston_Villa,Everton,4,0,3.0007,0.6257,1,0
Championship,2023/2024,2023-08-20,3,Norwich_City,Millwall,3,1,1.7335,0.4933,1,0
Premier League,2023/2024,2023-08-21,2,Crystal_Palace,Arsenal,0,1,1.013,2.0204,1,0
Championship,2023/2024,2023-08-25,4,Hull_City,Bristol_City,1,1,1.48,3.616,1,0
Premier League,2023/2024,2023-08-25,3,Chelsea,Luton_Town,3,0,2.2747,0.4354,1,0
League One,2023/2024,2023-08-26,5,Lincoln_City,Blackpool,3,0,2.4156,1.0439,1,0
League One,2023/2024,2023-08-26,5,Oxford_United,Charlton_Athletic,2,1,1.4433,0.631,1,0
Championship,2023/2024,2023-08-26,4,Coventry_City,Sunderland,0,0,1.5888,0.746,1,0
Championship,2023/2024,2023-08-26,4,Birmingham_City,Plymouth_Argyle,2,1,2.2276,1.5712,1,0
Championship,2023/2024,2023-08-26,4,Cardiff_City,Sheffield_Wednesday,2,1,1.8664,0.8626,1,0
Championship,2023/2024,2023-08-26,4,Millwall,Stoke_City,1,0,1.0185,1.6737,1,0
Championship,2023/2024,2023-08-26,4,Ipswich_Town,Leeds_United,3,4,2.4669,1.6256,1,0
Championship,2023/2024,2023-08-26,4,Preston_North_End,Swansea_City,2,1,0.5896,0.3463,1,0
Championship,2023/2024,2023-08-26,4,Rotherham_United,Leicester_City,1,2,0.6419,1.4047,1,0
Championship,2023/2024,2023-08-26,4,Southampton,Queens_Park_Rangers,2,1,0.4241,0.643,1,0
Championship,2023/2024,2023-08-26,4,West_Bromwich_Albion,Middlesbrough,4,2,0.6171,1.7897,1,0
League One,2023/2024,2023-08-26,5,Wigan_Athletic,Barnsley,0,2,0.3624,2.4107,1,0
League One,2023/2024,2023-08-26,5,Stevenage,Portsmouth,0,0,1.5225,0.7702,1,0
League One,2023/2024,2023-08-26,5,Port_Vale,Carlisle_United,1,0,2.1388,0.7003,1,0
League One,2023/2024,2023-08-26,5,Leyton_Orient,Cambridge_United,2,0,2.0687,0.3675,1,0
Championship,2023/2024,2023-08-26,4,Huddersfield_Town,Norwich_City,0,4,0.986,2.4899,1,0
League One,2023/2024,2023-08-26,5,Fleetwood_Town,Shrewsbury_Town,0,1,0.6043,0.3147,1,0
League One,2023/2024,2023-08-26,5,Peterborough_United,Derby_County,2,4,2.8316,1.3493,1,0
League One,2023/2024,2023-08-26,5,Cheltenham_Town,Northampton_Town,0,1,0.3835,0.5666,1,0
League One,2023/2024,2023-08-26,5,Burton_Albion,Bolton_Wanderers,1,1,1.9936,1.5733,1,0
League One,2023/2024,2023-08-26,5,Bristol_Rovers,Wycombe_Wanderers,1,2,1.0931,0.9649,1,0
Premier League,2023/2024,2023-08-26,3,AFC_Bournemouth,Tottenham_Hotspur,0,2,0.6672,2.0588,1,0
Premier League,2023/2024,2023-08-26,3,Arsenal,Fulham,2,2,3.1954,0.5637,1,0
Premier League,2023/2024,2023-08-26,3,Brentford,Crystal_Palace,1,1,0.9676,0.8022,1,0
Premier League,2023/2024,2023-08-26,3,Everton,Wolverhampton_Wanderers,0,1,1.338,1.0756,1,0
League One,2023/2024,2023-08-26,5,Exeter_City,Reading,2,1,1.2446,1.2004,1,0
Premier League,2023/2024,2023-08-26,3,Manchester_United,Nottingham_Forest,3,2,2.8322,1.2146,1,0
Premier League,2023/2024,2023-08-26,3,Brighton_&_Hove_Albion,West_Ham_United,1,3,1.4767,3.2273,1,0
Championship,2023/2024,2023-08-27,4,Watford,Blackburn_Rovers,0,1,1.3939,0.4492,1,0
Premier League,2023/2024,2023-08-27,3,Sheffield_United,Manchester_City,1,2,0.6748,3.5965,1,0
Premier League,2023/2024,2023-08-27,3,Newcastle_United,Liverpool,1,2,1.9932,0.8751,1,0
Premier League,2023/2024,2023-08-27,3,Burnley,Aston_Villa,1,3,0.7294,2.6953,1,0
Premier League,2023/2024,2023-09-01,4,Luton_Town,West_Ham_United,1,2,1.4669,1.0338,1,0
Premier League,2023/2024,2023-09-02,4,Sheffield_United,Everton,2,2,1.1922,2.5917,1,0
Premier League,2023/2024,2023-09-02,4,Brighton_&_Hove_Albion,Newcastle_United,3,1,1.2952,1.2318,1,0
Championship,2023/2024,2023-09-02,5,Plymouth_Argyle,Blackburn_Rovers,3,0,1.3005,1.7633,1,0
Championship,2023/2024,2023-09-02,5,Middlesbrough,Queens_Park_Rangers,0,2,1.4622,0.6773,1,0
Championship,2023/2024,2023-09-02,5,Leicester_City,Hull_City,0,1,1.1982,0.3148,1,0
Championship,2023/2024,2023-09-02,5,Leeds_United,Sheffield_Wednesday,0,0,1.2398,0.8601,1,0
Premier League,2023/2024,2023-09-02,4,Manchester_City,Fulham,5,1,2.2598,1.4485,1,0
Championship,2023/2024,2023-09-02,5,Ipswich_Town,Cardiff_City,3,2,2.6675,2.1179,1,0
Championship,2023/2024,2023-09-02,5,Swansea_City,Bristol_City,1,2,1.4383,2.2982,1,0
Championship,2023/2024,2023-09-02,5,Sunderland,Southampton,5,0,1.935,0.8389,1,0
Championship,2023/2024,2023-09-02,5,Birmingham_City,Millwall,1,1,1.7479,0.5104,1,0
Premier League,2023/2024,2023-09-02,4,Chelsea,Nottingham_Forest,0,1,2.3029,0.7578,1,0
Premier League,2023/2024,2023-09-02,4,Brentford,AFC_Bournemouth,2,2,2.9082,2.0862,1,0
Championship,2023/2024,2023-09-02,5,Stoke_City,Preston_North_End,0,2,1.4628,1.9335,1,0
Championship,2023/2024,2023-09-02,5,Coventry_City,Watford,3,3,2.2642,1.3917,1,0
Championship,2023/2024,2023-09-02,5,West_Bromwich_Albion,Huddersfield_Town,1,2,1.08,0.9047,1,0
Championship,2023/2024,2023-09-02,5,Rotherham_United,Norwich_City,2,1,0.5683,1.5121,1,0
League One,2023/2024,2023-09-02,6,Carlisle_United,Shrewsbury_Town,2,0,1.0682,0.3978,1,0
League One,2023/2024,2023-09-02,6,Blackpool,Wigan_Athletic,2,1,2.2047,1.0876,1,0
League One,2023/2024,2023-09-02,6,Bolton_Wanderers,Derby_County,2,1,1.7767,1.3452,1,0
League One,2023/2024,2023-09-02,6,Bristol_Rovers,Lincoln_City,1,1,0.6318,1.6781,1,0
League One,2023/2024,2023-09-02,6,Burton_Albion,Exeter_City,0,1,0.862,1.7247,1,0
League One,2023/2024,2023-09-02,6,Charlton_Athletic,Fleetwood_Town,2,1,1.7878,0.8437,1,0
League One,2023/2024,2023-09-02,6,Cheltenham_Town,Barnsley,0,2,1.675,1.4383,1,0
League One,2023/2024,2023-09-02,6,Leyton_Orient,Stevenage,0,3,0.8563,0.9639,1,0
League One,2023/2024,2023-09-02,6,Northampton_Town,Wycombe_Wanderers,0,1,1.316,1.1224,1,0
League One,2023/2024,2023-09-02,6,Oxford_United,Port_Vale,1,2,0.908,1.309,1,0
League One,2023/2024,2023-09-02,6,Portsmouth,Peterborough_United,3,1,3.4509,1.4065,1,0
Premier League,2023/2024,2023-09-02,4,Burnley,Tottenham_Hotspur,2,5,1.3567,2.277,1,0
Premier League,2023/2024,2023-09-03,4,Liverpool,Aston_Villa,3,0,2.4719,0.6564,1,0
Premier League,2023/2024,2023-09-03,4,Arsenal,Manchester_United,3,1,2.2738,0.9435,1,0
Premier League,2023/2024,2023-09-03,4,Crystal_Palace,Wolverhampton_Wanderers,3,2,2.1061,1.1783,1,0
League One,2023/2024,2023-09-04,6,Cambridge_United,Reading,1,0,1.4771,1.1878,1,0
League One,2023/2024,2023-09-09,7,Stevenage,Carlisle_United,2,2,1.4055,0.2517,1,0
League One,2023/2024,2023-09-09,7,Exeter_City,Leyton_Orient,1,2,0.3581,2.0518,1,0
Championship,2023/2024,2023-09-15,6,Hull_City,Coventry_City,1,1,1.5174,0.6318,1,0
Championship,2023/2024,2023-09-15,6,Southampton,Leicester_City,1,4,1.565,4.1366,1,0
League One,2023/2024,2023-09-16,8,Wycombe_Wanderers,Blackpool,2,0,1.1887,1.2221,1,0
Premier League,2023/2024,2023-09-16,5,Wolverhampton_Wanderers,Liverpool,1,3,0.6293,2.5217,1,0
Premier League,2023/2024,2023-09-16,5,Aston_Villa,Crystal_Palace,3,1,3.2058,1.1727,1,0
Premier League,2023/2024,2023-09-16,5,Fulham,Luton_Town,1,0,0.9563,1.1,1,0
Premier League,2023/2024,2023-09-16,5,Manchester_United,Brighton_&_Hove_Albion,1,3,0.9604,1.7035,1,0
League One,2023/2024,2023-09-16,8,Stevenage,Charlton_Athletic,1,1,0.8444,1.5898,1,0
League One,2023/2024,2023-09-16,8,Wigan_Athletic,Cambridge_United,2,1,1.1427,1.6092,1,0
League One,2023/2024,2023-09-16,8,Port_Vale,Northampton_Town,1,0,0.5883,0.3762,1,0
Premier League,2023/2024,2023-09-16,5,Newcastle_United,Brentford,1,0,1.4377,0.5038,1,0
League One,2023/2024,2023-09-16,8,Reading,Bolton_Wanderers,2,1,1.2341,1.6318,1,0
League One,2023/2024,2023-09-16,8,Shrewsbury_Town,Bristol_Rovers,0,2,0.7087,2.1481,1,0
Premier League,2023/2024,2023-09-16,5,Tottenham_Hotspur,Sheffield_United,2,1,2.124,0.6556,1,0
Premier League,2023/2024,2023-09-16,5,West_Ham_United,Manchester_City,1,3,0.939,3.6313,1,0
League One,2023/2024,2023-09-16,8,Peterborough_United,Leyton_Orient,1,1,1.3296,0.3561,1,0
Championship,2023/2024,2023-09-16,6,Preston_North_End,Plymouth_Argyle,2,1,1.7303,1.7591,1,0
League One,2023/2024,2023-09-16,8,Lincoln_City,Carlisle_United,1,1,0.5151,0.855,1,0
League One,2023/2024,2023-09-16,8,Fleetwood_Town,Oxford_United,0,3,0.9592,0.4717,1,0
League One,2023/2024,2023-09-16,8,Exeter_City,Cheltenham_Town,1,0,1.9916,0.5413,1,0
League One,2023/2024,2023-09-16,8,Derby_County,Portsmouth,1,1,2.3954,2.1676,1,0
League One,2023/2024,2023-09-16,8,Barnsley,Burton_Albion,2,0,0.8068,0.5111,1,0
Championship,2023/2024,2023-09-16,6,Queens_Park_Rangers,Sunderland,1,3,0.3227,2.783,1,0
Championship,2023/2024,2023-09-16,6,Sheffield_Wednesday,Ipswich_Town,0,1,0.5151,1.7762,1,0
Championship,2023/2024,2023-09-16,6,Cardiff_City,Swansea_City,2,0,1.5386,0.6016,1,0
Championship,2023/2024,2023-09-16,6,Blackburn_Rovers,Middlesbrough,2,1,2.891,2.5293,1,0
Championship,2023/2024,2023-09-16,6,Bristol_City,West_Bromwich_Albion,0,0,0.8523,0.6731,1,0
Championship,2023/2024,2023-09-16,6,Watford,Birmingham_City,2,0,0.4011,0.8119,1,0
Championship,2023/2024,2023-09-16,6,Huddersfield_Town,Rotherham_United,2,0,2.0845,0.392,1,0
Championship,2023/2024,2023-09-16,6,Norwich_City,Stoke_City,1,0,1.2903,1.2018,1,0
Premier League,2023/2024,2023-09-17,5,AFC_Bournemouth,Chelsea,0,0,1.0378,1.8499,1,0
Premier League,2023/2024,2023-09-17,5,Everton,Arsenal,0,1,0.3427,1.0231,1,0
Championship,2023/2024,2023-09-17,6,Millwall,Leeds_United,0,3,0.4501,2.5943,1,0
Premier League,2023/2024,2023-09-18,5,Nottingham_Forest,Burnley,1,1,0.7148,0.5547,1,0
League One,2023/2024,2023-09-19,7,Barnsley,Portsmouth,2,3,1.5806,2.7564,1,0
League One,2023/2024,2023-09-19,7,Peterborough_United,Cheltenham_Town,3,0,2.3041,0.0447,1,0
League One,2023/2024,2023-09-19,7,Port_Vale,Burton_Albion,2,3,1.253,0.9557,1,0
Championship,2023/2024,2023-09-19,7,Southampton,Ipswich_Town,0,1,0.8444,0.6724,1,0
Championship,2023/2024,2023-09-19,7,Cardiff_City,Coventry_City,3,2,0.5613,0.9068,1,0
Championship,2023/2024,2023-09-19,7,Bristol_City,Plymouth_Argyle,4,1,1.6098,0.5815,1,0
Championship,2023/2024,2023-09-19,7,Sheffield_Wednesday,Middlesbrough,1,1,1.3577,0.6931,1,0
Championship,2023/2024,2023-09-19,7,Preston_North_End,Birmingham_City,2,1,0.605,1.1423,1,0
Championship,2023/2024,2023-09-19,7,Queens_Park_Rangers,Swansea_City,1,1,1.0475,0.5666,1,0
Championship,2023/2024,2023-09-20,7,Huddersfield_Town,Stoke_City,2,2,1.0075,2.8728,1,0
Championship,2023/2024,2023-09-20,7,Hull_City,Leeds_United,0,0,1.2792,1.5874,1,0
Championship,2023/2024,2023-09-20,7,Millwall,Rotherham_United,3,0,1.5142,0.387,1,0
Championship,2023/2024,2023-09-20,7,Watford,West_Bromwich_Albion,2,2,0.9174,0.5991,1,0
Championship,2023/2024,2023-09-20,7,Norwich_City,Leicester_City,0,2,0.9239,2.2895,1,0
Championship,2023/2024,2023-09-20,7,Blackburn_Rovers,Sunderland,1,3,2.892,1.6117,1,0
Championship,2023/2024,2023-09-22,8,Birmingham_City,Queens_Park_Rangers,0,0,1.1545,0.9519,1,0
League One,2023/2024,2023-09-23,9,Charlton_Athletic,Wycombe_Wanderers,3,1,0.9872,1.0468,1,0
Championship,2023/2024,2023-09-23,8,Ipswich_Town,Blackburn_Rovers,4,3,3.0348,0.9187,1,0
Championship,2023/2024,2023-09-23,8,Leeds_United,Watford,3,0,2.5699,0.2402,1,0
Championship,2023/2024,2023-09-23,8,Leicester_City,Bristol_City,1,0,2.3083,0.2929,1,0
Championship,2023/2024,2023-09-23,8,Middlesbrough,Southampton,2,1,3.1095,1.4372,1,0
League One,2023/2024,2023-09-23,9,Cheltenham_Town,Stevenage,0,3,0.7436,1.9816,1,0
Championship,2023/2024,2023-09-23,8,Swansea_City,Sheffield_Wednesday,3,0,2.0416,0.7424,1,0
League One,2023/2024,2023-09-23,9,Portsmouth,Lincoln_City,2,1,1.0317,0.8786,1,0
League One,2023/2024,2023-09-23,9,Oxford_United,Exeter_City,3,0,2.2433,1.0207,1,0
League One,2023/2024,2023-09-23,9,Northampton_Town,Barnsley,1,2,1.4821,0.6569,1,0
League One,2023/2024,2023-09-23,9,Blackpool,Reading,4,1,2.7641,0.4296,1,0
League One,2023/2024,2023-09-23,9,Bolton_Wanderers,Peterborough_United,1,1,0.7416,2.7028,1,0
League One,2023/2024,2023-09-23,9,Bristol_Rovers,Wigan_Athletic,4,1,1.5268,0.681,1,0
League One,2023/2024,2023-09-23,9,Burton_Albion,Fleetwood_Town,1,1,1.4185,0.5627,1,0
League One,2023/2024,2023-09-23,9,Cambridge_United,Port_Vale,1,1,1.9539,1.529,1,0
League One,2023/2024,2023-09-23,9,Carlisle_United,Derby_County,0,2,0.3077,1.3345,1,0
Championship,2023/2024,2023-09-23,8,Plymouth_Argyle,Norwich_City,6,2,3.3082,1.9651,1,0
Championship,2023/2024,2023-09-23,8,West_Bromwich_Albion,Millwall,0,0,1.4999,1.1035,1,0
Championship,2023/2024,2023-09-23,8,Rotherham_United,Preston_North_End,1,1,0.0864,1.7627,1,0
League One,2023/2024,2023-09-23,9,Leyton_Orient,Shrewsbury_Town,1,0,1.2587,1.1307,1,0
Premier League,2023/2024,2023-09-23,6,Crystal_Palace,Fulham,0,0,0.2979,0.5881,1,0
Premier League,2023/2024,2023-09-23,6,Luton_Town,Wolverhampton_Wanderers,1,1,2.1749,0.5917,1,0
Premier League,2023/2024,2023-09-23,6,Manchester_City,Nottingham_Forest,2,0,1.3305,1.0256,1,0
Premier League,2023/2024,2023-09-23,6,Brentford,Everton,1,3,1.035,1.9007,1,0
Premier League,2023/2024,2023-09-23,6,Burnley,Manchester_United,0,1,1.0949,0.9741,1,0
Championship,2023/2024,2023-09-24,8,Sunderland,Cardiff_City,0,1,1.2108,1.6724,1,0
Championship,2023/2024,2023-09-24,8,Stoke_City,Hull_City,1,3,0.5504,1.3129,1,0
Premier League,2023/2024,2023-09-24,6,Liverpool,West_Ham_United,3,1,3.0338,1.1,1,0
Premier League,2023/2024,2023-09-24,6,Brighton_&_Hove_Albion,AFC_Bournemouth,3,1,1.8539,1.1395,1,0
Premier League,2023/2024,2023-09-24,6,Arsenal,Tottenham_Hotspur,2,2,2.0343,1.4636,1,0
Premier League,2023/2024,2023-09-24,6,Chelsea,Aston_Villa,0,1,1.3339,1.0671,1,0
Premier League,2023/2024,2023-09-24,6,Sheffield_United,Newcastle_United,0,8,0.939,3.9218,1,0
Championship,2023/2024,2023-09-25,8,Coventry_City,Huddersfield_Town,1,1,2.0051,0.7731,1,0
Championship,2023/2024,2023-09-29,9,Sheffield_Wednesday,Sunderland,0,3,0.5184,1.5714,1,0
Championship,2023/2024,2023-09-30,9,Watford,Middlesbrough,2,3,1.3401,1.3369,1,0
League One,2023/2024,2023-09-30,10,Wycombe_Wanderers,Carlisle_United,2,0,2.3416,0.9427,1,0
League One,2023/2024,2023-09-30,10,Wigan_Athletic,Portsmouth,1,2,0.3364,2.1048,1,0
League One,2023/2024,2023-09-30,10,Stevenage,Oxford_United,1,3,1.4999,1.9767,1,0
League One,2023/2024,2023-09-30,10,Lincoln_City,Cheltenham_Town,2,0,0.3644,0.6956,1,0
League One,2023/2024,2023-09-30,10,Reading,Burton_Albion,0,0,1.5863,0.1511,1,0
League One,2023/2024,2023-09-30,10,Port_Vale,Bolton_Wanderers,0,1,1.0686,1.3593,1,0
League One,2023/2024,2023-09-30,10,Peterborough_United,Bristol_Rovers,2,0,2.1947,1.6624,1,0
Championship,2023/2024,2023-09-30,9,Preston_North_End,West_Bromwich_Albion,0,4,0.4585,1.5142,1,0
League One,2023/2024,2023-09-30,10,Fleetwood_Town,Leyton_Orient,1,0,1.2997,0.8634,1,0
League One,2023/2024,2023-09-30,10,Exeter_City,Northampton_Town,0,2,0.4846,1.8683,1,0
League One,2023/2024,2023-09-30,10,Derby_County,Cambridge_United,0,0,1.4895,0.1228,1,0
League One,2023/2024,2023-09-30,10,Barnsley,Blackpool,0,1,1.2886,1.3327,1,0
League One,2023/2024,2023-09-30,10,Shrewsbury_Town,Charlton_Athletic,0,0,1.4545,0.6461,1,0
Championship,2023/2024,2023-09-30,9,Norwich_City,Birmingham_City,2,0,1.2697,1.1441,1,0
Championship,2023/2024,2023-09-30,9,Queens_Park_Rangers,Coventry_City,1,3,1.0331,1.5462,1,0
Championship,2023/2024,2023-09-30,9,Hull_City,Plymouth_Argyle,1,1,1.7353,0.7963,1,0
Premier League,2023/2024,2023-09-30,7,Tottenham_Hotspur,Liverpool,2,1,2.233,1.3085,1,0
Premier League,2023/2024,2023-09-30,7,Wolverhampton_Wanderers,Manchester_City,2,1,0.4651,0.8657,1,0
Premier League,2023/2024,2023-09-30,7,West_Ham_United,Sheffield_United,2,0,2.139,1.0722,1,0
Championship,2023/2024,2023-09-30,9,Millwall,Swansea_City,0,3,1.5397,1.2407,1,0
Premier League,2023/2024,2023-09-30,7,Manchester_United,Crystal_Palace,0,1,1.2962,0.8999,1,0
Premier League,2023/2024,2023-09-30,7,Everton,Luton_Town,1,2,2.9026,0.8929,1,0
Premier League,2023/2024,2023-09-30,7,AFC_Bournemouth,Arsenal,0,4,0.645,3.4311,1,0
Premier League,2023/2024,2023-09-30,7,Aston_Villa,Brighton_&_Hove_Albion,6,1,1.5753,1.7084,1,0
Championship,2023/2024,2023-09-30,9,Southampton,Leeds_United,3,1,1.4829,0.9212,1,0
Championship,2023/2024,2023-09-30,9,Bristol_City,Stoke_City,2,3,1.3016,0.9612,1,0
Premier League,2023/2024,2023-09-30,7,Newcastle_United,Burnley,2,0,3.1751,0.6526,1,0
Championship,2023/2024,2023-09-30,9,Huddersfield_Town,Ipswich_Town,1,1,1.2586,1.2966,1,0
Championship,2023/2024,2023-09-30,9,Cardiff_City,Rotherham_United,2,0,1.2505,0.5907,1,0
Championship,2023/2024,2023-10-01,9,Blackburn_Rovers,Leicester_City,1,4,1.4188,1.8011,1,0
Premier League,2023/2024,2023-10-01,7,Nottingham_Forest,Brentford,1,1,0.4626,1.6636,1,0
Premier League,2023/2024,2023-10-02,7,Fulham,Chelsea,0,2,1.0896,1.7006,1,0
Championship,2023/2024,2023-10-03,10,West_Bromwich_Albion,Sheffield_Wednesday,1,0,1.2832,0.189,1,0
League One,2023/2024,2023-10-03,11,Portsmouth,Wycombe_Wanderers,2,1,1.1525,0.464,1,0
League One,2023/2024,2023-10-03,11,Bristol_Rovers,Port_Vale,3,0,1.1702,0.4497,1,0
League One,2023/2024,2023-10-03,11,Bolton_Wanderers,Stevenage,3,2,1.8529,1.8553,1,0
League One,2023/2024,2023-10-03,11,Blackpool,Derby_County,1,3,0.6075,2.4631,1,0
League One,2023/2024,2023-10-03,11,Carlisle_United,Peterborough_United,1,1,0.3431,1.0321,1,0
League One,2023/2024,2023-10-03,11,Charlton_Athletic,Exeter_City,4,1,2.5771,0.5986,1,0
League One,2023/2024,2023-10-03,11,Cheltenham_Town,Fleetwood_Town,0,2,0.5688,2.0923,1,0
Premier League,2023/2024,2023-10-03,2,Luton_Town,Burnley,1,2,1.3367,1.1104,1,0
League One,2023/2024,2023-10-03,11,Oxford_United,Shrewsbury_Town,3,0,1.1874,0.137,1,0
League One,2023/2024,2023-10-03,11,Cambridge_United,Barnsley,0,4,1.1645,0.954,1,0
Championship,2023/2024,2023-10-03,10,Birmingham_City,Huddersfield_Town,4,1,1.6976,2.1609,1,0
Championship,2023/2024,2023-10-03,10,Ipswich_Town,Hull_City,3,0,1.2139,0.9278,1,0
Championship,2023/2024,2023-10-03,10,Middlesbrough,Cardiff_City,2,0,2.1964,0.5617,1,0
Championship,2023/2024,2023-10-03,10,Plymouth_Argyle,Millwall,0,2,0.7916,1.0738,1,0
Championship,2023/2024,2023-10-03,10,Stoke_City,Southampton,0,1,0.7161,0.9715,1,0
League One,2023/2024,2023-10-03,11,Northampton_Town,Reading,3,1,1.6215,0.4427,1,0
League One,2023/2024,2023-10-03,11,Burton_Albion,Wigan_Athletic,2,1,1.438,0.852,1,0
Championship,2023/2024,2023-10-04,10,Sunderland,Watford,2,0,1.2123,0.3975,1,0
Championship,2023/2024,2023-10-04,10,Swansea_City,Norwich_City,2,1,2.5345,1.6191,1,0
Championship,2023/2024,2023-10-04,10,Coventry_City,Blackburn_Rovers,1,0,1.1881,0.7131,1,0
Championship,2023/2024,2023-10-04,10,Leeds_United,Queens_Park_Rangers,1,0,2.0272,0.2917,1,0
Championship,2023/2024,2023-10-04,10,Rotherham_United,Bristol_City,1,2,1.2701,1.1116,1,0
Championship,2023/2024,2023-10-04,10,Leicester_City,Preston_North_End,3,0,1.4784,0.4295,1,0
Championship,2023/2024,2023-10-06,11,Birmingham_City,West_Bromwich_Albion,3,1,1.4792,1.1712,1,0
Championship,2023/2024,2023-10-07,11,Southampton,Rotherham_United,1,1,3.234,0.1411,1,0
League One,2023/2024,2023-10-07,12,Oxford_United,Bristol_Rovers,2,1,1.9379,1.19,1,0
Championship,2023/2024,2023-10-07,11,Queens_Park_Rangers,Blackburn_Rovers,0,4,1.1284,2.3337,1,0
League One,2023/2024,2023-10-07,12,Charlton_Athletic,Blackpool,2,2,1.3918,1.1389,1,0
League One,2023/2024,2023-10-07,12,Cheltenham_Town,Derby_County,1,1,0.8226,1.5594,1,0
Championship,2023/2024,2023-10-07,11,Plymouth_Argyle,Swansea_City,1,3,1.3128,2.074,1,0
League One,2023/2024,2023-10-07,12,Exeter_City,Barnsley,0,1,0.6014,1.2148,1,0
League One,2023/2024,2023-10-07,12,Fleetwood_Town,Wycombe_Wanderers,1,4,1.4964,2.069,1,0
League One,2023/2024,2023-10-07,12,Leyton_Orient,Reading,2,1,2.1516,1.334,1,0
League One,2023/2024,2023-10-07,12,Peterborough_United,Lincoln_City,2,0,1.0453,1.0721,1,0
League One,2023/2024,2023-10-07,12,Portsmouth,Port_Vale,2,0,2.4063,1.0759,1,0
League One,2023/2024,2023-10-07,12,Shrewsbury_Town,Northampton_Town,1,0,0.9243,1.6542,1,0
League One,2023/2024,2023-10-07,12,Stevenage,Wigan_Athletic,1,0,1.8861,0.4193,1,0
Premier League,2023/2024,2023-10-07,8,Luton_Town,Tottenham_Hotspur,0,1,0.7586,1.9602,1,0
Premier League,2023/2024,2023-10-07,8,Burnley,Chelsea,1,4,0.755,1.8585,1,0
League One,2023/2024,2023-10-07,12,Bolton_Wanderers,Carlisle_United,1,3,1.1096,2.8913,1,0
Premier League,2023/2024,2023-10-07,8,Fulham,Sheffield_United,3,1,2.2067,0.5715,1,0
Premier League,2023/2024,2023-10-07,8,Everton,AFC_Bournemouth,3,0,2.4945,0.6874,1,0
Championship,2023/2024,2023-10-07,11,Millwall,Hull_City,2,2,1.1815,1.0827,1,0
Championship,2023/2024,2023-10-07,11,Leicester_City,Stoke_City,2,0,2.3955,0.2225,1,0
Championship,2023/2024,2023-10-07,11,Leeds_United,Bristol_City,2,1,2.5116,0.5477,1,0
Championship,2023/2024,2023-10-07,11,Ipswich_Town,Preston_North_End,4,2,2.4368,0.3321,1,0
Championship,2023/2024,2023-10-07,11,Coventry_City,Norwich_City,1,1,1.73,0.5604,1,0
Championship,2023/2024,2023-10-07,11,Cardiff_City,Watford,1,1,0.6893,2.0351,1,0
Championship,2023/2024,2023-10-07,11,Sheffield_Wednesday,Huddersfield_Town,0,0,0.6426,0.6519,1,0
Premier League,2023/2024,2023-10-07,8,Crystal_Palace,Nottingham_Forest,0,0,0.8109,1.0532,1,0
Premier League,2023/2024,2023-10-07,8,Manchester_United,Brentford,2,1,1.4337,0.9509,1,0
Championship,2023/2024,2023-10-07,11,Sunderland,Middlesbrough,0,4,0.5496,2.5328,1,0
Premier League,2023/2024,2023-10-08,8,Arsenal,Manchester_City,1,0,0.3947,0.4801,1,0
Premier League,2023/2024,2023-10-08,8,Wolverhampton_Wanderers,Aston_Villa,1,1,1.6808,1.6141,1,0
Premier League,2023/2024,2023-10-08,8,West_Ham_United,Newcastle_United,2,2,1.158,2.0119,1,0
Premier League,2023/2024,2023-10-08,8,Brighton_&_Hove_Albion,Liverpool,2,2,2.3221,2.3481,1,0
League One,2023/2024,2023-10-09,12,Burton_Albion,Cambridge_United,2,1,1.3407,0.8096,1,0
League One,2023/2024,2023-10-14,13,Lincoln_City,Burton_Albion,0,1,0.2649,0.7171,1,0
League One,2023/2024,2023-10-14,13,Blackpool,Stevenage,3,0,1.3747,0.4159,1,0
League One,2023/2024,2023-10-14,13,Cambridge_United,Shrewsbury_Town,1,1,0.835,1.0945,1,0
League One,2023/2024,2023-10-14,13,Carlisle_United,Leyton_Orient,0,1,0.4665,1.5109,1,0
League One,2023/2024,2023-10-21,14,Bolton_Wanderers,Northampton_Town,2,1,1.8438,0.4588,1,0
League One,2023/2024,2023-10-21,14,Charlton_Athletic,Reading,4,0,1.6545,0.923,1,0
League One,2023/2024,2023-10-21,14,Cheltenham_Town,Cambridge_United,1,0,1.141,0.6331,1,0
League One,2023/2024,2023-10-21,14,Exeter_City,Wigan_Athletic,0,2,1.6529,0.7314,1,0
League One,2023/2024,2023-10-21,14,Fleetwood_Town,Lincoln_City,0,1,0.5535,1.2082,1,0
League One,2023/2024,2023-10-21,14,Leyton_Orient,Barnsley,1,1,1.5795,0.2375,1,0
League One,2023/2024,2023-10-21,14,Oxford_United,Blackpool,1,1,0.3487,0.9619,1,0
League One,2023/2024,2023-10-21,14,Peterborough_United,Wycombe_Wanderers,2,2,0.4259,1.3173,1,0
League One,2023/2024,2023-10-21,14,Portsmouth,Carlisle_United,1,0,1.3602,0.9347,1,0
League One,2023/2024,2023-10-21,14,Shrewsbury_Town,Derby_County,1,0,1.7424,0.8778,1,0
League One,2023/2024,2023-10-21,14,Burton_Albion,Bristol_Rovers,4,1,1.4578,1.0329,1,0
League One,2023/2024,2023-10-21,14,Stevenage,Port_Vale,0,0,1.108,0.4126,1,0
Championship,2023/2024,2023-10-21,12,Hull_City,Southampton,1,2,1.1737,1.5071,1,0
Premier League,2023/2024,2023-10-21,9,Brentford,Burnley,3,0,3.2365,1.141,1,0
Premier League,2023/2024,2023-10-21,9,Manchester_City,Brighton_&_Hove_Albion,2,1,0.7547,0.827,1,0
Premier League,2023/2024,2023-10-21,9,Newcastle_United,Crystal_Palace,4,0,2.3908,1.2096,1,0
Premier League,2023/2024,2023-10-21,9,Nottingham_Forest,Luton_Town,2,2,2.9736,1.7107,1,0
Premier League,2023/2024,2023-10-21,9,Sheffield_United,Manchester_United,1,2,1.4176,1.0981,1,0
Championship,2023/2024,2023-10-21,12,West_Bromwich_Albion,Plymouth_Argyle,0,0,0.7549,0.3505,1,0
Championship,2023/2024,2023-10-21,12,Watford,Sheffield_Wednesday,1,0,0.4467,0.38,1,0
Championship,2023/2024,2023-10-21,12,Swansea_City,Leicester_City,1,3,0.685,3.0746,1,0
Championship,2023/2024,2023-10-21,12,Stoke_City,Sunderland,2,1,0.6504,1.8777,1,0
Championship,2023/2024,2023-10-21,12,Norwich_City,Leeds_United,2,3,0.9247,1.4872,1,0
Championship,2023/2024,2023-10-21,12,Middlesbrough,Birmingham_City,1,0,2.0061,0.2483,1,0
Championship,2023/2024,2023-10-21,12,Huddersfield_Town,Queens_Park_Rangers,2,1,1.033,1.3124,1,0
Championship,2023/2024,2023-10-21,12,Bristol_City,Coventry_City,1,0,0.366,0.5667,1,0
Championship,2023/2024,2023-10-21,12,Blackburn_Rovers,Cardiff_City,1,0,1.0852,0.6544,1,0
Championship,2023/2024,2023-10-21,12,Preston_North_End,Millwall,1,1,0.4837,0.3442,1,0
Premier League,2023/2024,2023-10-21,9,AFC_Bournemouth,Wolverhampton_Wanderers,1,2,0.6252,2.3548,1,0
Premier League,2023/2024,2023-10-21,9,Liverpool,Everton,2,0,2.233,0.1346,1,0
Premier League,2023/2024,2023-10-21,9,Chelsea,Arsenal,2,2,1.3496,0.9894,1,0
Premier League,2023/2024,2023-10-22,9,Aston_Villa,West_Ham_United,4,1,1.9411,1.1571,1,0
Premier League,2023/2024,2023-10-23,9,Tottenham_Hotspur,Fulham,2,0,1.5321,1.0275,1,0
Championship,2023/2024,2023-10-24,13,Swansea_City,Watford,0,1,0.6751,0.7266,1,0
League One,2023/2024,2023-10-24,15,Wycombe_Wanderers,Bolton_Wanderers,2,4,0.7202,1.5754,1,0
League One,2023/2024,2023-10-24,15,Reading,Fleetwood_Town,1,2,2.2828,2.6265,1,0
Championship,2023/2024,2023-10-24,13,Huddersfield_Town,Cardiff_City,0,4,1.5781,1.4123,1,0
Championship,2023/2024,2023-10-24,13,Millwall,Blackburn_Rovers,1,2,1.9202,1.1443,1,0
League One,2023/2024,2023-10-24,15,Barnsley,Shrewsbury_Town,3,0,2.4736,1.0508,1,0
Championship,2023/2024,2023-10-24,13,Norwich_City,Middlesbrough,1,2,0.5496,1.3321,1,0
League One,2023/2024,2023-10-24,15,Wigan_Athletic,Oxford_United,2,0,0.6278,0.3747,1,0
League One,2023/2024,2023-10-24,15,Port_Vale,Peterborough_United,0,1,0.827,1.2872,1,0
Championship,2023/2024,2023-10-24,13,Leicester_City,Sunderland,1,0,1.3372,1.1076,1,0
League One,2023/2024,2023-10-24,15,Lincoln_City,Charlton_Athletic,3,1,2.7834,1.5409,1,0
League One,2023/2024,2023-10-24,15,Derby_County,Exeter_City,2,0,1.7627,0.1513,1,0
League One,2023/2024,2023-10-24,15,Carlisle_United,Burton_Albion,2,1,2.3341,0.3244,1,0
League One,2023/2024,2023-10-24,15,Cambridge_United,Portsmouth,0,0,0.543,1.0195,1,0
League One,2023/2024,2023-10-24,15,Bristol_Rovers,Stevenage,1,1,1.329,1.8446,1,0
League One,2023/2024,2023-10-24,15,Blackpool,Cheltenham_Town,3,2,2.4658,0.6407,1,0
Championship,2023/2024,2023-10-24,13,West_Bromwich_Albion,Queens_Park_Rangers,2,0,2.8615,0.2392,1,0
League One,2023/2024,2023-10-24,15,Northampton_Town,Leyton_Orient,2,2,1.1769,2.1831,1,0
Championship,2023/2024,2023-10-25,13,Rotherham_United,Coventry_City,2,0,1.4509,2.5031,1,0
Championship,2023/2024,2023-10-25,13,Stoke_City,Leeds_United,1,0,0.8396,1.8468,1,0
Championship,2023/2024,2023-10-25,13,Plymouth_Argyle,Sheffield_Wednesday,3,0,1.0595,1.0886,1,0
Championship,2023/2024,2023-10-25,13,Bristol_City,Ipswich_Town,0,1,0.7597,1.7548,1,0
Championship,2023/2024,2023-10-25,13,Birmingham_City,Hull_City,0,2,0.6053,1.2006,1,0
Championship,2023/2024,2023-10-25,13,Preston_North_End,Southampton,2,2,0.8452,0.8453,1,0
Premier League,2023/2024,2023-10-27,10,Crystal_Palace,Tottenham_Hotspur,1,2,0.6149,1.1174,1,0
Championship,2023/2024,2023-10-28,14,Leeds_United,Huddersfield_Town,4,1,1.7518,0.8971,1,0
League One,2023/2024,2023-10-28,16,Exeter_City,Lincoln_City,1,1,2.1685,1.0769,1,0
Championship,2023/2024,2023-10-28,14,Blackburn_Rovers,Swansea_City,0,1,1.7502,1.0161,1,0
Championship,2023/2024,2023-10-28,14,Southampton,Birmingham_City,3,1,2.287,0.5976,1,0
Premier League,2023/2024,2023-10-28,10,Wolverhampton_Wanderers,Newcastle_United,2,2,0.8918,2.1933,1,0
Premier League,2023/2024,2023-10-28,10,Arsenal,Sheffield_United,5,0,2.7723,0.0305,1,0
League One,2023/2024,2023-10-28,16,Oxford_United,Wycombe_Wanderers,2,2,2.6934,1.8819,1,0
Premier League,2023/2024,2023-10-28,10,Chelsea,Brentford,0,2,2.0292,2.1615,1,0
League One,2023/2024,2023-10-28,16,Port_Vale,Cheltenham_Town,1,2,0.6848,0.761,1,0
League One,2023/2024,2023-10-28,16,Reading,Portsmouth,2,3,1.4581,2.6724,1,0
League One,2023/2024,2023-10-28,16,Stevenage,Derby_County,3,1,1.8306,0.7867,1,0
League One,2023/2024,2023-10-28,16,Wigan_Athletic,Shrewsbury_Town,2,0,1.7369,0.3016,1,0
Championship,2023/2024,2023-10-28,14,Watford,Millwall,2,2,2.1847,0.9672,1,0
Championship,2023/2024,2023-10-28,14,Sunderland,Norwich_City,3,1,2.6057,0.7228,1,0
Championship,2023/2024,2023-10-28,14,Queens_Park_Rangers,Leicester_City,1,2,0.4217,1.0729,1,0
Premier League,2023/2024,2023-10-28,10,AFC_Bournemouth,Burnley,2,1,1.1058,0.8256,1,0
Championship,2023/2024,2023-10-28,14,Middlesbrough,Stoke_City,0,2,1.0066,1.4165,1,0
Championship,2023/2024,2023-10-28,14,Hull_City,Preston_North_End,1,0,0.498,0.3744,1,0
Championship,2023/2024,2023-10-28,14,Cardiff_City,Bristol_City,2,0,0.9758,0.7673,1,0
League One,2023/2024,2023-10-28,16,Charlton_Athletic,Bolton_Wanderers,0,2,1.0273,0.5719,1,0
League One,2023/2024,2023-10-28,16,Cambridge_United,Carlisle_United,1,0,1.1758,0.3506,1,0
League One,2023/2024,2023-10-28,16,Burton_Albion,Leyton_Orient,0,0,1.2861,0.4482,1,0
League One,2023/2024,2023-10-28,16,Bristol_Rovers,Northampton_Town,2,1,2.1284,1.4974,1,0
League One,2023/2024,2023-10-28,16,Blackpool,Peterborough_United,2,4,1.7562,2.4115,1,0
Championship,2023/2024,2023-10-28,14,Ipswich_Town,Plymouth_Argyle,3,2,2.0538,1.6105,1,0
League One,2023/2024,2023-10-28,16,Barnsley,Fleetwood_Town,2,2,3.3888,0.8681,1,0
Premier League,2023/2024,2023-10-29,10,Aston_Villa,Luton_Town,3,1,2.2849,0.4835,1,0
Premier League,2023/2024,2023-10-29,10,Liverpool,Nottingham_Forest,3,0,3.1926,0.4474,1,0
Premier League,2023/2024,2023-10-29,10,Brighton_&_Hove_Albion,Fulham,1,1,1.4258,0.7099,1,0
Premier League,2023/2024,2023-10-29,10,West_Ham_United,Everton,0,1,0.6615,0.8165,1,0
Championship,2023/2024,2023-10-29,14,Sheffield_Wednesday,Rotherham_United,2,0,2.5974,0.422,1,0
Premier League,2023/2024,2023-10-29,10,Manchester_United,Manchester_City,0,3,0.9459,3.9956,1,0
Championship,2023/2024,2023-10-30,14,Coventry_City,West_Bromwich_Albion,0,2,1.821,1.9609,1,0
League One,2023/2024,2023-10-31,7,Derby_County,Northampton_Town,4,0,2.6431,0.2029,1,0
League One,2023/2024,2023-10-31,7,Wigan_Athletic,Charlton_Athletic,2,3,0.9305,1.4252,1,0
League One,2023/2024,2023-10-31,7,Lincoln_City,Oxford_United,0,2,0.2288,0.6639,1,0
League One,2023/2024,2023-10-31,7,Wycombe_Wanderers,Cambridge_United,0,0,0.8456,0.5762,1,0
League One,2023/2024,2023-11-01,7,Fleetwood_Town,Blackpool,3,3,1.5232,2.2061,1,0
Championship,2023/2024,2023-11-03,15,Leicester_City,Leeds_United,0,1,0.6454,1.3949,1,0
Championship,2023/2024,2023-11-04,15,West_Bromwich_Albion,Hull_City,3,1,0.9864,0.4892,1,0
Championship,2023/2024,2023-11-04,15,Huddersfield_Town,Watford,0,0,0.1471,0.3965,1,0
Championship,2023/2024,2023-11-04,15,Millwall,Southampton,0,1,0.531,1.1043,1,0
Championship,2023/2024,2023-11-04,15,Plymouth_Argyle,Middlesbrough,3,3,1.0292,2.565,1,0
Championship,2023/2024,2023-11-04,15,Preston_North_End,Coventry_City,3,2,2.1993,2.3163,1,0
Championship,2023/2024,2023-11-04,15,Rotherham_United,Queens_Park_Rangers,1,1,0.5145,1.0218,1,0
Championship,2023/2024,2023-11-04,15,Stoke_City,Cardiff_City,0,0,0.4074,0.4256,1,0
Championship,2023/2024,2023-11-04,15,Swansea_City,Sunderland,0,0,0.874,1.9648,1,0
Championship,2023/2024,2023-11-04,15,Birmingham_City,Ipswich_Town,2,2,0.8633,1.6769,1,0
Championship,2023/2024,2023-11-04,15,Bristol_City,Sheffield_Wednesday,1,0,1.5959,1.2935,1,0
Premier League,2023/2024,2023-11-04,11,Burnley,Crystal_Palace,0,2,1.1233,1.304,1,0
Premier League,2023/2024,2023-11-04,11,Everton,Brighton_&_Hove_Albion,1,1,0.7053,0.5066,1,0
Premier League,2023/2024,2023-11-04,11,Newcastle_United,Arsenal,1,0,1.0387,0.5711,1,0
Premier League,2023/2024,2023-11-04,11,Brentford,West_Ham_United,3,2,1.6265,1.8186,1,0
Premier League,2023/2024,2023-11-04,11,Fulham,Manchester_United,0,1,1.0073,0.6943,1,0
Premier League,2023/2024,2023-11-04,11,Manchester_City,AFC_Bournemouth,6,1,1.9476,0.9051,1,0
Premier League,2023/2024,2023-11-04,11,Sheffield_United,Wolverhampton_Wanderers,2,1,1.0479,1.3283,1,0
Premier League,2023/2024,2023-11-05,11,Luton_Town,Liverpool,1,1,0.813,2.8458,1,0
Championship,2023/2024,2023-11-05,15,Norwich_City,Blackburn_Rovers,1,3,1.3294,1.3585,1,0
Premier League,2023/2024,2023-11-05,11,Nottingham_Forest,Aston_Villa,2,0,0.3769,1.2292,1,0
Premier League,2023/2024,2023-11-06,11,Tottenham_Hotspur,Chelsea,1,4,0.8901,4.1165,1,0
Championship,2023/2024,2023-11-07,12,Rotherham_United,Ipswich_Town,2,2,1.2459,0.919,1,0
League One,2023/2024,2023-11-07,7,Reading,Bristol_Rovers,1,1,0.2499,1.0254,1,0
League One,2023/2024,2023-11-07,13,Wigan_Athletic,Peterborough_United,2,1,0.9603,1.8862,1,0
League One,2023/2024,2023-11-07,7,Shrewsbury_Town,Bolton_Wanderers,0,2,0.3676,0.7037,1,0
Championship,2023/2024,2023-11-10,16,Blackburn_Rovers,Preston_North_End,1,2,1.4616,1.1338,1,0
Premier League,2023/2024,2023-11-11,12,AFC_Bournemouth,Newcastle_United,2,0,2.4553,0.4855,1,0
Championship,2023/2024,2023-11-11,16,Sunderland,Birmingham_City,3,1,3.0928,1.371,1,0
Championship,2023/2024,2023-11-11,16,Southampton,West_Bromwich_Albion,2,1,1.0824,2.1155,1,0
Championship,2023/2024,2023-11-11,16,Cardiff_City,Norwich_City,2,3,1.3472,3.4532,1,0
Championship,2023/2024,2023-11-11,16,Coventry_City,Stoke_City,0,0,1.1113,0.6653,1,0
Championship,2023/2024,2023-11-11,16,Hull_City,Huddersfield_Town,1,0,1.3759,0.0738,1,0
Championship,2023/2024,2023-11-11,16,Ipswich_Town,Swansea_City,3,2,3.785,1.6415,1,0
Championship,2023/2024,2023-11-11,16,Leeds_United,Plymouth_Argyle,2,1,1.7077,1.4299,1,0
Championship,2023/2024,2023-11-11,16,Middlesbrough,Leicester_City,1,0,0.9181,0.8424,1,0
Championship,2023/2024,2023-11-11,16,Queens_Park_Rangers,Bristol_City,0,0,0.3633,0.4503,1,0
Championship,2023/2024,2023-11-11,16,Sheffield_Wednesday,Millwall,0,4,1.6894,1.8341,1,0
Premier League,2023/2024,2023-11-11,12,Manchester_United,Luton_Town,1,0,2.1816,0.4061,1,0
Premier League,2023/2024,2023-11-11,12,Crystal_Palace,Everton,2,3,2.1671,1.5316,1,0
League One,2023/2024,2023-11-11,17,Lincoln_City,Port_Vale,1,1,1.9965,0.8901,1,0
Premier League,2023/2024,2023-11-11,12,Wolverhampton_Wanderers,Tottenham_Hotspur,2,1,2.1535,0.699,1,0
League One,2023/2024,2023-11-11,17,Peterborough_United,Cambridge_United,5,0,2.4679,0.3061,1,0
League One,2023/2024,2023-11-11,17,Bolton_Wanderers,Blackpool,1,0,0.926,0.6344,1,0
League One,2023/2024,2023-11-11,17,Carlisle_United,Bristol_Rovers,0,1,0.6173,0.3763,1,0
League One,2023/2024,2023-11-11,17,Shrewsbury_Town,Reading,3,2,1.7277,1.3916,1,0
League One,2023/2024,2023-11-11,17,Cheltenham_Town,Wigan_Athletic,1,1,1.9417,1.0121,1,0
League One,2023/2024,2023-11-11,17,Derby_County,Barnsley,3,0,3.2204,0.6134,1,0
League One,2023/2024,2023-11-11,17,Fleetwood_Town,Exeter_City,3,0,2.6634,1.0964,1,0
Premier League,2023/2024,2023-11-11,12,Arsenal,Burnley,3,1,1.9513,0.3161,1,0
League One,2023/2024,2023-11-11,17,Leyton_Orient,Oxford_United,2,3,0.951,2.2021,1,0
League One,2023/2024,2023-11-11,17,Northampton_Town,Burton_Albion,2,0,1.7185,0.6616,1,0
League One,2023/2024,2023-11-11,17,Wycombe_Wanderers,Stevenage,0,1,0.444,0.5451,1,0
League One,2023/2024,2023-11-11,17,Portsmouth,Charlton_Athletic,2,2,2.7383,0.5316,1,0
Championship,2023/2024,2023-11-11,16,Watford,Rotherham_United,5,0,2.2422,0.7239,1,0
Premier League,2023/2024,2023-11-12,12,Chelsea,Manchester_City,4,4,2.9546,2.8795,1,0
Premier League,2023/2024,2023-11-12,12,West_Ham_United,Nottingham_Forest,3,2,1.7974,1.6877,1,0
Premier League,2023/2024,2023-11-12,12,Liverpool,Brentford,3,0,1.7128,1.6761,1,0
Premier League,2023/2024,2023-11-12,12,Brighton_&_Hove_Albion,Sheffield_United,1,1,1.5342,1.0701,1,0
Premier League,2023/2024,2023-11-12,12,Aston_Villa,Fulham,3,1,3.0846,0.9266,1,0
League One,2023/2024,2023-11-18,18,Blackpool,Shrewsbury_Town,4,0,3.0881,0.4091,1,0
League One,2023/2024,2023-11-18,18,Stevenage,Lincoln_City,1,0,1.916,0.2051,1,0
League One,2023/2024,2023-11-21,11,Leyton_Orient,Lincoln_City,0,1,1.3482,0.7438,1,0
Championship,2023/2024,2023-11-24,17,Rotherham_United,Leeds_United,1,1,0.659,1.6369,1,0
Championship,2023/2024,2023-11-25,17,Bristol_City,Middlesbrough,3,2,1.98,0.7731,1,0
Premier League,2023/2024,2023-11-25,13,Sheffield_United,AFC_Bournemouth,1,3,0.7773,2.8628,1,0
Premier League,2023/2024,2023-11-25,13,Nottingham_Forest,Brighton_&_Hove_Albion,2,3,1.9282,1.4836,1,0
Premier League,2023/2024,2023-11-25,13,Newcastle_United,Chelsea,4,1,2.3553,0.5253,1,0
Premier League,2023/2024,2023-11-25,13,Luton_Town,Crystal_Palace,2,1,0.9442,1.6729,1,0
Premier League,2023/2024,2023-11-25,13,Burnley,West_Ham_United,1,2,1.2608,0.8995,1,0
League One,2023/2024,2023-11-25,19,Bolton_Wanderers,Exeter_City,7,0,4.0446,0.0656,1,0
Championship,2023/2024,2023-11-25,17,Huddersfield_Town,Southampton,1,1,0.4533,1.4694,1,0
League One,2023/2024,2023-11-25,19,Carlisle_United,Charlton_Athletic,1,1,0.8289,1.6973,1,0
Premier League,2023/2024,2023-11-25,13,Brentford,Arsenal,0,1,1.1875,1.652,1,0
League One,2023/2024,2023-11-25,19,Shrewsbury_Town,Port_Vale,2,1,0.6181,1.355,1,0
League One,2023/2024,2023-11-25,19,Portsmouth,Blackpool,0,4,0.7239,1.2779,1,0
League One,2023/2024,2023-11-25,19,Peterborough_United,Burton_Albion,4,0,2.8524,0.8629,1,0
League One,2023/2024,2023-11-25,19,Northampton_Town,Cambridge_United,2,1,1.5345,1.4063,1,0
Premier League,2023/2024,2023-11-25,13,Manchester_City,Liverpool,1,1,1.3586,0.5564,1,0
League One,2023/2024,2023-11-25,19,Cheltenham_Town,Oxford_United,2,0,1.2238,1.4188,1,0
League One,2023/2024,2023-11-25,19,Wycombe_Wanderers,Reading,1,2,0.5127,1.4777,1,0
League One,2023/2024,2023-11-25,19,Fleetwood_Town,Stevenage,0,3,2.0445,1.1298,1,0
League One,2023/2024,2023-11-25,19,Leyton_Orient,Wigan_Athletic,1,1,0.7934,0.9892,1,0
League One,2023/2024,2023-11-25,19,Lincoln_City,Barnsley,2,2,1.8117,1.83,1,0
Championship,2023/2024,2023-11-25,17,Birmingham_City,Sheffield_Wednesday,2,1,1.5151,1.9876,1,0
Championship,2023/2024,2023-11-25,17,Leicester_City,Watford,2,0,2.9381,0.7543,1,0
Championship,2023/2024,2023-11-25,17,Millwall,Coventry_City,0,3,1.8197,2.9056,1,0
Championship,2023/2024,2023-11-25,17,Norwich_City,Queens_Park_Rangers,1,0,0.7554,0.5789,1,0
Championship,2023/2024,2023-11-25,17,West_Bromwich_Albion,Ipswich_Town,2,0,1.703,0.2345,1,0
Championship,2023/2024,2023-11-25,17,Plymouth_Argyle,Sunderland,2,0,0.8439,1.7808,1,0
Championship,2023/2024,2023-11-25,17,Swansea_City,Hull_City,2,2,1.298,1.4396,1,0
Championship,2023/2024,2023-11-25,17,Preston_North_End,Cardiff_City,1,2,0.5001,0.783,1,0
League One,2023/2024,2023-11-25,19,Derby_County,Bristol_Rovers,2,1,0.4478,0.4423,1,0
Championship,2023/2024,2023-11-25,17,Stoke_City,Blackburn_Rovers,0,3,0.8179,1.7112,1,0
Premier League,2023/2024,2023-11-26,13,Everton,Manchester_United,0,3,2.4713,2.2164,1,0
Premier League,2023/2024,2023-11-26,13,Tottenham_Hotspur,Aston_Villa,1,2,2.3366,1.7596,1,0
Premier League,2023/2024,2023-11-27,13,Fulham,Wolverhampton_Wanderers,3,2,2.9001,1.3518,1,0
League One,2023/2024,2023-11-28,20,Cambridge_United,Lincoln_City,0,3,0.3633,2.3548,1,0
Championship,2023/2024,2023-11-28,18,Middlesbrough,Preston_North_End,4,0,3.0372,0.1785,1,0
Championship,2023/2024,2023-11-28,18,Hull_City,Rotherham_United,4,1,3.7204,0.5255,1,0
Championship,2023/2024,2023-11-28,18,Coventry_City,Plymouth_Argyle,1,0,1.382,0.5676,1,0
Championship,2023/2024,2023-11-28,18,Cardiff_City,West_Bromwich_Albion,0,1,0.4792,1.2207,1,0
Championship,2023/2024,2023-11-28,18,Queens_Park_Rangers,Stoke_City,4,2,2.2447,0.8868,1,0
League One,2023/2024,2023-11-28,20,Barnsley,Wycombe_Wanderers,1,0,1.6857,0.8102,1,0
League One,2023/2024,2023-11-28,20,Blackpool,Northampton_Town,1,2,1.3108,0.8935,1,0
League One,2023/2024,2023-11-28,20,Bristol_Rovers,Leyton_Orient,1,1,0.6717,0.3266,1,0
League One,2023/2024,2023-11-28,20,Burton_Albion,Portsmouth,0,2,1.0728,1.9407,1,0
Championship,2023/2024,2023-11-28,18,Watford,Norwich_City,3,2,1.592,0.5933,1,0
League One,2023/2024,2023-11-28,20,Exeter_City,Shrewsbury_Town,0,0,0.6649,0.5841,1,0
League One,2023/2024,2023-11-28,20,Oxford_United,Bolton_Wanderers,0,0,0.726,1.1818,1,0
League One,2023/2024,2023-11-28,20,Port_Vale,Derby_County,0,1,0.4044,0.8486,1,0
League One,2023/2024,2023-11-28,20,Stevenage,Peterborough_United,2,2,0.6266,3.7495,1,0
League One,2023/2024,2023-11-28,20,Wigan_Athletic,Fleetwood_Town,3,0,2.2012,0.3815,1,0
League One,2023/2024,2023-11-28,20,Reading,Carlisle_United,5,1,2.0898,0.797,1,0
League One,2023/2024,2023-11-28,20,Charlton_Athletic,Cheltenham_Town,2,1,2.5983,0.8882,1,0
Championship,2023/2024,2023-11-29,18,Ipswich_Town,Millwall,3,1,1.3229,0.3767,1,0
Championship,2023/2024,2023-11-29,18,Blackburn_Rovers,Birmingham_City,4,2,1.644,1.2931,1,0
Championship,2023/2024,2023-11-29,18,Leeds_United,Swansea_City,3,1,2.4093,0.3379,1,0
Championship,2023/2024,2023-11-29,18,Sheffield_Wednesday,Leicester_City,1,1,1.4862,1.1268,1,0
Championship,2023/2024,2023-11-29,18,Southampton,Bristol_City,1,0,0.7138,0.8067,1,0
Championship,2023/2024,2023-11-29,18,Sunderland,Huddersfield_Town,1,2,2.7349,0.9495,1,0
Championship,2023/2024,2023-12-01,19,Preston_North_End,Queens_Park_Rangers,0,2,0.2648,1.3459,1,0
Premier League,2023/2024,2023-12-02,14,Arsenal,Wolverhampton_Wanderers,2,1,2.8857,0.7128,1,0
Premier League,2023/2024,2023-12-02,14,Nottingham_Forest,Everton,0,1,0.7195,0.666,1,0
Premier League,2023/2024,2023-12-02,14,Burnley,Sheffield_United,5,0,1.8132,0.3929,1,0
Premier League,2023/2024,2023-12-02,14,Brentford,Luton_Town,3,1,3.4691,0.2331,1,0
League One,2023/2024,2023-12-02,13,Northampton_Town,Portsmouth,0,3,0.507,2.3652,1,0
Championship,2023/2024,2023-12-02,19,Swansea_City,Huddersfield_Town,1,1,1.6511,0.2862,1,0
Championship,2023/2024,2023-12-02,19,Southampton,Cardiff_City,2,0,2.4989,0.8319,1,0
Premier League,2023/2024,2023-12-02,14,Newcastle_United,Manchester_United,1,0,2.4969,0.4836,1,0
Championship,2023/2024,2023-12-02,19,Sheffield_Wednesday,Blackburn_Rovers,3,1,1.0074,1.4905,1,0
Championship,2023/2024,2023-12-02,19,Millwall,Sunderland,1,1,0.771,1.6155,1,0
Championship,2023/2024,2023-12-02,19,Leeds_United,Middlesbrough,3,2,3.1029,1.5182,1,0
Championship,2023/2024,2023-12-02,19,Ipswich_Town,Coventry_City,2,1,1.7176,1.3795,1,0
Championship,2023/2024,2023-12-02,19,Hull_City,Watford,1,2,1.9179,0.6331,1,0
Championship,2023/2024,2023-12-02,19,Birmingham_City,Rotherham_United,0,0,0.6152,1.1382,1,0
Championship,2023/2024,2023-12-02,19,West_Bromwich_Albion,Leicester_City,1,2,0.9747,1.2683,1,0
Championship,2023/2024,2023-12-02,19,Plymouth_Argyle,Stoke_City,2,1,1.7826,2.2395,1,0
Premier League,2023/2024,2023-12-03,14,West_Ham_United,Crystal_Palace,1,1,1.1273,0.934,1,0
Premier League,2023/2024,2023-12-03,14,Liverpool,Fulham,4,3,2.2291,1.2125,1,0
Premier League,2023/2024,2023-12-03,14,Manchester_City,Tottenham_Hotspur,3,3,2.5741,0.4631,1,0
Premier League,2023/2024,2023-12-03,14,AFC_Bournemouth,Aston_Villa,2,2,2.0173,0.6782,1,0
Championship,2023/2024,2023-12-03,19,Bristol_City,Norwich_City,1,2,1.1278,1.1412,1,0
Premier League,2023/2024,2023-12-03,14,Chelsea,Brighton_&_Hove_Albion,3,2,2.1051,1.14,1,0
Premier League,2023/2024,2023-12-05,15,Wolverhampton_Wanderers,Burnley,1,0,0.8253,0.8672,1,0
Premier League,2023/2024,2023-12-05,15,Luton_Town,Arsenal,3,4,0.5073,2.2643,1,0
Premier League,2023/2024,2023-12-06,15,Crystal_Palace,AFC_Bournemouth,0,2,1.0061,1.896,1,0
Premier League,2023/2024,2023-12-06,15,Aston_Villa,Manchester_City,1,0,2.3846,0.6483,1,0
Premier League,2023/2024,2023-12-06,15,Fulham,Nottingham_Forest,5,0,2.5209,0.2605,1,0
Premier League,2023/2024,2023-12-06,15,Sheffield_United,Liverpool,0,2,0.9854,1.6924,1,0
Premier League,2023/2024,2023-12-06,15,Manchester_United,Chelsea,2,1,4.1668,1.5171,1,0
Premier League,2023/2024,2023-12-06,15,Brighton_&_Hove_Albion,Brentford,2,1,1.5661,1.5162,1,0
Premier League,2023/2024,2023-12-07,15,Everton,Newcastle_United,3,0,3.3586,1.571,1,0
Premier League,2023/2024,2023-12-07,15,Tottenham_Hotspur,West_Ham_United,1,2,1.7875,2.2341,1,0
Championship,2023/2024,2023-12-08,20,Coventry_City,Birmingham_City,2,0,1.2376,0.5186,1,0
Championship,2023/2024,2023-12-09,20,Queens_Park_Rangers,Hull_City,2,0,0.8523,0.8434,1,0
Championship,2023/2024,2023-12-09,20,Rotherham_United,Swansea_City,1,2,0.5266,2.0171,1,0
Championship,2023/2024,2023-12-09,20,Norwich_City,Preston_North_End,0,0,1.3025,0.7621,1,0
Championship,2023/2024,2023-12-09,20,Stoke_City,Sheffield_Wednesday,0,1,1.8375,0.8075,1,0
Championship,2023/2024,2023-12-09,20,Leicester_City,Plymouth_Argyle,4,0,2.9964,1.2113,1,0
Championship,2023/2024,2023-12-09,20,Huddersfield_Town,Bristol_City,1,1,0.412,1.1176,1,0
Championship,2023/2024,2023-12-09,20,Blackburn_Rovers,Leeds_United,0,2,0.6801,1.0009,1,0
Championship,2023/2024,2023-12-09,20,Middlesbrough,Ipswich_Town,0,2,0.4894,0.938,1,0
Championship,2023/2024,2023-12-09,20,Watford,Southampton,1,1,0.6093,0.8015,1,0
Championship,2023/2024,2023-12-09,20,Cardiff_City,Millwall,1,0,0.831,1.4515,1,0
League One,2023/2024,2023-12-09,21,Wycombe_Wanderers,Shrewsbury_Town,0,1,1.5492,0.4047,1,0
Championship,2023/2024,2023-12-09,20,Sunderland,West_Bromwich_Albion,2,1,1.3979,0.6401,1,0
League One,2023/2024,2023-12-09,21,Burton_Albion,Stevenage,1,2,1.2986,2.812,1,0
League One,2023/2024,2023-12-09,21,Charlton_Athletic,Cambridge_United,2,2,0.6107,1.8721,1,0
League One,2023/2024,2023-12-09,21,Exeter_City,Port_Vale,0,1,1.4877,1.2874,1,0
League One,2023/2024,2023-12-09,21,Leyton_Orient,Derby_County,0,3,0.4985,2.8164,1,0
League One,2023/2024,2023-12-09,21,Northampton_Town,Fleetwood_Town,3,0,2.5276,0.512,1,0
League One,2023/2024,2023-12-09,21,Peterborough_United,Oxford_United,3,0,3.1672,0.5933,1,0
League One,2023/2024,2023-12-09,21,Reading,Barnsley,1,3,0.9054,2.2657,1,0
League One,2023/2024,2023-12-09,21,Wigan_Athletic,Lincoln_City,0,0,0.3261,0.574,1,0
League One,2023/2024,2023-12-09,21,Blackpool,Carlisle_United,3,0,2.0914,0.9242,1,0
League One,2023/2024,2023-12-09,21,Bristol_Rovers,Cheltenham_Town,1,1,1.191,1.9378,1,0
Premier League,2023/2024,2023-12-09,16,Crystal_Palace,Liverpool,1,2,1.7446,1.247,1,0
Premier League,2023/2024,2023-12-09,16,Brighton_&_Hove_Albion,Burnley,1,1,2.7848,0.5611,1,0
Premier League,2023/2024,2023-12-09,16,Manchester_United,AFC_Bournemouth,0,3,1.1615,1.4771,1,0
Premier League,2023/2024,2023-12-09,16,Sheffield_United,Brentford,1,0,0.8082,0.6597,1,0
Premier League,2023/2024,2023-12-09,16,Wolverhampton_Wanderers,Nottingham_Forest,1,1,1.1749,1.2877,1,0
Premier League,2023/2024,2023-12-09,16,Aston_Villa,Arsenal,1,0,0.5699,1.4035,1,0
Premier League,2023/2024,2023-12-10,16,Everton,Chelsea,2,0,1.2248,0.9454,1,0
Premier League,2023/2024,2023-12-10,16,Fulham,West_Ham_United,5,0,2.3741,1.3391,1,0
Premier League,2023/2024,2023-12-10,16,Luton_Town,Manchester_City,1,2,0.3308,1.6113,1,0
Premier League,2023/2024,2023-12-10,16,Tottenham_Hotspur,Newcastle_United,4,1,3.8086,1.6862,1,0
League One,2023/2024,2023-12-11,21,Portsmouth,Bolton_Wanderers,2,0,1.8397,1.5985,1,0
League One,2023/2024,2023-12-12,13,Reading,Oxford_United,1,1,1.3071,0.5198,1,0
Championship,2023/2024,2023-12-12,21,Blackburn_Rovers,Bristol_City,2,1,1.3238,0.842,1,0
Championship,2023/2024,2023-12-12,21,Huddersfield_Town,Preston_North_End,1,3,0.6059,0.5343,1,0
Championship,2023/2024,2023-12-12,21,Rotherham_United,West_Bromwich_Albion,0,2,0.0721,0.4761,1,0
Championship,2023/2024,2023-12-12,21,Stoke_City,Swansea_City,1,1,2.7836,0.6671,1,0
Championship,2023/2024,2023-12-12,21,Watford,Ipswich_Town,1,2,1.4801,1.824,1,0
Championship,2023/2024,2023-12-12,21,Sunderland,Leeds_United,1,0,1.2171,0.6469,1,0
Championship,2023/2024,2023-12-13,21,Norwich_City,Sheffield_Wednesday,3,1,1.5965,1.5121,1,0
Championship,2023/2024,2023-12-13,21,Queens_Park_Rangers,Plymouth_Argyle,0,0,1.4373,0.7448,1,0
Championship,2023/2024,2023-12-13,21,Middlesbrough,Hull_City,1,2,1.3724,1.2041,1,0
Championship,2023/2024,2023-12-13,21,Leicester_City,Millwall,3,2,2.0533,1.3311,1,0
Championship,2023/2024,2023-12-13,21,Coventry_City,Southampton,1,1,0.5733,0.7429,1,0
Championship,2023/2024,2023-12-13,21,Cardiff_City,Birmingham_City,0,1,1.0434,1.8576,1,0
Premier League,2023/2024,2023-12-15,17,Nottingham_Forest,Tottenham_Hotspur,0,2,1.3483,1.5709,1,0
League One,2023/2024,2023-12-16,22,Cheltenham_Town,Leyton_Orient,1,2,1.486,1.7424,1,0
Premier League,2023/2024,2023-12-16,17,Manchester_City,Crystal_Palace,2,2,1.6052,1.8159,1,0
League One,2023/2024,2023-12-16,22,Fleetwood_Town,Peterborough_United,0,1,1.0401,2.7339,1,0
League One,2023/2024,2023-12-16,22,Lincoln_City,Reading,1,1,0.2288,0.8455,1,0
League One,2023/2024,2023-12-16,22,Oxford_United,Burton_Albion,3,0,2.4328,0.1293,1,0
League One,2023/2024,2023-12-16,22,Port_Vale,Wigan_Athletic,3,2,3.3945,0.8475,1,0
League One,2023/2024,2023-12-16,22,Shrewsbury_Town,Portsmouth,0,3,0.5506,2.0224,1,0
League One,2023/2024,2023-12-16,22,Stevenage,Exeter_City,1,1,1.6762,0.5472,1,0
Premier League,2023/2024,2023-12-16,17,Burnley,Everton,0,2,0.7114,1.464,1,0
Premier League,2023/2024,2023-12-16,17,Newcastle_United,Fulham,3,0,3.5137,0.2848,1,0
League One,2023/2024,2023-12-16,22,Carlisle_United,Northampton_Town,2,2,0.8703,0.3433,1,0
Premier League,2023/2024,2023-12-16,17,Chelsea,Sheffield_United,2,0,3.0508,0.3585,1,0
League One,2023/2024,2023-12-16,22,Derby_County,Wycombe_Wanderers,1,1,0.9089,1.449,1,0
League One,2023/2024,2023-12-16,22,Cambridge_United,Blackpool,2,1,2.5613,0.9563,1,0
Championship,2023/2024,2023-12-16,22,Preston_North_End,Watford,1,5,2.0798,3.2814,1,0
League One,2023/2024,2023-12-16,22,Barnsley,Charlton_Athletic,1,1,1.1973,1.039,1,0
Championship,2023/2024,2023-12-16,22,Sheffield_Wednesday,Queens_Park_Rangers,2,1,1.2502,0.4235,1,0
Championship,2023/2024,2023-12-16,22,Plymouth_Argyle,Rotherham_United,3,2,2.6953,1.4821,1,0
Championship,2023/2024,2023-12-16,22,Millwall,Huddersfield_Town,1,1,1.4378,1.5415,1,0
Championship,2023/2024,2023-12-16,22,Leeds_United,Coventry_City,1,1,1.6472,0.4924,1,0
Championship,2023/2024,2023-12-16,22,Hull_City,Cardiff_City,3,0,1.9033,0.6879,1,0
Championship,2023/2024,2023-12-16,22,Bristol_City,Sunderland,1,0,0.9813,0.8238,1,0
Championship,2023/2024,2023-12-16,22,Ipswich_Town,Norwich_City,2,2,2.0708,0.8058,1,0
Championship,2023/2024,2023-12-16,22,Southampton,Blackburn_Rovers,4,0,3.882,0.7354,1,0
Championship,2023/2024,2023-12-16,22,Swansea_City,Middlesbrough,1,2,1.3175,1.0821,1,0
League One,2023/2024,2023-12-16,22,Bolton_Wanderers,Bristol_Rovers,1,2,0.977,1.8733,1,0
Premier League,2023/2024,2023-12-17,17,Arsenal,Brighton_&_Hove_Albion,2,0,2.3356,0.6871,1,0
Premier League,2023/2024,2023-12-17,17,Brentford,Aston_Villa,1,2,0.5096,1.4249,1,0
Premier League,2023/2024,2023-12-17,17,West_Ham_United,Wolverhampton_Wanderers,3,0,1.1319,0.6599,1,0
Premier League,2023/2024,2023-12-17,17,Liverpool,Manchester_United,0,0,2.3807,0.7537,1,0
Championship,2023/2024,2023-12-17,22,West_Bromwich_Albion,Stoke_City,1,1,1.3167,0.4278,1,0
Championship,2023/2024,2023-12-18,22,Birmingham_City,Leicester_City,2,3,0.4916,2.3447,1,0
Premier League,2023/2024,2023-12-21,18,Crystal_Palace,Brighton_&_Hove_Albion,1,1,1.3504,1.1888,1,0
League One,2023/2024,2023-12-21,23,Derby_County,Lincoln_City,3,1,1.3065,0.955,1,0
Championship,2023/2024,2023-12-22,23,Bristol_City,Hull_City,3,2,1.7138,1.8643,1,0
League One,2023/2024,2023-12-22,23,Cambridge_United,Exeter_City,2,0,3.2815,0.6267,1,0
Championship,2023/2024,2023-12-22,23,Swansea_City,Preston_North_End,2,1,0.7717,0.3876,1,0
Premier League,2023/2024,2023-12-22,18,Aston_Villa,Sheffield_United,1,1,0.8627,0.5761,1,0
League One,2023/2024,2023-12-23,23,Blackpool,Bristol_Rovers,3,1,0.8062,0.8433,1,0
Championship,2023/2024,2023-12-23,23,Sunderland,Coventry_City,0,3,2.465,1.6664,1,0
Championship,2023/2024,2023-12-23,23,Stoke_City,Millwall,0,0,0.8865,0.2831,1,0
Championship,2023/2024,2023-12-23,23,Sheffield_Wednesday,Cardiff_City,1,2,0.8367,0.6592,1,0
Championship,2023/2024,2023-12-23,23,Queens_Park_Rangers,Southampton,0,1,0.3885,1.6609,1,0
Championship,2023/2024,2023-12-23,23,Plymouth_Argyle,Birmingham_City,3,3,1.6095,1.7926,1,0
Championship,2023/2024,2023-12-23,23,Norwich_City,Huddersfield_Town,2,0,2.3247,0.1359,1,0
Championship,2023/2024,2023-12-23,23,Middlesbrough,West_Bromwich_Albion,1,0,2.074,0.3476,1,0
League One,2023/2024,2023-12-23,23,Northampton_Town,Oxford_United,2,1,1.2975,1.4019,1,0
League One,2023/2024,2023-12-23,23,Carlisle_United,Cheltenham_Town,0,1,0.7626,1.032,1,0
League One,2023/2024,2023-12-23,23,Charlton_Athletic,Burton_Albion,1,1,1.6522,1.9986,1,0
League One,2023/2024,2023-12-23,23,Reading,Wigan_Athletic,2,0,1.0019,0.8705,1,0
Championship,2023/2024,2023-12-23,23,Leeds_United,Ipswich_Town,4,0,1.9041,0.1226,1,0
Championship,2023/2024,2023-12-23,23,Blackburn_Rovers,Watford,1,2,0.8638,2.2029,1,0
Championship,2023/2024,2023-12-23,23,Leicester_City,Rotherham_United,3,0,3.1105,0.0249,1,0
League One,2023/2024,2023-12-23,23,Shrewsbury_Town,Peterborough_United,1,2,1.0929,2.82,1,0
League One,2023/2024,2023-12-23,23,Barnsley,Stevenage,2,1,0.5265,1.4173,1,0
League One,2023/2024,2023-12-23,23,Wycombe_Wanderers,Port_Vale,1,1,1.6102,0.5568,1,0
League One,2023/2024,2023-12-23,23,Portsmouth,Fleetwood_Town,1,1,2.0373,1.0979,1,0
League One,2023/2024,2023-12-23,23,Bolton_Wanderers,Leyton_Orient,3,2,2.1057,1.3357,1,0
Premier League,2023/2024,2023-12-23,18,West_Ham_United,Manchester_United,2,0,1.2537,1.0262,1,0
Premier League,2023/2024,2023-12-23,18,Fulham,Burnley,0,2,1.4242,0.3741,1,0
Premier League,2023/2024,2023-12-23,18,Luton_Town,Newcastle_United,1,0,1.491,1.498,1,0
Premier League,2023/2024,2023-12-23,18,Nottingham_Forest,AFC_Bournemouth,2,3,1.0208,1.6069,1,0
Premier League,2023/2024,2023-12-23,18,Tottenham_Hotspur,Everton,2,1,1.4752,1.7833,1,0
Premier League,2023/2024,2023-12-23,18,Liverpool,Arsenal,1,1,0.9661,0.739,1,0
Premier League,2023/2024,2023-12-24,18,Wolverhampton_Wanderers,Chelsea,2,1,1.2695,2.0587,1,0
Championship,2023/2024,2023-12-26,24,Ipswich_Town,Leicester_City,1,1,1.0744,0.3034,1,0
Championship,2023/2024,2023-12-26,24,Rotherham_United,Middlesbrough,1,0,0.0652,1.2833,1,0
Championship,2023/2024,2023-12-26,24,Hull_City,Sunderland,0,1,0.807,1.0275,1,0
Championship,2023/2024,2023-12-26,24,Huddersfield_Town,Blackburn_Rovers,3,0,1.2081,0.5221,1,0
Championship,2023/2024,2023-12-26,24,Coventry_City,Sheffield_Wednesday,2,0,0.4979,1.5762,1,0
Championship,2023/2024,2023-12-26,24,Cardiff_City,Plymouth_Argyle,2,2,1.1671,1.2272,1,0
Premier League,2023/2024,2023-12-26,19,Newcastle_United,Nottingham_Forest,1,3,2.427,3.4594,1,0
Championship,2023/2024,2023-12-26,24,Preston_North_End,Leeds_United,2,1,0.426,1.3518,1,0
Championship,2023/2024,2023-12-26,24,Southampton,Swansea_City,5,0,2.0505,0.3871,1,0
Premier League,2023/2024,2023-12-26,19,AFC_Bournemouth,Fulham,3,0,1.8248,0.2751,1,0
Premier League,2023/2024,2023-12-26,19,Sheffield_United,Luton_Town,2,3,2.5903,0.6318,1,0
Premier League,2023/2024,2023-12-26,19,Burnley,Liverpool,0,2,0.8105,1.8162,1,0
Championship,2023/2024,2023-12-26,24,Millwall,Queens_Park_Rangers,2,0,1.3869,0.5858,1,0
Championship,2023/2024,2023-12-26,24,Watford,Bristol_City,1,4,0.9301,1.312,1,0
League One,2023/2024,2023-12-26,24,Wigan_Athletic,Derby_County,0,1,0.2142,0.9612,1,0
Championship,2023/2024,2023-12-26,24,Birmingham_City,Stoke_City,1,3,1.6013,1.2604,1,0
Premier League,2023/2024,2023-12-26,19,Manchester_United,Aston_Villa,3,2,1.1335,1.662,1,0
League One,2023/2024,2023-12-26,24,Stevenage,Northampton_Town,3,0,1.9775,0.0384,1,0
League One,2023/2024,2023-12-26,24,Port_Vale,Barnsley,2,3,1.8078,1.1537,1,0
League One,2023/2024,2023-12-26,24,Peterborough_United,Reading,2,2,1.2226,0.7494,1,0
League One,2023/2024,2023-12-26,24,Oxford_United,Cambridge_United,2,1,1.5022,1.6713,1,0
League One,2023/2024,2023-12-26,24,Lincoln_City,Bolton_Wanderers,0,1,0.0641,1.1413,1,0
League One,2023/2024,2023-12-26,24,Fleetwood_Town,Carlisle_United,1,1,0.4815,0.2899,1,0
League One,2023/2024,2023-12-26,24,Exeter_City,Wycombe_Wanderers,1,0,1.7401,1.4367,1,0
League One,2023/2024,2023-12-26,24,Cheltenham_Town,Shrewsbury_Town,2,0,1.2233,0.7529,1,0
League One,2023/2024,2023-12-26,24,Burton_Albion,Blackpool,1,0,0.5933,0.478,1,0
League One,2023/2024,2023-12-26,24,Bristol_Rovers,Portsmouth,2,1,0.8102,2.1215,1,0
League One,2023/2024,2023-12-26,24,Leyton_Orient,Charlton_Athletic,1,0,0.8352,0.4526,1,0
Championship,2023/2024,2023-12-26,24,West_Bromwich_Albion,Norwich_City,1,0,2.0558,0.47,1,0
Premier League,2023/2024,2023-12-27,19,Everton,Manchester_City,1,3,0.9781,2.5973,1,0
Premier League,2023/2024,2023-12-27,19,Chelsea,Crystal_Palace,2,1,2.5669,1.1192,1,0
Premier League,2023/2024,2023-12-27,19,Brentford,Wolverhampton_Wanderers,1,4,2.2348,2.3883,1,0
Premier League,2023/2024,2023-12-28,19,Brighton_&_Hove_Albion,Tottenham_Hotspur,4,2,3.576,2.351,1,0
Premier League,2023/2024,2023-12-28,19,Arsenal,West_Ham_United,0,2,2.7687,1.4209,1,0
Championship,2023/2024,2023-12-29,25,West_Bromwich_Albion,Leeds_United,1,0,1.36,0.9642,1,0
Championship,2023/2024,2023-12-29,25,Watford,Stoke_City,1,1,1.4228,0.8244,1,0
Championship,2023/2024,2023-12-29,25,Rotherham_United,Sunderland,1,1,1.5491,0.3468,1,0
Championship,2023/2024,2023-12-29,25,Preston_North_End,Sheffield_Wednesday,0,1,0.5284,0.5134,1,0
Championship,2023/2024,2023-12-29,25,Millwall,Norwich_City,1,0,2.2558,0.5918,1,0
Championship,2023/2024,2023-12-29,25,Ipswich_Town,Queens_Park_Rangers,0,0,0.6611,0.4292,1,0
Championship,2023/2024,2023-12-29,25,Hull_City,Blackburn_Rovers,3,2,1.6508,0.9178,1,0
Championship,2023/2024,2023-12-29,25,Huddersfield_Town,Middlesbrough,1,2,0.7789,1.4252,1,0
Championship,2023/2024,2023-12-29,25,Coventry_City,Swansea_City,2,2,2.6133,1.1991,1,0
Championship,2023/2024,2023-12-29,25,Cardiff_City,Leicester_City,0,2,0.4167,1.6967,1,0
Championship,2023/2024,2023-12-29,25,Southampton,Plymouth_Argyle,2,1,2.9755,0.4671,1,0
League One,2023/2024,2023-12-29,25,Wigan_Athletic,Carlisle_United,2,0,2.8576,0.9042,1,0
Championship,2023/2024,2023-12-29,25,Birmingham_City,Bristol_City,0,0,0.1368,1.1578,1,0
League One,2023/2024,2023-12-29,25,Port_Vale,Blackpool,3,0,1.743,0.9227,1,0
League One,2023/2024,2023-12-29,25,Burton_Albion,Shrewsbury_Town,1,0,0.6822,0.8859,1,0
League One,2023/2024,2023-12-29,25,Cheltenham_Town,Reading,2,2,1.6346,1.3319,1,0
League One,2023/2024,2023-12-29,25,Exeter_City,Portsmouth,0,0,2.0141,0.9927,1,0
League One,2023/2024,2023-12-29,25,Fleetwood_Town,Bolton_Wanderers,0,2,0.1965,1.1406,1,0
League One,2023/2024,2023-12-29,25,Leyton_Orient,Wycombe_Wanderers,0,0,0.443,0.1307,1,0
League One,2023/2024,2023-12-29,25,Lincoln_City,Northampton_Town,1,2,1.4003,0.7477,1,0
League One,2023/2024,2023-12-29,25,Oxford_United,Derby_County,2,3,1.242,2.8466,1,0
League One,2023/2024,2023-12-29,25,Peterborough_United,Barnsley,2,2,1.3823,1.5139,1,0
League One,2023/2024,2023-12-29,25,Bristol_Rovers,Charlton_Athletic,2,1,1.4821,0.8979,1,0
Premier League,2023/2024,2023-12-30,20,Nottingham_Forest,Manchester_United,2,1,0.6953,0.7561,1,0
Premier League,2023/2024,2023-12-30,20,Wolverhampton_Wanderers,Everton,3,0,1.9898,0.4553,1,0
Premier League,2023/2024,2023-12-30,20,Manchester_City,Sheffield_United,2,0,2.2073,0.3131,1,0
Premier League,2023/2024,2023-12-30,20,Crystal_Palace,Brentford,3,1,0.9807,1.3922,1,0
Premier League,2023/2024,2023-12-30,20,Aston_Villa,Burnley,3,2,3.2287,1.1683,1,0
Premier League,2023/2024,2023-12-30,20,Luton_Town,Chelsea,2,3,2.5258,1.4955,1,0
Premier League,2023/2024,2023-12-31,20,Fulham,Arsenal,2,1,1.2242,1.6371,1,0
Premier League,2023/2024,2023-12-31,20,Tottenham_Hotspur,AFC_Bournemouth,3,1,2.3201,1.6792,1,0
Championship,2023/2024,2024-01-01,26,Sheffield_Wednesday,Hull_City,3,1,1.231,0.941,1,0
Premier League,2023/2024,2024-01-01,20,Liverpool,Newcastle_United,4,2,7.1145,0.6007,1,0
Championship,2023/2024,2024-01-01,26,Swansea_City,West_Bromwich_Albion,1,0,0.6716,1.8985,1,0
Championship,2023/2024,2024-01-01,26,Stoke_City,Ipswich_Town,0,0,0.2612,0.5701,1,0
League One,2023/2024,2024-01-01,26,Wycombe_Wanderers,Bristol_Rovers,3,2,2.8556,2.6681,1,0
League One,2023/2024,2024-01-01,26,Bolton_Wanderers,Burton_Albion,1,0,1.5881,0.9295,1,0
League One,2023/2024,2024-01-01,26,Cambridge_United,Leyton_Orient,0,2,0.8859,0.5456,1,0
League One,2023/2024,2024-01-01,26,Carlisle_United,Port_Vale,2,1,2.0372,0.5718,1,0
League One,2023/2024,2024-01-01,26,Charlton_Athletic,Oxford_United,1,2,0.8681,0.888,1,0
League One,2023/2024,2024-01-01,26,Derby_County,Peterborough_United,2,3,1.4826,1.5576,1,0
League One,2023/2024,2024-01-01,26,Northampton_Town,Cheltenham_Town,1,0,1.7053,0.7373,1,0
League One,2023/2024,2024-01-01,26,Portsmouth,Stevenage,2,1,1.7889,0.9824,1,0
League One,2023/2024,2024-01-01,26,Reading,Exeter_City,3,2,1.0721,1.0936,1,0
League One,2023/2024,2024-01-01,26,Shrewsbury_Town,Fleetwood_Town,3,1,2.1213,1.5809,1,0
Championship,2023/2024,2024-01-01,26,Queens_Park_Rangers,Cardiff_City,1,2,0.7723,0.525,1,0
Championship,2023/2024,2024-01-01,26,Sunderland,Preston_North_End,2,0,0.5001,0.5375,1,0
League One,2023/2024,2024-01-01,26,Barnsley,Wigan_Athletic,1,1,1.442,1.251,1,0
Championship,2023/2024,2024-01-01,26,Bristol_City,Millwall,0,1,0.4769,0.6666,1,0
Championship,2023/2024,2024-01-01,26,Plymouth_Argyle,Watford,3,3,2.229,1.7029,1,0
Championship,2023/2024,2024-01-01,26,Norwich_City,Southampton,1,1,0.8274,2.5015,1,0
Championship,2023/2024,2024-01-01,26,Blackburn_Rovers,Rotherham_United,2,2,3.1514,1.3818,1,0
Championship,2023/2024,2024-01-01,26,Middlesbrough,Coventry_City,1,3,1.6571,2.2709,1,0
League One,2023/2024,2024-01-01,26,Blackpool,Lincoln_City,2,0,0.6428,0.3453,1,0
Championship,2023/2024,2024-01-01,26,Leeds_United,Birmingham_City,3,0,2.865,0.5091,1,0
Championship,2023/2024,2024-01-01,26,Leicester_City,Huddersfield_Town,4,1,1.9802,1.1122,1,0
Premier League,2023/2024,2024-01-02,20,West_Ham_United,Brighton_&_Hove_Albion,0,0,0.6824,2.3822,1,0
League One,2023/2024,2024-01-06,27,Burton_Albion,Wycombe_Wanderers,1,1,0.4717,1.9867,1,0
League One,2023/2024,2024-01-06,27,Fleetwood_Town,Derby_County,1,3,0.7654,1.3645,1,0
League One,2023/2024,2024-01-06,27,Port_Vale,Charlton_Athletic,3,3,2.5445,1.217,1,0
League One,2023/2024,2024-01-06,27,Cheltenham_Town,Portsmouth,2,1,0.7433,1.5338,1,0
League One,2023/2024,2024-01-06,27,Exeter_City,Carlisle_United,2,1,1.7547,1.3288,1,0
Premier League,2023/2024,2024-01-12,21,Burnley,Luton_Town,1,1,1.1019,0.9482,1,0
Championship,2023/2024,2024-01-12,27,Hull_City,Norwich_City,1,2,0.973,1.3965,1,0
League One,2023/2024,2024-01-13,28,Cambridge_United,Fleetwood_Town,2,1,1.1804,0.8308,1,0
Premier League,2023/2024,2024-01-13,21,Newcastle_United,Manchester_City,2,3,1.2988,3.0014,1,0
Premier League,2023/2024,2024-01-13,21,Chelsea,Fulham,1,0,2.1908,0.8557,1,0
League One,2023/2024,2024-01-13,28,Wycombe_Wanderers,Lincoln_City,1,1,1.0248,1.092,1,0
League One,2023/2024,2024-01-13,28,Shrewsbury_Town,Stevenage,0,1,0.313,0.7075,1,0
Championship,2023/2024,2024-01-13,27,Coventry_City,Leicester_City,3,1,1.3834,1.1459,1,0
League One,2023/2024,2024-01-13,28,Northampton_Town,Wigan_Athletic,1,1,1.2584,1.4688,1,0
League One,2023/2024,2024-01-13,28,Portsmouth,Leyton_Orient,0,3,1.534,1.7596,1,0
Championship,2023/2024,2024-01-13,27,Ipswich_Town,Sunderland,2,1,2.2554,0.7985,1,0
Championship,2023/2024,2024-01-13,27,Millwall,Middlesbrough,1,3,1.1551,2.3066,1,0
Championship,2023/2024,2024-01-13,27,West_Bromwich_Albion,Blackburn_Rovers,4,1,3.1168,0.9155,1,0
Championship,2023/2024,2024-01-13,27,Southampton,Sheffield_Wednesday,4,0,2.425,0.6022,1,0
Championship,2023/2024,2024-01-13,27,Rotherham_United,Stoke_City,0,1,0.2093,0.3298,1,0
League One,2023/2024,2024-01-13,28,Barnsley,Bristol_Rovers,2,1,1.7365,1.9157,1,0
League One,2023/2024,2024-01-13,28,Blackpool,Exeter_City,2,0,1.8479,0.7036,1,0
Championship,2023/2024,2024-01-13,27,Preston_North_End,Bristol_City,2,0,2.1266,0.8149,1,0
Championship,2023/2024,2024-01-13,27,Huddersfield_Town,Plymouth_Argyle,1,1,0.6194,0.838,1,0
Championship,2023/2024,2024-01-13,27,Birmingham_City,Swansea_City,2,2,1.5667,0.7431,1,0
League One,2023/2024,2024-01-13,28,Carlisle_United,Oxford_United,1,3,1.3366,1.2148,1,0
League One,2023/2024,2024-01-13,28,Charlton_Athletic,Peterborough_United,1,2,1.466,1.6164,1,0
Championship,2023/2024,2024-01-13,27,Cardiff_City,Leeds_United,0,3,0.3677,3.6874,1,0
Premier League,2023/2024,2024-01-14,21,Everton,Aston_Villa,0,0,1.2039,1.2559,1,0
Premier League,2023/2024,2024-01-14,21,Manchester_United,Tottenham_Hotspur,2,2,0.7514,1.2344,1,0
Championship,2023/2024,2024-01-14,27,Queens_Park_Rangers,Watford,1,2,1.3952,0.4644,1,0
League One,2023/2024,2024-01-15,28,Derby_County,Burton_Albion,3,2,1.8028,0.808,1,0
League One,2023/2024,2024-01-16,18,Barnsley,Carlisle_United,2,1,1.1838,1.4761,1,0
Championship,2023/2024,2024-01-19,28,Sunderland,Hull_City,0,1,0.7667,0.1076,1,0
Premier League,2023/2024,2024-01-20,21,Arsenal,Crystal_Palace,5,0,3.2128,0.3479,1,0
Premier League,2023/2024,2024-01-20,21,Brentford,Nottingham_Forest,3,2,1.1998,1.2165,1,0
Championship,2023/2024,2024-01-20,28,Swansea_City,Southampton,1,3,2.4053,3.3168,1,0
Championship,2023/2024,2024-01-20,28,Middlesbrough,Rotherham_United,1,1,0.8753,0.7548,1,0
Championship,2023/2024,2024-01-20,28,Bristol_City,Watford,1,1,1.3475,1.38,1,0
League One,2023/2024,2024-01-20,29,Bristol_Rovers,Blackpool,1,2,1.2794,0.7152,1,0
League One,2023/2024,2024-01-20,29,Burton_Albion,Charlton_Athletic,2,0,0.595,0.9765,1,0
League One,2023/2024,2024-01-20,29,Exeter_City,Cambridge_United,0,0,0.7436,0.1904,1,0
League One,2023/2024,2024-01-20,29,Fleetwood_Town,Portsmouth,0,1,1.0804,1.0982,1,0
League One,2023/2024,2024-01-20,29,Leyton_Orient,Bolton_Wanderers,1,0,0.9653,0.7836,1,0
League One,2023/2024,2024-01-20,29,Lincoln_City,Derby_County,0,0,0.8812,1.4067,1,0
Championship,2023/2024,2024-01-20,28,Blackburn_Rovers,Huddersfield_Town,1,1,1.1966,1.3782,1,0
League One,2023/2024,2024-01-20,29,Peterborough_United,Shrewsbury_Town,2,1,2.7279,0.55,1,0
Championship,2023/2024,2024-01-20,28,Stoke_City,Birmingham_City,1,2,2.2887,0.5567,1,0
Championship,2023/2024,2024-01-20,28,Sheffield_Wednesday,Coventry_City,1,2,1.5566,1.1294,1,0
Championship,2023/2024,2024-01-20,28,Queens_Park_Rangers,Millwall,2,0,1.7607,0.1997,1,0
Championship,2023/2024,2024-01-20,28,Plymouth_Argyle,Cardiff_City,3,1,1.7141,1.1694,1,0
Championship,2023/2024,2024-01-20,28,Norwich_City,West_Bromwich_Albion,2,0,1.6879,1.5178,1,0
League One,2023/2024,2024-01-20,29,Wigan_Athletic,Reading,1,0,0.5703,1.7659,1,0
Championship,2023/2024,2024-01-21,28,Leeds_United,Preston_North_End,2,1,2.5601,1.1145,1,0
Premier League,2023/2024,2024-01-21,21,Sheffield_United,West_Ham_United,2,2,2.5072,2.3435,1,0
Premier League,2023/2024,2024-01-21,21,AFC_Bournemouth,Liverpool,0,4,1.3685,1.571,1,0
Premier League,2023/2024,2024-01-22,21,Brighton_&_Hove_Albion,Wolverhampton_Wanderers,0,0,1.0546,1.146,1,0
Championship,2023/2024,2024-01-22,28,Leicester_City,Ipswich_Town,1,1,1.2492,1.1746,1,0
League One,2023/2024,2024-01-23,27,Oxford_United,Barnsley,0,1,1.0056,0.4188,1,0
League One,2023/2024,2024-01-23,18,Charlton_Athletic,Northampton_Town,2,3,1.0949,1.3426,1,0
League One,2023/2024,2024-01-23,13,Bristol_Rovers,Exeter_City,0,1,0.951,0.987,1,0
League One,2023/2024,2024-01-23,28,Bolton_Wanderers,Cheltenham_Town,1,0,0.715,1.3,1,0
League One,2023/2024,2024-01-23,18,Reading,Derby_County,1,0,0.636,0.713,1,0
League One,2023/2024,2024-01-23,18,Wigan_Athletic,Wycombe_Wanderers,1,0,0.5843,1.0997,1,0
Championship,2023/2024,2024-01-24,29,Leeds_United,Norwich_City,1,0,1.5245,0.469,1,0
Championship,2023/2024,2024-01-27,29,Sunderland,Stoke_City,3,1,1.319,1.136,1,0
Championship,2023/2024,2024-01-27,29,Millwall,Preston_North_End,1,1,1.7657,1.2983,1,0
League One,2023/2024,2024-01-27,30,Wycombe_Wanderers,Fleetwood_Town,2,2,4.0427,0.9011,1,0
League One,2023/2024,2024-01-27,30,Wigan_Athletic,Stevenage,2,3,1.599,1.1498,1,0
League One,2023/2024,2024-01-27,30,Port_Vale,Portsmouth,0,1,0.2173,2.4266,1,0
League One,2023/2024,2024-01-27,30,Reading,Leyton_Orient,1,1,1.5338,1.3997,1,0
League One,2023/2024,2024-01-27,30,Lincoln_City,Peterborough_United,0,0,0.7492,0.3033,1,0
League One,2023/2024,2024-01-27,30,Derby_County,Cheltenham_Town,2,1,0.6545,0.6282,1,0
League One,2023/2024,2024-01-27,30,Carlisle_United,Bolton_Wanderers,1,4,0.4693,1.2858,1,0
League One,2023/2024,2024-01-27,30,Cambridge_United,Burton_Albion,0,0,0.8754,0.1504,1,0
League One,2023/2024,2024-01-27,30,Bristol_Rovers,Oxford_United,3,1,1.1242,0.4748,1,0
League One,2023/2024,2024-01-27,30,Blackpool,Charlton_Athletic,1,1,2.2452,0.7299,1,0
League One,2023/2024,2024-01-27,30,Barnsley,Exeter_City,1,2,1.3389,0.6631,1,0
League One,2023/2024,2024-01-27,30,Northampton_Town,Shrewsbury_Town,0,2,0.1941,1.585,1,0
Championship,2023/2024,2024-01-28,29,Queens_Park_Rangers,Huddersfield_Town,1,1,0.3686,1.9133,1,0
League One,2023/2024,2024-01-30,18,Oxford_United,Portsmouth,2,2,1.4663,1.5417,1,0
Premier League,2023/2024,2024-01-30,22,Nottingham_Forest,Arsenal,1,2,0.4709,1.1745,1,0
Premier League,2023/2024,2024-01-30,22,Fulham,Everton,0,0,1.6434,2.1354,1,0
Premier League,2023/2024,2024-01-30,22,Crystal_Palace,Sheffield_United,3,2,1.1466,0.7625,1,0
Premier League,2023/2024,2024-01-30,22,Aston_Villa,Newcastle_United,1,3,1.4564,2.6335,1,0
Championship,2023/2024,2024-01-30,29,Leicester_City,Swansea_City,3,1,3.1666,1.5718,1,0
Premier League,2023/2024,2024-01-30,22,Luton_Town,Brighton_&_Hove_Albion,4,0,3.2096,0.9409,1,0
Championship,2023/2024,2024-01-30,29,Coventry_City,Bristol_City,2,2,1.174,0.7801,1,0
Championship,2023/2024,2024-01-31,29,Sheffield_Wednesday,Watford,0,0,1.4322,0.8571,1,0
Premier League,2023/2024,2024-01-31,22,Liverpool,Chelsea,4,1,2.9049,0.5828,1,0
Premier League,2023/2024,2024-01-31,22,Manchester_City,Burnley,3,1,1.7552,1.4447,1,0
Premier League,2023/2024,2024-01-31,22,Tottenham_Hotspur,Brentford,3,2,3.0064,1.5934,1,0
Premier League,2023/2024,2024-02-01,22,Wolverhampton_Wanderers,Manchester_United,3,4,2.1951,3.3383,1,0
Premier League,2023/2024,2024-02-01,22,West_Ham_United,AFC_Bournemouth,1,1,1.3861,1.2034,1,0
Championship,2023/2024,2024-02-02,30,Bristol_City,Leeds_United,0,1,0.4168,1.061,1,0
League One,2023/2024,2024-02-03,31,Leyton_Orient,Carlisle_United,3,2,1.8597,0.9881,1,0
League One,2023/2024,2024-02-03,31,Fleetwood_Town,Port_Vale,3,0,2.0026,0.4579,1,0
League One,2023/2024,2024-02-03,31,Exeter_City,Bristol_Rovers,0,1,0.7505,0.2686,1,0
League One,2023/2024,2024-02-03,31,Charlton_Athletic,Derby_County,0,1,0.7701,0.49,1,0
League One,2023/2024,2024-02-03,31,Burton_Albion,Lincoln_City,0,1,0.8957,1.3185,1,0
League One,2023/2024,2024-02-03,31,Portsmouth,Northampton_Town,4,1,2.4737,0.8699,1,0
League One,2023/2024,2024-02-03,31,Oxford_United,Reading,1,1,1.1201,0.2743,1,0
League One,2023/2024,2024-02-03,31,Peterborough_United,Wigan_Athletic,2,3,3.9821,1.7144,1,0
League One,2023/2024,2024-02-03,31,Shrewsbury_Town,Cambridge_United,1,2,0.6357,0.9295,1,0
League One,2023/2024,2024-02-03,31,Stevenage,Blackpool,1,0,1.5261,0.668,1,0
Championship,2023/2024,2024-02-03,30,Swansea_City,Plymouth_Argyle,0,1,2.7727,0.924,1,0
Championship,2023/2024,2024-02-03,30,Watford,Cardiff_City,0,1,1.1292,0.4561,1,0
Championship,2023/2024,2024-02-03,30,West_Bromwich_Albion,Birmingham_City,1,0,0.7141,0.6811,1,0
League One,2023/2024,2024-02-03,31,Bolton_Wanderers,Barnsley,1,1,0.9782,1.0541,1,0
Championship,2023/2024,2024-02-03,30,Stoke_City,Leicester_City,0,5,1.1175,3.6403,1,0
League One,2023/2024,2024-02-03,31,Cheltenham_Town,Wycombe_Wanderers,1,3,1.3312,1.6202,1,0
Championship,2023/2024,2024-02-03,30,Preston_North_End,Ipswich_Town,3,2,0.7433,2.605,1,0
Premier League,2023/2024,2024-02-03,23,Sheffield_United,Aston_Villa,0,5,1.4845,2.1917,1,0
Championship,2023/2024,2024-02-03,30,Rotherham_United,Southampton,0,2,0.3218,1.4976,1,0
Premier League,2023/2024,2024-02-03,23,Burnley,Fulham,2,2,1.8096,1.5147,1,0
Premier League,2023/2024,2024-02-03,23,Brighton_&_Hove_Albion,Crystal_Palace,4,1,1.4255,0.2991,1,0
Premier League,2023/2024,2024-02-03,23,Everton,Tottenham_Hotspur,2,2,2.6249,0.9798,1,0
Premier League,2023/2024,2024-02-03,23,Newcastle_United,Luton_Town,4,4,2.4004,2.364,1,0
Championship,2023/2024,2024-02-03,30,Blackburn_Rovers,Queens_Park_Rangers,1,2,1.5329,1.2234,1,0
Championship,2023/2024,2024-02-03,30,Huddersfield_Town,Sheffield_Wednesday,4,0,1.893,0.491,1,0
Championship,2023/2024,2024-02-03,30,Norwich_City,Coventry_City,2,1,1.5661,0.9862,1,0
Championship,2023/2024,2024-02-03,30,Hull_City,Millwall,1,0,0.4506,0.3694,1,0
Premier League,2023/2024,2024-02-04,23,Manchester_United,West_Ham_United,3,0,0.7506,1.4038,1,0
Premier League,2023/2024,2024-02-04,23,Chelsea,Wolverhampton_Wanderers,2,4,1.7357,1.997,1,0
Premier League,2023/2024,2024-02-04,23,AFC_Bournemouth,Nottingham_Forest,1,1,1.2707,0.5273,1,0
Championship,2023/2024,2024-02-04,30,Middlesbrough,Sunderland,1,1,1.6425,1.0538,1,0
Premier League,2023/2024,2024-02-04,23,Arsenal,Liverpool,3,1,3.499,0.3726,1,0
Premier League,2023/2024,2024-02-05,23,Brentford,Manchester_City,1,3,1.0431,2.0939,1,0
League One,2023/2024,2024-02-06,27,Stevenage,Reading,0,1,1.2386,0.5282,1,0
League One,2023/2024,2024-02-06,18,Port_Vale,Leyton_Orient,0,1,0.3195,1.6913,1,0
League One,2023/2024,2024-02-06,18,Exeter_City,Peterborough_United,2,1,0.6195,1.9501,1,0
League One,2023/2024,2024-02-06,18,Bristol_Rovers,Fleetwood_Town,0,2,1.3647,0.9864,1,0
Championship,2023/2024,2024-02-09,31,Sheffield_Wednesday,Birmingham_City,2,0,1.503,1.7775,1,0
League One,2023/2024,2024-02-10,32,Reading,Charlton_Athletic,2,0,0.8786,0.3615,1,0
League One,2023/2024,2024-02-10,32,Wigan_Athletic,Exeter_City,1,2,1.1047,0.2551,1,0
League One,2023/2024,2024-02-10,32,Port_Vale,Stevenage,2,2,1.6492,1.9982,1,0
League One,2023/2024,2024-02-10,32,Barnsley,Leyton_Orient,2,1,2.5745,0.9418,1,0
League One,2023/2024,2024-02-10,32,Derby_County,Shrewsbury_Town,1,1,0.7319,0.4056,1,0
League One,2023/2024,2024-02-10,32,Carlisle_United,Portsmouth,0,1,0.5189,1.4938,1,0
League One,2023/2024,2024-02-10,32,Cambridge_United,Cheltenham_Town,0,1,1.8331,0.9352,1,0
League One,2023/2024,2024-02-10,32,Bristol_Rovers,Burton_Albion,1,2,0.5105,1.1167,1,0
League One,2023/2024,2024-02-10,32,Blackpool,Oxford_United,1,1,1.0569,1.3768,1,0
League One,2023/2024,2024-02-10,32,Wycombe_Wanderers,Peterborough_United,5,2,1.2872,1.3909,1,0
Championship,2023/2024,2024-02-10,31,Sunderland,Plymouth_Argyle,3,1,0.9123,0.5167,1,0
League One,2023/2024,2024-02-10,32,Lincoln_City,Fleetwood_Town,2,1,1.7362,0.7371,1,0
Championship,2023/2024,2024-02-10,31,Blackburn_Rovers,Stoke_City,3,1,1.8884,1.1933,1,0
Premier League,2023/2024,2024-02-10,24,Nottingham_Forest,Newcastle_United,2,3,1.4996,0.4846,1,0
Premier League,2023/2024,2024-02-10,24,Wolverhampton_Wanderers,Brentford,0,2,1.0462,1.9382,1,0
Premier League,2023/2024,2024-02-10,24,Tottenham_Hotspur,Brighton_&_Hove_Albion,2,1,1.6471,1.2355,1,0
Premier League,2023/2024,2024-02-10,24,Luton_Town,Sheffield_United,1,3,1.8844,1.8089,1,0
Championship,2023/2024,2024-02-10,31,Ipswich_Town,West_Bromwich_Albion,2,2,1.8976,0.4038,1,0
Premier League,2023/2024,2024-02-10,24,Fulham,AFC_Bournemouth,3,1,1.5537,1.8427,1,0
Premier League,2023/2024,2024-02-10,24,Manchester_City,Everton,2,0,1.6282,0.3186,1,0
Premier League,2023/2024,2024-02-10,24,Liverpool,Burnley,3,1,2.8597,1.33,1,0
Championship,2023/2024,2024-02-10,31,Watford,Leicester_City,1,2,1.0867,1.4718,1,0
Championship,2023/2024,2024-02-10,31,Cardiff_City,Preston_North_End,0,2,0.6912,0.6219,1,0
Championship,2023/2024,2024-02-10,31,Hull_City,Swansea_City,0,1,0.6653,0.7021,1,0
Championship,2023/2024,2024-02-10,31,Leeds_United,Rotherham_United,3,0,2.8415,0.302,1,0
Championship,2023/2024,2024-02-10,31,Middlesbrough,Bristol_City,1,2,1.8387,1.4136,1,0
Championship,2023/2024,2024-02-10,31,Queens_Park_Rangers,Norwich_City,2,2,1.0125,1.2825,1,0
Championship,2023/2024,2024-02-10,31,Southampton,Huddersfield_Town,5,3,1.5161,1.2092,1,0
League One,2023/2024,2024-02-10,32,Northampton_Town,Bolton_Wanderers,1,1,0.7181,0.5248,1,0
Championship,2023/2024,2024-02-11,31,Coventry_City,Millwall,2,1,1.8952,0.867,1,0
Premier League,2023/2024,2024-02-11,24,Aston_Villa,Manchester_United,1,2,2.4326,1.7944,1,0
Premier League,2023/2024,2024-02-11,24,West_Ham_United,Arsenal,0,6,0.2181,3.593,1,0
Premier League,2023/2024,2024-02-12,24,Crystal_Palace,Chelsea,1,3,0.5568,1.4046,1,0
Championship,2023/2024,2024-02-13,32,Birmingham_City,Blackburn_Rovers,1,0,1.6576,0.6031,1,0
League One,2023/2024,2024-02-13,33,Fleetwood_Town,Reading,1,1,2.1321,0.9059,1,0
League One,2023/2024,2024-02-13,33,Leyton_Orient,Northampton_Town,4,3,2.407,0.6301,1,0
League One,2023/2024,2024-02-13,33,Oxford_United,Wigan_Athletic,4,2,1.0602,1.2829,1,0
League One,2023/2024,2024-02-13,33,Portsmouth,Cambridge_United,3,1,1.604,0.49,1,0
League One,2023/2024,2024-02-13,33,Shrewsbury_Town,Barnsley,1,1,1.0292,2.0376,1,0
League One,2023/2024,2024-02-13,33,Stevenage,Bristol_Rovers,2,3,1.1677,0.6659,1,0
League One,2023/2024,2024-02-13,33,Charlton_Athletic,Lincoln_City,1,1,0.5917,0.157,1,0
League One,2023/2024,2024-02-13,33,Bolton_Wanderers,Wycombe_Wanderers,2,1,0.7418,2.3325,1,0
League One,2023/2024,2024-02-13,33,Exeter_City,Derby_County,0,3,0.7116,0.8796,1,0
League One,2023/2024,2024-02-13,33,Cheltenham_Town,Blackpool,2,0,2.3201,0.2661,1,0
Championship,2023/2024,2024-02-13,32,Norwich_City,Watford,4,2,1.9584,1.4912,1,0
Championship,2023/2024,2024-02-13,32,Rotherham_United,Hull_City,1,2,0.5102,1.557,1,0
Championship,2023/2024,2024-02-13,32,Swansea_City,Leeds_United,0,4,0.4865,1.9265,1,0
Championship,2023/2024,2024-02-13,32,Bristol_City,Southampton,3,1,1.2092,1.7548,1,0
Championship,2023/2024,2024-02-13,32,West_Bromwich_Albion,Cardiff_City,2,0,1.9912,0.7463,1,0
Championship,2023/2024,2024-02-13,32,Leicester_City,Sheffield_Wednesday,2,0,1.8548,0.5005,1,0
Championship,2023/2024,2024-02-14,32,Preston_North_End,Middlesbrough,2,1,1.159,0.9701,1,0
Championship,2023/2024,2024-02-14,32,Huddersfield_Town,Sunderland,1,0,1.4458,0.7813,1,0
Championship,2023/2024,2024-02-14,32,Plymouth_Argyle,Coventry_City,2,2,1.194,2.4395,1,0
Championship,2023/2024,2024-02-14,32,Millwall,Ipswich_Town,0,4,0.9072,1.6765,1,0
Championship,2023/2024,2024-02-14,32,Stoke_City,Queens_Park_Rangers,1,0,0.7328,0.4732,1,0
Championship,2023/2024,2024-02-16,33,West_Bromwich_Albion,Southampton,0,2,0.7589,1.5349,1,0
Premier League,2023/2024,2024-02-17,25,Manchester_City,Chelsea,1,1,2.6939,1.4366,1,0
Premier League,2023/2024,2024-02-17,25,Tottenham_Hotspur,Wolverhampton_Wanderers,1,2,1.6168,1.7525,1,0
Premier League,2023/2024,2024-02-17,25,Nottingham_Forest,West_Ham_United,2,0,2.822,0.5003,1,0
Premier League,2023/2024,2024-02-17,25,Fulham,Aston_Villa,1,2,1.5529,1.6112,1,0
Premier League,2023/2024,2024-02-17,25,Burnley,Arsenal,0,5,0.3095,2.3597,1,0
Premier League,2023/2024,2024-02-17,25,Brentford,Liverpool,1,4,1.6852,2.8194,1,0
Premier League,2023/2024,2024-02-17,25,Newcastle_United,AFC_Bournemouth,2,2,2.2254,2.2162,1,0
Championship,2023/2024,2024-02-17,33,Rotherham_United,Watford,0,1,1.4035,0.2553,1,0
League One,2023/2024,2024-02-17,34,Bolton_Wanderers,Charlton_Athletic,3,3,2.2895,0.2765,1,0
League One,2023/2024,2024-02-17,34,Carlisle_United,Cambridge_United,0,4,0.8196,1.7575,1,0
Championship,2023/2024,2024-02-17,33,Stoke_City,Coventry_City,0,1,0.6959,1.3922,1,0
Championship,2023/2024,2024-02-17,33,Swansea_City,Ipswich_Town,1,2,1.4755,1.2956,1,0
Championship,2023/2024,2024-02-17,33,Preston_North_End,Blackburn_Rovers,2,2,1.0834,0.7953,1,0
Championship,2023/2024,2024-02-17,33,Norwich_City,Cardiff_City,4,1,2.4716,0.4237,1,0
Championship,2023/2024,2024-02-17,33,Leicester_City,Middlesbrough,1,2,2.1161,1.0378,1,0
Championship,2023/2024,2024-02-17,33,Huddersfield_Town,Hull_City,1,2,0.6561,0.7216,1,0
Championship,2023/2024,2024-02-17,33,Bristol_City,Queens_Park_Rangers,0,1,0.6086,0.8961,1,0
Championship,2023/2024,2024-02-17,33,Birmingham_City,Sunderland,2,1,1.3851,1.102,1,0
Championship,2023/2024,2024-02-17,33,Plymouth_Argyle,Leeds_United,0,2,0.9011,0.9473,1,0
Championship,2023/2024,2024-02-17,33,Millwall,Sheffield_Wednesday,0,2,0.3566,1.1525,1,0
League One,2023/2024,2024-02-17,34,Wycombe_Wanderers,Oxford_United,0,0,1.2784,0.3648,1,0
League One,2023/2024,2024-02-17,34,Peterborough_United,Blackpool,1,2,0.873,2.1615,1,0
League One,2023/2024,2024-02-17,34,Northampton_Town,Bristol_Rovers,3,1,0.6043,1.1603,1,0
League One,2023/2024,2024-02-17,34,Lincoln_City,Exeter_City,1,0,1.5875,0.3886,1,0
League One,2023/2024,2024-02-17,34,Leyton_Orient,Burton_Albion,1,2,1.74,0.5269,1,0
League One,2023/2024,2024-02-17,34,Fleetwood_Town,Barnsley,1,2,0.8536,1.5102,1,0
League One,2023/2024,2024-02-17,34,Portsmouth,Reading,4,1,0.6735,1.2455,1,0
League One,2023/2024,2024-02-17,34,Shrewsbury_Town,Wigan_Athletic,0,1,1.4066,0.5352,1,0
League One,2023/2024,2024-02-17,34,Cheltenham_Town,Port_Vale,3,2,1.4717,0.4972,1,0
League One,2023/2024,2024-02-17,34,Derby_County,Stevenage,1,0,0.2303,0.2695,1,0
Premier League,2023/2024,2024-02-18,25,Sheffield_United,Brighton_&_Hove_Albion,0,5,0.5941,2.8988,1,0
Premier League,2023/2024,2024-02-18,25,Luton_Town,Manchester_United,1,2,1.8188,2.9783,1,0
Premier League,2023/2024,2024-02-19,25,Everton,Crystal_Palace,1,1,1.7449,0.7316,1,0
Premier League,2023/2024,2024-02-20,18,Manchester_City,Brentford,1,0,2.448,0.3538,1,0
Championship,2023/2024,2024-02-20,29,Cardiff_City,Blackburn_Rovers,0,0,0.6322,0.5114,1,0
Championship,2023/2024,2024-02-20,29,Ipswich_Town,Rotherham_United,4,3,1.7664,1.706,1,0
Championship,2023/2024,2024-02-20,29,Plymouth_Argyle,West_Bromwich_Albion,0,3,0.1088,2.163,1,0
League One,2023/2024,2024-02-20,18,Cambridge_United,Bolton_Wanderers,1,2,0.3101,1.3674,1,0
Championship,2023/2024,2024-02-20,29,Southampton,Hull_City,1,2,1.5703,1.7924,1,0
League One,2023/2024,2024-02-20,28,Reading,Port_Vale,2,0,2.379,0.3536,1,0
League One,2023/2024,2024-02-20,29,Oxford_United,Northampton_Town,2,2,1.3482,0.6596,1,0
Premier League,2023/2024,2024-02-21,26,Liverpool,Luton_Town,4,1,3.3214,0.9235,1,0
Championship,2023/2024,2024-02-23,34,Leeds_United,Leicester_City,3,1,1.325,1.6169,1,0
League One,2023/2024,2024-02-23,35,Wigan_Athletic,Cheltenham_Town,1,1,0.3963,0.4418,1,0
Championship,2023/2024,2024-02-23,34,Coventry_City,Preston_North_End,0,3,0.824,1.4054,1,0
League One,2023/2024,2024-02-24,35,Burton_Albion,Northampton_Town,0,2,0.8283,0.3786,1,0
League One,2023/2024,2024-02-24,35,Bristol_Rovers,Carlisle_United,2,1,1.0004,0.7232,1,0
League One,2023/2024,2024-02-24,35,Blackpool,Bolton_Wanderers,4,1,3.2407,1.8566,1,0
League One,2023/2024,2024-02-24,35,Barnsley,Derby_County,2,1,0.3651,0.428,1,0
League One,2023/2024,2024-02-24,35,Cambridge_United,Peterborough_United,0,1,0.4194,1.3883,1,0
Championship,2023/2024,2024-02-24,34,Watford,Huddersfield_Town,1,2,1.2463,0.8072,1,0
Championship,2023/2024,2024-02-24,34,Sunderland,Swansea_City,1,2,1.1407,2.1776,1,0
Championship,2023/2024,2024-02-24,34,Southampton,Millwall,1,2,1.5555,1.16,1,0
Championship,2023/2024,2024-02-24,34,Sheffield_Wednesday,Bristol_City,2,1,1.1645,0.5945,1,0
Championship,2023/2024,2024-02-24,34,Queens_Park_Rangers,Rotherham_United,2,1,1.1342,0.9031,1,0
Championship,2023/2024,2024-02-24,34,Middlesbrough,Plymouth_Argyle,0,2,0.5496,1.9254,1,0
Championship,2023/2024,2024-02-24,34,Ipswich_Town,Birmingham_City,3,1,2.4642,0.4784,1,0
Championship,2023/2024,2024-02-24,34,Cardiff_City,Stoke_City,2,1,0.5409,1.9241,1,0
Championship,2023/2024,2024-02-24,34,Blackburn_Rovers,Norwich_City,1,1,1.0276,0.6704,1,0
Championship,2023/2024,2024-02-24,34,Hull_City,West_Bromwich_Albion,1,1,0.5621,0.9643,1,0
League One,2023/2024,2024-02-24,35,Charlton_Athletic,Portsmouth,0,0,0.8131,0.6707,1,0
League One,2023/2024,2024-02-24,35,Exeter_City,Fleetwood_Town,1,1,0.4798,1.3269,1,0
Premier League,2023/2024,2024-02-24,26,Crystal_Palace,Burnley,3,0,2.4038,0.0819,1,0
Premier League,2023/2024,2024-02-24,26,Arsenal,Newcastle_United,4,1,2.8565,0.1583,1,0
League One,2023/2024,2024-02-24,35,Port_Vale,Lincoln_City,0,2,0.4293,1.0068,1,0
Premier League,2023/2024,2024-02-24,26,Aston_Villa,Nottingham_Forest,4,2,3.5732,2.5637,1,0
League One,2023/2024,2024-02-24,35,Reading,Shrewsbury_Town,2,3,1.0973,0.5246,1,0
League One,2023/2024,2024-02-24,35,Stevenage,Wycombe_Wanderers,1,0,1.2282,0.6918,1,0
Premier League,2023/2024,2024-02-24,26,Brighton_&_Hove_Albion,Everton,1,1,1.41,0.2899,1,0
Premier League,2023/2024,2024-02-24,26,Manchester_United,Fulham,1,2,1.7175,1.2043,1,0
Premier League,2023/2024,2024-02-24,26,AFC_Bournemouth,Manchester_City,0,1,0.9313,1.6365,1,0
League One,2023/2024,2024-02-24,35,Oxford_United,Leyton_Orient,1,2,0.8485,0.7934,1,0
Premier League,2023/2024,2024-02-25,26,Wolverhampton_Wanderers,Sheffield_United,1,0,1.3058,0.579,1,0
Premier League,2023/2024,2024-02-26,26,West_Ham_United,Brentford,4,2,1.6895,0.9102,1,0
League One,2023/2024,2024-02-27,33,Burton_Albion,Carlisle_United,0,1,1.1167,0.1485,1,0
League One,2023/2024,2024-02-27,25,Stevenage,Cambridge_United,1,0,1.1711,0.4654,1,0
League One,2023/2024,2024-02-27,27,Wigan_Athletic,Bolton_Wanderers,1,0,0.5681,0.7059,1,0
League One,2023/2024,2024-02-27,27,Leyton_Orient,Blackpool,1,0,0.7533,0.4443,1,0
League One,2023/2024,2024-02-27,13,Wycombe_Wanderers,Cheltenham_Town,2,0,2.3861,0.3528,1,0
League One,2023/2024,2024-02-27,13,Port_Vale,Fleetwood_Town,2,2,1.1999,1.8451,1,0
League One,2023/2024,2024-02-27,13,Derby_County,Charlton_Athletic,1,2,0.656,1.601,1,0
League One,2023/2024,2024-02-27,27,Lincoln_City,Shrewsbury_Town,3,0,2.8151,0.2267,1,0
Championship,2023/2024,2024-03-01,35,West_Bromwich_Albion,Coventry_City,2,1,0.3618,1.7425,1,0
Premier League,2023/2024,2024-03-02,27,Brentford,Chelsea,2,2,1.8324,1.8123,1,0
Premier League,2023/2024,2024-03-02,27,Everton,West_Ham_United,1,3,2.7306,1.8734,1,0
Premier League,2023/2024,2024-03-02,27,Fulham,Brighton_&_Hove_Albion,3,0,1.2957,1.336,1,0
Premier League,2023/2024,2024-03-02,27,Newcastle_United,Wolverhampton_Wanderers,3,0,2.193,0.7965,1,0
Premier League,2023/2024,2024-03-02,27,Nottingham_Forest,Liverpool,0,1,0.9723,2.0651,1,0
Championship,2023/2024,2024-03-02,35,Preston_North_End,Hull_City,0,0,1.0006,0.842,1,0
Championship,2023/2024,2024-03-02,35,Huddersfield_Town,Leeds_United,1,1,1.158,1.9176,1,0
League One,2023/2024,2024-03-02,36,Bolton_Wanderers,Cambridge_United,2,0,1.8771,0.2435,1,0
League One,2023/2024,2024-03-02,36,Carlisle_United,Reading,1,3,0.5883,1.1096,1,0
League One,2023/2024,2024-03-02,36,Cheltenham_Town,Burton_Albion,0,0,0.8328,1.3514,1,0
League One,2023/2024,2024-03-02,36,Derby_County,Port_Vale,3,0,1.449,0.1851,1,0
League One,2023/2024,2024-03-02,36,Fleetwood_Town,Wigan_Athletic,4,2,0.9951,0.5554,1,0
League One,2023/2024,2024-03-02,36,Leyton_Orient,Bristol_Rovers,0,1,0.7515,0.5547,1,0
League One,2023/2024,2024-03-02,36,Lincoln_City,Stevenage,0,0,0.623,0.361,1,0
League One,2023/2024,2024-03-02,36,Northampton_Town,Charlton_Athletic,1,1,0.94,0.9973,1,0
League One,2023/2024,2024-03-02,36,Peterborough_United,Exeter_City,2,1,0.957,0.6885,1,0
League One,2023/2024,2024-03-02,36,Portsmouth,Oxford_United,2,1,0.8045,1.8147,1,0
League One,2023/2024,2024-03-02,36,Shrewsbury_Town,Blackpool,0,2,0.6301,1.201,1,0
League One,2023/2024,2024-03-02,36,Wycombe_Wanderers,Barnsley,2,4,1.2695,0.955,1,0
Premier League,2023/2024,2024-03-02,27,Tottenham_Hotspur,Crystal_Palace,3,1,1.9121,0.3214,1,0
Championship,2023/2024,2024-03-02,35,Swansea_City,Blackburn_Rovers,2,1,0.5677,0.5617,1,0
Championship,2023/2024,2024-03-02,35,Stoke_City,Middlesbrough,2,0,1.2468,0.6349,1,0
Championship,2023/2024,2024-03-02,35,Rotherham_United,Sheffield_Wednesday,0,1,0.3122,1.639,1,0
Championship,2023/2024,2024-03-02,35,Plymouth_Argyle,Ipswich_Town,0,2,0.5149,1.0205,1,0
Championship,2023/2024,2024-03-02,35,Norwich_City,Sunderland,1,0,1.272,0.5837,1,0
Championship,2023/2024,2024-03-02,35,Millwall,Watford,1,0,0.49,0.5637,1,0
Championship,2023/2024,2024-03-02,35,Leicester_City,Queens_Park_Rangers,1,2,1.0404,1.0107,1,0
Championship,2023/2024,2024-03-02,35,Birmingham_City,Southampton,3,4,0.8665,2.3512,1,0
Championship,2023/2024,2024-03-02,35,Bristol_City,Cardiff_City,0,1,0.7154,0.3286,1,0
Premier League,2023/2024,2024-03-02,27,Luton_Town,Aston_Villa,2,3,1.7655,1.9539,1,0
Premier League,2023/2024,2024-03-03,27,Manchester_City,Manchester_United,3,1,3.3315,0.2485,1,0
Premier League,2023/2024,2024-03-03,27,Burnley,AFC_Bournemouth,0,2,1.4947,1.1225,1,0
Premier League,2023/2024,2024-03-04,27,Sheffield_United,Arsenal,0,6,0.2389,2.3097,1,0
Championship,2023/2024,2024-03-05,36,Sheffield_Wednesday,Plymouth_Argyle,1,0,1.7018,0.5704,1,0
League One,2023/2024,2024-03-05,27,Peterborough_United,Northampton_Town,5,1,1.9278,0.6525,1,0
Championship,2023/2024,2024-03-05,36,Hull_City,Birmingham_City,1,1,1.5208,0.4148,1,0
Championship,2023/2024,2024-03-05,36,Coventry_City,Rotherham_United,5,0,2.0513,0.9633,1,0
Championship,2023/2024,2024-03-05,36,Blackburn_Rovers,Millwall,1,1,0.5962,0.2548,1,0
League One,2023/2024,2024-03-05,13,Barnsley,Bolton_Wanderers,2,2,1.2344,3.5028,1,0
Championship,2023/2024,2024-03-05,36,Ipswich_Town,Bristol_City,3,2,2.8015,0.9668,1,0
Championship,2023/2024,2024-03-05,36,Leeds_United,Stoke_City,1,0,2.3184,0.9421,1,0
Championship,2023/2024,2024-03-05,36,Sunderland,Leicester_City,0,1,0.7289,1.3214,1,0
League One,2023/2024,2024-03-05,38,Cheltenham_Town,Charlton_Athletic,1,3,1.8388,2.6606,1,0
Championship,2023/2024,2024-03-06,36,Cardiff_City,Huddersfield_Town,1,0,0.6359,1.6542,1,0
Championship,2023/2024,2024-03-06,36,Queens_Park_Rangers,West_Bromwich_Albion,2,2,2.2674,0.1546,1,0
Championship,2023/2024,2024-03-06,36,Watford,Swansea_City,1,1,2.9493,1.6925,1,0
Championship,2023/2024,2024-03-06,36,Middlesbrough,Norwich_City,3,1,1.6255,0.966,1,0
Championship,2023/2024,2024-03-08,37,Sheffield_Wednesday,Leeds_United,0,2,0.8388,2.0176,1,0
Championship,2023/2024,2024-03-09,37,Norwich_City,Rotherham_United,5,0,1.8268,0.0448,1,0
Championship,2023/2024,2024-03-09,37,Preston_North_End,Stoke_City,1,2,0.3616,1.4279,1,0
Championship,2023/2024,2024-03-09,37,Hull_City,Leicester_City,2,2,1.1995,2.033,1,0
Championship,2023/2024,2024-03-09,37,Queens_Park_Rangers,Middlesbrough,0,2,0.6101,0.4991,1,0
Premier League,2023/2024,2024-03-09,28,Arsenal,Brentford,2,1,1.2846,0.9722,1,0
Championship,2023/2024,2024-03-09,37,Cardiff_City,Ipswich_Town,2,1,2.4422,0.5924,1,0
Championship,2023/2024,2024-03-09,37,Blackburn_Rovers,Plymouth_Argyle,1,1,1.2515,2.1323,1,0
Premier League,2023/2024,2024-03-09,28,AFC_Bournemouth,Sheffield_United,2,2,3.3492,1.253,1,0
Premier League,2023/2024,2024-03-09,28,Manchester_United,Everton,2,0,2.7196,1.6137,1,0
Championship,2023/2024,2024-03-09,37,Southampton,Sunderland,4,2,3.2335,0.636,1,0
Championship,2023/2024,2024-03-09,37,Watford,Coventry_City,1,2,0.9647,1.2179,1,0
Premier League,2023/2024,2024-03-09,28,Wolverhampton_Wanderers,Fulham,2,1,0.834,2.703,1,0
Premier League,2023/2024,2024-03-09,28,Crystal_Palace,Luton_Town,1,1,2.731,0.842,1,0
Championship,2023/2024,2024-03-09,37,Millwall,Birmingham_City,1,0,0.8398,1.1065,1,0
League One,2023/2024,2024-03-09,37,Reading,Wycombe_Wanderers,1,2,0.9938,1.1306,1,0
League One,2023/2024,2024-03-09,37,Stevenage,Fleetwood_Town,0,0,0.464,0.1773,1,0
League One,2023/2024,2024-03-09,37,Port_Vale,Shrewsbury_Town,1,2,1.0717,1.0835,1,0
League One,2023/2024,2024-03-09,37,Oxford_United,Cheltenham_Town,2,1,0.5298,0.447,1,0
League One,2023/2024,2024-03-09,37,Exeter_City,Bolton_Wanderers,2,2,1.2249,0.8493,1,0
League One,2023/2024,2024-03-09,37,Charlton_Athletic,Carlisle_United,3,2,1.5035,1.0724,1,0
League One,2023/2024,2024-03-09,37,Wigan_Athletic,Leyton_Orient,1,0,1.2111,0.3206,1,0
League One,2023/2024,2024-03-09,37,Cambridge_United,Northampton_Town,1,1,0.856,0.3544,1,0
League One,2023/2024,2024-03-09,37,Burton_Albion,Peterborough_United,1,3,1.1575,1.3501,1,0
League One,2023/2024,2024-03-09,37,Bristol_Rovers,Derby_County,0,3,0.4383,3.2595,1,0
League One,2023/2024,2024-03-09,37,Blackpool,Portsmouth,0,0,0.1807,0.6225,1,0
League One,2023/2024,2024-03-09,37,Barnsley,Lincoln_City,1,5,0.9491,2.3336,1,0
Championship,2023/2024,2024-03-10,37,Bristol_City,Swansea_City,1,0,0.5048,0.6167,1,0
Premier League,2023/2024,2024-03-10,28,Aston_Villa,Tottenham_Hotspur,0,4,0.8256,1.5482,1,0
Premier League,2023/2024,2024-03-10,28,Brighton_&_Hove_Albion,Nottingham_Forest,1,0,0.4281,0.7038,1,0
Premier League,2023/2024,2024-03-10,28,West_Ham_United,Burnley,2,2,2.1105,0.6756,1,0
Premier League,2023/2024,2024-03-10,28,Liverpool,Manchester_City,1,1,2.698,1.5581,1,0
Championship,2023/2024,2024-03-10,37,Huddersfield_Town,West_Bromwich_Albion,1,4,1.6627,1.7276,1,0
Premier League,2023/2024,2024-03-11,28,Chelsea,Newcastle_United,3,2,1.5744,0.7375,1,0
League One,2023/2024,2024-03-12,38,Portsmouth,Burton_Albion,2,1,2.3794,0.3423,1,0
League One,2023/2024,2024-03-12,38,Leyton_Orient,Port_Vale,0,0,0.3696,0.4771,1,0
League One,2023/2024,2024-03-12,38,Carlisle_United,Barnsley,2,3,1.0754,2.75,1,0
League One,2023/2024,2024-03-12,38,Derby_County,Reading,2,1,2.9053,0.2769,1,0
League One,2023/2024,2024-03-12,38,Shrewsbury_Town,Exeter_City,0,3,0.2491,1.1716,1,0
League One,2023/2024,2024-03-12,38,Wycombe_Wanderers,Wigan_Athletic,1,0,0.3296,1.1015,1,0
League One,2023/2024,2024-03-12,38,Bolton_Wanderers,Oxford_United,5,0,1.7667,0.3277,1,0
League One,2023/2024,2024-03-12,38,Northampton_Town,Blackpool,0,1,0.2952,2.3553,1,0
Championship,2023/2024,2024-03-12,29,Birmingham_City,Middlesbrough,0,1,0.3624,1.3364,1,0
League One,2023/2024,2024-03-12,38,Fleetwood_Town,Bristol_Rovers,0,0,1.3899,1.0465,1,0
League One,2023/2024,2024-03-12,38,Lincoln_City,Cambridge_United,6,0,2.942,1.2332,1,0
Premier League,2023/2024,2024-03-13,17,AFC_Bournemouth,Luton_Town,4,3,2.3482,2.0565,1,0
League One,2023/2024,2024-03-13,38,Peterborough_United,Stevenage,3,1,1.3228,0.8698,1,0
Premier League,2023/2024,2024-03-16,29,Luton_Town,Nottingham_Forest,1,1,0.5784,1.9817,1,0
Championship,2023/2024,2024-03-16,38,Sunderland,Queens_Park_Rangers,0,0,0.2072,0.8594,1,0
Championship,2023/2024,2024-03-16,38,Stoke_City,Norwich_City,0,3,0.9447,2.1845,1,0
Championship,2023/2024,2024-03-16,38,Rotherham_United,Huddersfield_Town,0,0,0.4458,1.1818,1,0
Championship,2023/2024,2024-03-16,38,Plymouth_Argyle,Preston_North_End,0,1,0.6582,1.1167,1,0
Championship,2023/2024,2024-03-16,38,Middlesbrough,Blackburn_Rovers,0,0,1.498,0.7559,1,0
Championship,2023/2024,2024-03-16,38,Ipswich_Town,Sheffield_Wednesday,6,0,3.7341,0.6956,1,0
Championship,2023/2024,2024-03-16,38,Birmingham_City,Watford,0,1,1.937,1.4109,1,0
Championship,2023/2024,2024-03-16,38,Swansea_City,Cardiff_City,2,0,2.704,0.6727,1,0
League One,2023/2024,2024-03-16,39,Wycombe_Wanderers,Northampton_Town,2,0,0.5701,0.2538,1,0
League One,2023/2024,2024-03-16,39,Wigan_Athletic,Blackpool,1,0,0.9659,0.5123,1,0
League One,2023/2024,2024-03-16,39,Stevenage,Leyton_Orient,0,1,0.2721,0.5,1,0
League One,2023/2024,2024-03-16,39,Shrewsbury_Town,Carlisle_United,1,0,1.3244,0.644,1,0
League One,2023/2024,2024-03-16,39,Reading,Cambridge_United,4,0,0.65,0.8596,1,0
League One,2023/2024,2024-03-16,39,Port_Vale,Oxford_United,0,2,0.3506,0.9746,1,0
League One,2023/2024,2024-03-16,39,Peterborough_United,Portsmouth,0,1,0.8947,1.0638,1,0
League One,2023/2024,2024-03-16,39,Lincoln_City,Bristol_Rovers,5,0,1.9636,1.4475,1,0
Championship,2023/2024,2024-03-16,38,West_Bromwich_Albion,Bristol_City,2,0,1.2251,0.8071,1,0
Premier League,2023/2024,2024-03-16,29,Burnley,Brentford,2,1,2.7724,1.1633,1,0
League One,2023/2024,2024-03-16,39,Fleetwood_Town,Charlton_Athletic,1,1,1.8243,1.5483,1,0
Premier League,2023/2024,2024-03-16,29,Fulham,Tottenham_Hotspur,3,0,2.7618,2.4143,1,0
League One,2023/2024,2024-03-16,39,Barnsley,Cheltenham_Town,0,0,1.2906,0.3174,1,0
League One,2023/2024,2024-03-16,39,Exeter_City,Burton_Albion,1,0,1.0663,1.2239,1,0
League One,2023/2024,2024-03-16,39,Derby_County,Bolton_Wanderers,1,0,0.5455,0.4331,1,0
Championship,2023/2024,2024-03-17,38,Leeds_United,Millwall,2,0,1.5378,0.5793,1,0
Premier League,2023/2024,2024-03-17,29,West_Ham_United,Aston_Villa,1,1,2.018,0.6612,1,0
League One,2023/2024,2024-03-23,40,Northampton_Town,Derby_County,1,0,0.6718,1.7067,1,0
League One,2023/2024,2024-03-23,40,Carlisle_United,Stevenage,2,2,1.4818,1.6613,1,0
League One,2023/2024,2024-03-23,40,Burton_Albion,Port_Vale,0,1,0.4956,1.1888,1,0
Championship,2023/2024,2024-03-29,39,Bristol_City,Leicester_City,1,0,1.0679,2.0562,1,0
Championship,2023/2024,2024-03-29,39,Watford,Leeds_United,2,2,0.6675,1.0419,1,0
Championship,2023/2024,2024-03-29,39,Blackburn_Rovers,Ipswich_Town,0,1,0.6319,0.7466,1,0
Championship,2023/2024,2024-03-29,39,Southampton,Middlesbrough,1,1,2.3142,0.5106,1,0
Championship,2023/2024,2024-03-29,39,Sheffield_Wednesday,Swansea_City,1,1,1.7411,1.1537,1,0
Championship,2023/2024,2024-03-29,39,Queens_Park_Rangers,Birmingham_City,2,1,1.7225,0.9231,1,0
Championship,2023/2024,2024-03-29,39,Preston_North_End,Rotherham_United,3,0,2.0241,0.4166,1,0
Championship,2023/2024,2024-03-29,39,Norwich_City,Plymouth_Argyle,2,1,2.1966,1.2008,1,0
Championship,2023/2024,2024-03-29,39,Hull_City,Stoke_City,0,2,0.7243,1.5167,1,0
Championship,2023/2024,2024-03-29,39,Huddersfield_Town,Coventry_City,1,3,1.5636,1.1377,1,0
Championship,2023/2024,2024-03-29,39,Cardiff_City,Sunderland,0,2,0.2837,3.0688,1,0
Championship,2023/2024,2024-03-29,39,Millwall,West_Bromwich_Albion,1,1,1.4316,1.1441,1,0
League One,2023/2024,2024-03-29,41,Reading,Northampton_Town,1,0,0.7044,1.0292,1,0
League One,2023/2024,2024-03-29,41,Derby_County,Blackpool,1,0,0.4871,1.1926,1,0
League One,2023/2024,2024-03-29,41,Exeter_City,Charlton_Athletic,1,1,0.5671,0.9858,1,0
League One,2023/2024,2024-03-29,41,Fleetwood_Town,Cheltenham_Town,1,2,1.4482,1.1708,1,0
League One,2023/2024,2024-03-29,41,Lincoln_City,Leyton_Orient,1,0,0.3826,0.7501,1,0
League One,2023/2024,2024-03-29,41,Peterborough_United,Carlisle_United,1,3,2.9893,0.959,1,0
League One,2023/2024,2024-03-29,41,Port_Vale,Bristol_Rovers,2,0,2.647,0.0475,1,0
League One,2023/2024,2024-03-29,41,Barnsley,Cambridge_United,0,2,1.2432,0.459,1,0
League One,2023/2024,2024-03-29,41,Shrewsbury_Town,Oxford_United,1,1,0.7349,1.3476,1,0
League One,2023/2024,2024-03-29,41,Stevenage,Bolton_Wanderers,0,0,1.0684,0.2913,1,0
League One,2023/2024,2024-03-29,41,Wigan_Athletic,Burton_Albion,1,1,1.1187,2.4528,1,0
League One,2023/2024,2024-03-29,41,Wycombe_Wanderers,Portsmouth,1,3,0.5823,1.751,1,0
Premier League,2023/2024,2024-03-30,30,Newcastle_United,West_Ham_United,4,3,4.0672,1.4167,1,0
Premier League,2023/2024,2024-03-30,30,AFC_Bournemouth,Everton,2,1,1.3244,1.0103,1,0
Premier League,2023/2024,2024-03-30,30,Chelsea,Burnley,2,2,4.2641,1.6428,1,0
Premier League,2023/2024,2024-03-30,30,Nottingham_Forest,Crystal_Palace,1,1,0.9211,1.1903,1,0
Premier League,2023/2024,2024-03-30,30,Aston_Villa,Wolverhampton_Wanderers,2,0,0.9847,1.4941,1,0
Premier League,2023/2024,2024-03-30,30,Tottenham_Hotspur,Luton_Town,2,1,2.9889,0.5239,1,0
Premier League,2023/2024,2024-03-30,30,Brentford,Manchester_United,1,1,3.2852,0.5901,1,0
Premier League,2023/2024,2024-03-30,30,Sheffield_United,Fulham,3,3,1.885,1.3038,1,0
Premier League,2023/2024,2024-03-31,30,Liverpool,Brighton_&_Hove_Albion,2,1,2.8337,0.453,1,0
Premier League,2023/2024,2024-03-31,30,Manchester_City,Arsenal,0,0,1.02,0.6583,1,0
Championship,2023/2024,2024-04-01,40,Plymouth_Argyle,Bristol_City,0,1,0.4249,1.3351,1,0
Championship,2023/2024,2024-04-01,40,Leicester_City,Norwich_City,3,1,2.3328,1.0224,1,0
Championship,2023/2024,2024-04-01,40,Birmingham_City,Preston_North_End,1,0,1.4218,0.229,1,0
Championship,2023/2024,2024-04-01,40,Coventry_City,Cardiff_City,1,2,1.4992,1.1779,1,0
Championship,2023/2024,2024-04-01,40,Middlesbrough,Sheffield_Wednesday,2,0,2.4423,0.239,1,0
Championship,2023/2024,2024-04-01,40,Rotherham_United,Millwall,2,1,0.9012,2.1026,1,0
Championship,2023/2024,2024-04-01,40,West_Bromwich_Albion,Watford,2,2,1.1177,1.5099,1,0
Championship,2023/2024,2024-04-01,40,Sunderland,Blackburn_Rovers,1,5,1.5433,3.4099,1,0
Championship,2023/2024,2024-04-01,40,Leeds_United,Hull_City,3,1,2.9778,0.5569,1,0
League One,2023/2024,2024-04-01,42,Blackpool,Wycombe_Wanderers,0,0,1.1409,0.7506,1,0
League One,2023/2024,2024-04-01,42,Bolton_Wanderers,Reading,5,2,2.7254,0.8753,1,0
League One,2023/2024,2024-04-01,42,Bristol_Rovers,Shrewsbury_Town,0,0,1.0602,0.4166,1,0
League One,2023/2024,2024-04-01,42,Burton_Albion,Barnsley,1,3,0.7872,1.6525,1,0
League One,2023/2024,2024-04-01,42,Cambridge_United,Wigan_Athletic,3,1,0.5394,1.6009,1,0
Championship,2023/2024,2024-04-01,40,Stoke_City,Huddersfield_Town,1,1,1.2484,0.6707,1,0
League One,2023/2024,2024-04-01,42,Carlisle_United,Lincoln_City,1,3,1.2071,0.8462,1,0
League One,2023/2024,2024-04-01,42,Cheltenham_Town,Exeter_City,1,2,1.4345,1.5797,1,0
League One,2023/2024,2024-04-01,42,Leyton_Orient,Peterborough_United,1,2,0.737,2.371,1,0
League One,2023/2024,2024-04-01,42,Northampton_Town,Port_Vale,2,0,1.1707,0.9328,1,0
League One,2023/2024,2024-04-01,42,Oxford_United,Fleetwood_Town,4,0,2.3737,0.5732,1,0
Championship,2023/2024,2024-04-01,40,Ipswich_Town,Southampton,3,2,0.9458,1.3408,1,0
Championship,2023/2024,2024-04-01,40,Swansea_City,Queens_Park_Rangers,0,1,1.4377,1.3049,1,0
League One,2023/2024,2024-04-01,42,Charlton_Athletic,Stevenage,0,0,0.5985,0.4444,1,0
Premier League,2023/2024,2024-04-02,31,AFC_Bournemouth,Crystal_Palace,1,0,1.0989,0.1888,1,0
Premier League,2023/2024,2024-04-02,31,Nottingham_Forest,Fulham,3,1,1.5321,1.4955,1,0
Premier League,2023/2024,2024-04-02,31,Newcastle_United,Everton,1,1,2.4396,1.4416,1,0
Premier League,2023/2024,2024-04-02,31,Burnley,Wolverhampton_Wanderers,1,1,1.3377,0.9014,1,0
Premier League,2023/2024,2024-04-02,31,West_Ham_United,Tottenham_Hotspur,1,1,1.4909,0.9592,1,0
League One,2023/2024,2024-04-02,42,Portsmouth,Derby_County,2,2,0.9064,0.7479,1,0
Premier League,2023/2024,2024-04-03,31,Manchester_City,Aston_Villa,4,1,3.4557,0.7669,1,0
Premier League,2023/2024,2024-04-03,31,Brentford,Brighton_&_Hove_Albion,0,0,0.5682,1.136,1,0
Premier League,2023/2024,2024-04-03,31,Arsenal,Luton_Town,2,0,0.7282,0.3416,1,0
Premier League,2023/2024,2024-04-04,31,Chelsea,Manchester_United,4,3,3.0175,1.4746,1,0
Premier League,2023/2024,2024-04-04,31,Liverpool,Sheffield_United,3,1,1.8274,0.5903,1,0
Championship,2023/2024,2024-04-05,41,Rotherham_United,Plymouth_Argyle,0,1,0.3566,1.9704,1,0
Premier League,2023/2024,2024-04-06,32,Brighton_&_Hove_Albion,Arsenal,0,3,0.5268,3.3928,1,0
League One,2023/2024,2024-04-06,43,Portsmouth,Shrewsbury_Town,3,1,1.5896,1.0046,1,0
League One,2023/2024,2024-04-06,43,Northampton_Town,Carlisle_United,2,0,1.6156,0.2236,1,0
League One,2023/2024,2024-04-06,43,Leyton_Orient,Cheltenham_Town,3,1,1.5056,1.898,1,0
League One,2023/2024,2024-04-06,43,Exeter_City,Stevenage,1,0,0.9756,0.7255,1,0
League One,2023/2024,2024-04-06,43,Charlton_Athletic,Barnsley,2,1,2.1914,2.8245,1,0
League One,2023/2024,2024-04-06,43,Burton_Albion,Oxford_United,0,4,0.4937,3.1738,1,0
League One,2023/2024,2024-04-06,43,Bristol_Rovers,Bolton_Wanderers,0,2,0.8023,1.8479,1,0
Championship,2023/2024,2024-04-06,41,Norwich_City,Ipswich_Town,1,0,0.5448,0.806,1,0
Championship,2023/2024,2024-04-06,41,Coventry_City,Leeds_United,2,1,1.8838,2.0319,1,0
Championship,2023/2024,2024-04-06,41,Cardiff_City,Hull_City,1,3,0.5807,1.5853,1,0
League One,2023/2024,2024-04-06,43,Reading,Lincoln_City,1,1,1.3841,0.2481,1,0
Championship,2023/2024,2024-04-06,41,Huddersfield_Town,Millwall,1,0,1.5379,1.0479,1,0
Championship,2023/2024,2024-04-06,41,Leicester_City,Birmingham_City,2,1,1.4402,0.4955,1,0
Championship,2023/2024,2024-04-06,41,Middlesbrough,Swansea_City,2,0,1.1744,0.6977,1,0
Championship,2023/2024,2024-04-06,41,Queens_Park_Rangers,Sheffield_Wednesday,0,2,1.0324,1.4697,1,0
Championship,2023/2024,2024-04-06,41,Stoke_City,West_Bromwich_Albion,2,2,2.1835,1.6006,1,0
Championship,2023/2024,2024-04-06,41,Sunderland,Bristol_City,0,0,1.6735,0.7669,1,0
Championship,2023/2024,2024-04-06,41,Watford,Preston_North_End,0,0,0.4891,0.9451,1,0
Championship,2023/2024,2024-04-06,41,Blackburn_Rovers,Southampton,0,0,0.9598,1.0565,1,0
League One,2023/2024,2024-04-06,43,Wigan_Athletic,Port_Vale,0,0,1.0013,0.7535,1,0
League One,2023/2024,2024-04-06,43,Blackpool,Cambridge_United,1,0,0.6699,0.4412,1,0
Premier League,2023/2024,2024-04-06,32,Wolverhampton_Wanderers,West_Ham_United,1,2,1.4685,1.1643,1,0
Premier League,2023/2024,2024-04-06,32,Luton_Town,AFC_Bournemouth,2,1,1.4618,0.4076,1,0
Premier League,2023/2024,2024-04-06,32,Fulham,Newcastle_United,0,1,1.258,0.9692,1,0
Premier League,2023/2024,2024-04-06,32,Everton,Burnley,1,0,0.9399,0.462,1,0
Premier League,2023/2024,2024-04-06,32,Aston_Villa,Brentford,3,3,1.5164,1.5636,1,0
Premier League,2023/2024,2024-04-06,32,Crystal_Palace,Manchester_City,2,4,1.0766,1.9108,1,0
Premier League,2023/2024,2024-04-07,32,Manchester_United,Liverpool,2,2,0.7021,3.6747,1,0
Premier League,2023/2024,2024-04-07,32,Tottenham_Hotspur,Nottingham_Forest,3,1,1.554,1.5485,1,0
Premier League,2023/2024,2024-04-07,32,Sheffield_United,Chelsea,2,2,1.3826,0.3491,1,0
Championship,2023/2024,2024-04-09,42,Leeds_United,Sunderland,0,0,0.5526,0.2428,1,0
Championship,2023/2024,2024-04-09,42,Southampton,Coventry_City,2,1,1.4883,1.5212,1,0
Championship,2023/2024,2024-04-09,42,Sheffield_Wednesday,Norwich_City,2,2,1.5284,1.5755,1,0
Championship,2023/2024,2024-04-09,42,Preston_North_End,Huddersfield_Town,4,1,2.4124,0.8185,1,0
Championship,2023/2024,2024-04-09,42,Plymouth_Argyle,Queens_Park_Rangers,1,1,0.4714,1.6415,1,0
Championship,2023/2024,2024-04-09,42,Millwall,Leicester_City,1,0,0.5022,0.9391,1,0
League One,2023/2024,2024-04-09,29,Cheltenham_Town,Carlisle_United,0,1,0.443,1.0568,1,0
League One,2023/2024,2024-04-09,29,Stevenage,Barnsley,2,1,1.8235,0.693,1,0
League One,2023/2024,2024-04-09,40,Charlton_Athletic,Wigan_Athletic,2,2,1.8764,1.1071,1,0
League One,2023/2024,2024-04-09,40,Blackpool,Fleetwood_Town,1,0,1.9693,0.794,1,0
League One,2023/2024,2024-04-09,40,Bristol_Rovers,Reading,0,2,0.7836,1.4925,1,0
League One,2023/2024,2024-04-09,40,Leyton_Orient,Exeter_City,2,2,0.2873,1.5545,1,0
Championship,2023/2024,2024-04-10,42,West_Bromwich_Albion,Rotherham_United,2,0,3.4637,0.4617,1,0
Championship,2023/2024,2024-04-10,42,Swansea_City,Stoke_City,3,0,1.849,0.3139,1,0
Championship,2023/2024,2024-04-10,42,Hull_City,Middlesbrough,2,2,1.6767,1.8547,1,0
Championship,2023/2024,2024-04-10,42,Bristol_City,Blackburn_Rovers,5,0,3.3944,0.6052,1,0
Championship,2023/2024,2024-04-10,42,Birmingham_City,Cardiff_City,0,1,0.5873,1.107,1,0
Championship,2023/2024,2024-04-10,42,Ipswich_Town,Watford,0,0,0.6716,0.2947,1,0
League One,2023/2024,2024-04-10,33,Peterborough_United,Port_Vale,3,0,1.7735,0.0686,1,0
League One,2023/2024,2024-04-10,43,Wycombe_Wanderers,Derby_County,0,0,0.5087,1.7337,1,0
Championship,2023/2024,2024-04-12,43,Plymouth_Argyle,Leicester_City,1,0,0.2444,1.5787,1,0
Championship,2023/2024,2024-04-13,43,Hull_City,Queens_Park_Rangers,3,0,0.5874,1.4229,1,0
Championship,2023/2024,2024-04-13,43,Ipswich_Town,Middlesbrough,1,1,2.2345,1.4471,1,0
Championship,2023/2024,2024-04-13,43,Bristol_City,Huddersfield_Town,1,1,1.5212,1.8601,1,0
Championship,2023/2024,2024-04-13,43,Preston_North_End,Norwich_City,0,1,0.9643,0.5084,1,0
Championship,2023/2024,2024-04-13,43,Sheffield_Wednesday,Stoke_City,1,1,1.5749,0.6096,1,0
Championship,2023/2024,2024-04-13,43,Southampton,Watford,3,2,1.8502,0.8438,1,0
Championship,2023/2024,2024-04-13,43,Birmingham_City,Coventry_City,3,0,1.3731,0.5807,1,0
Premier League,2023/2024,2024-04-13,33,Newcastle_United,Tottenham_Hotspur,4,0,2.8817,0.7725,1,0
Championship,2023/2024,2024-04-13,43,Swansea_City,Rotherham_United,1,0,1.0971,0.1203,1,0
Premier League,2023/2024,2024-04-13,33,Nottingham_Forest,Wolverhampton_Wanderers,2,2,1.9224,1.0868,1,0
Premier League,2023/2024,2024-04-13,33,Manchester_City,Luton_Town,5,1,4.3151,0.5103,1,0
Premier League,2023/2024,2024-04-13,33,AFC_Bournemouth,Manchester_United,2,2,1.6365,1.2572,1,0
Premier League,2023/2024,2024-04-13,33,Burnley,Brighton_&_Hove_Albion,1,1,1.7116,0.8619,1,0
Premier League,2023/2024,2024-04-13,33,Brentford,Sheffield_United,2,0,1.0199,0.8398,1,0
Championship,2023/2024,2024-04-13,43,Leeds_United,Blackburn_Rovers,0,1,1.4195,0.6097,1,0
Championship,2023/2024,2024-04-13,43,West_Bromwich_Albion,Sunderland,0,1,0.294,0.4407,1,0
Championship,2023/2024,2024-04-13,43,Millwall,Cardiff_City,3,1,1.3658,0.3905,1,0
League One,2023/2024,2024-04-13,44,Stevenage,Burton_Albion,1,2,1.7656,0.406,1,0
League One,2023/2024,2024-04-13,44,Shrewsbury_Town,Wycombe_Wanderers,0,2,0.3417,0.7855,1,0
League One,2023/2024,2024-04-13,44,Port_Vale,Exeter_City,2,4,0.652,1.6621,1,0
League One,2023/2024,2024-04-13,44,Oxford_United,Peterborough_United,5,0,2.7393,2.0526,1,0
League One,2023/2024,2024-04-13,44,Lincoln_City,Wigan_Athletic,1,2,0.728,0.7575,1,0
League One,2023/2024,2024-04-13,44,Fleetwood_Town,Northampton_Town,2,0,1.9966,0.3906,1,0
League One,2023/2024,2024-04-13,44,Derby_County,Leyton_Orient,3,0,1.6913,0.2705,1,0
League One,2023/2024,2024-04-13,44,Cheltenham_Town,Bristol_Rovers,1,3,1.4755,2.711,1,0
League One,2023/2024,2024-04-13,44,Carlisle_United,Blackpool,0,1,0.5888,1.6096,1,0
League One,2023/2024,2024-04-13,44,Cambridge_United,Charlton_Athletic,1,1,0.5013,1.3271,1,0
League One,2023/2024,2024-04-13,44,Barnsley,Reading,2,2,1.7242,2.7835,1,0
League One,2023/2024,2024-04-13,44,Bolton_Wanderers,Portsmouth,1,1,1.5204,0.4532,1,0
Premier League,2023/2024,2024-04-14,33,Liverpool,Crystal_Palace,0,1,2.8097,1.9831,1,0
Premier League,2023/2024,2024-04-14,33,West_Ham_United,Fulham,0,2,0.929,3.2852,1,0
Premier League,2023/2024,2024-04-14,33,Arsenal,Aston_Villa,0,2,1.6365,0.9363,1,0
Premier League,2023/2024,2024-04-15,33,Chelsea,Everton,6,0,3.0806,1.482,1,0
League One,2023/2024,2024-04-16,40,Bolton_Wanderers,Shrewsbury_Town,2,2,2.2386,0.663,1,0
Championship,2023/2024,2024-04-16,36,Southampton,Preston_North_End,3,0,2.8307,0.1017,1,0
League One,2023/2024,2024-04-16,40,Portsmouth,Barnsley,3,2,1.6072,1.9247,1,0
League One,2023/2024,2024-04-16,43,Peterborough_United,Fleetwood_Town,4,1,2.7872,2.1002,1,0
League One,2023/2024,2024-04-16,29,Port_Vale,Wycombe_Wanderers,1,2,1.5121,1.1483,1,0
League One,2023/2024,2024-04-16,40,Oxford_United,Lincoln_City,0,1,1.5012,1.7917,1,0
League One,2023/2024,2024-04-16,18,Burton_Albion,Cheltenham_Town,1,2,0.4572,0.6172,1,0
League One,2023/2024,2024-04-16,27,Bristol_Rovers,Cambridge_United,1,0,1.9962,0.8757,1,0
League One,2023/2024,2024-04-19,45,Oxford_United,Stevenage,1,1,2.9063,0.1472,1,0
League One,2023/2024,2024-04-20,45,Cheltenham_Town,Lincoln_City,1,2,1.1884,1.9593,1,0
League One,2023/2024,2024-04-20,45,Charlton_Athletic,Shrewsbury_Town,1,1,1.3853,2.1532,1,0
League One,2023/2024,2024-04-20,45,Carlisle_United,Wycombe_Wanderers,1,3,0.9399,2.4954,1,0
League One,2023/2024,2024-04-20,45,Cambridge_United,Derby_County,0,1,0.6902,1.6779,1,0
League One,2023/2024,2024-04-20,45,Burton_Albion,Reading,3,2,1.2235,1.4403,1,0
League One,2023/2024,2024-04-20,45,Bristol_Rovers,Peterborough_United,0,2,0.5335,1.8202,1,0
League One,2023/2024,2024-04-20,45,Bolton_Wanderers,Port_Vale,2,0,3.0321,0.795,1,0
League One,2023/2024,2024-04-20,45,Northampton_Town,Exeter_City,1,2,1.9009,1.0121,1,0
Premier League,2023/2024,2024-04-20,34,Wolverhampton_Wanderers,Arsenal,0,2,0.1728,1.1818,1,0
Premier League,2023/2024,2024-04-20,34,Sheffield_United,Burnley,1,4,2.4286,2.1763,1,0
Premier League,2023/2024,2024-04-20,34,Luton_Town,Brentford,1,5,0.5856,3.1389,1,0
League One,2023/2024,2024-04-20,45,Leyton_Orient,Fleetwood_Town,0,1,0.9753,0.98,1,0
League One,2023/2024,2024-04-20,45,Blackpool,Barnsley,3,2,1.4929,0.7641,1,0
League One,2023/2024,2024-04-20,45,Portsmouth,Wigan_Athletic,1,2,1.7307,0.9791,1,0
Championship,2023/2024,2024-04-20,44,Leicester_City,West_Bromwich_Albion,2,1,2.6008,2.177,1,0
Championship,2023/2024,2024-04-20,44,Rotherham_United,Birmingham_City,0,0,0.3253,0.6504,1,0
Championship,2023/2024,2024-04-20,44,Queens_Park_Rangers,Preston_North_End,1,0,1.819,0.637,1,0
Championship,2023/2024,2024-04-20,44,Watford,Hull_City,0,0,1.1373,2.3024,1,0
Championship,2023/2024,2024-04-20,44,Sunderland,Millwall,0,1,0.8307,0.0657,1,0
Championship,2023/2024,2024-04-20,44,Stoke_City,Plymouth_Argyle,3,0,1.9266,0.3436,1,0
Championship,2023/2024,2024-04-20,44,Norwich_City,Bristol_City,1,1,1.3302,1.67,1,0
Championship,2023/2024,2024-04-20,44,Huddersfield_Town,Swansea_City,0,4,0.5301,2.3638,1,0
Championship,2023/2024,2024-04-20,44,Cardiff_City,Southampton,2,1,1.7815,2.0541,1,0
Championship,2023/2024,2024-04-21,44,Blackburn_Rovers,Sheffield_Wednesday,1,3,0.9621,1.6703,1,0
Premier League,2023/2024,2024-04-21,34,Everton,Nottingham_Forest,2,0,0.3414,0.9474,1,0
Premier League,2023/2024,2024-04-21,34,Aston_Villa,AFC_Bournemouth,3,1,2.5101,1.7676,1,0
Premier League,2023/2024,2024-04-21,34,Crystal_Palace,West_Ham_United,5,2,2.3567,1.2722,1,0
Premier League,2023/2024,2024-04-21,34,Fulham,Liverpool,1,3,0.8039,1.0041,1,0
Championship,2023/2024,2024-04-22,44,Middlesbrough,Leeds_United,3,4,1.1346,2.4719,1,0
Premier League,2023/2024,2024-04-23,29,Arsenal,Chelsea,5,0,3.4224,1.6774,1,0
League One,2023/2024,2024-04-23,40,Cambridge_United,Wycombe_Wanderers,1,1,1.3874,1.762,1,0
League One,2023/2024,2024-04-23,40,Cheltenham_Town,Peterborough_United,2,0,2.6646,0.7225,1,0
Championship,2023/2024,2024-04-23,38,Leicester_City,Southampton,5,0,2.0375,0.2951,1,0
Premier League,2023/2024,2024-04-24,29,Crystal_Palace,Newcastle_United,2,0,0.8925,0.3615,1,0
Premier League,2023/2024,2024-04-24,29,Wolverhampton_Wanderers,AFC_Bournemouth,0,1,0.5576,1.9598,1,0
Premier League,2023/2024,2024-04-24,29,Manchester_United,Sheffield_United,4,2,2.9362,0.8156,1,0
Championship,2023/2024,2024-04-24,38,Coventry_City,Hull_City,2,3,0.518,2.0061,1,0
Premier League,2023/2024,2024-04-24,29,Everton,Liverpool,2,0,1.263,2.0846,1,0
Premier League,2023/2024,2024-04-25,29,Brighton_&_Hove_Albion,Manchester_City,0,4,0.6186,1.3646,1,0
Championship,2023/2024,2024-04-26,45,Queens_Park_Rangers,Leeds_United,4,0,0.7219,1.0095,1,0
Premier League,2023/2024,2024-04-27,35,Aston_Villa,Chelsea,2,2,1.1015,1.5665,1,0
Premier League,2023/2024,2024-04-27,35,Everton,Brentford,1,0,0.8617,0.8768,1,0
League One,2023/2024,2024-04-27,46,Wigan_Athletic,Bristol_Rovers,2,0,1.0365,0.1108,1,0
Premier League,2023/2024,2024-04-27,35,Newcastle_United,Sheffield_United,5,1,3.1094,1.5488,1,0
Premier League,2023/2024,2024-04-27,35,Manchester_United,Burnley,1,1,2.7069,2.0594,1,0
Premier League,2023/2024,2024-04-27,35,Fulham,Crystal_Palace,1,1,1.1383,1.0122,1,0
Premier League,2023/2024,2024-04-27,35,West_Ham_United,Liverpool,2,2,0.7038,1.7537,1,0
Premier League,2023/2024,2024-04-27,35,Wolverhampton_Wanderers,Luton_Town,2,1,1.2099,0.5933,1,0
Championship,2023/2024,2024-04-27,45,Blackburn_Rovers,Coventry_City,0,0,2.6943,0.3384,1,0
League One,2023/2024,2024-04-27,46,Stevenage,Cheltenham_Town,2,1,2.8914,1.7021,1,0
Championship,2023/2024,2024-04-27,45,Cardiff_City,Middlesbrough,1,4,1.6293,1.6631,1,0
League One,2023/2024,2024-04-27,46,Shrewsbury_Town,Leyton_Orient,1,3,2.0423,2.2266,1,0
League One,2023/2024,2024-04-27,46,Reading,Blackpool,3,2,2.3537,1.3826,1,0
League One,2023/2024,2024-04-27,46,Port_Vale,Cambridge_United,0,0,0.766,0.3969,1,0
Championship,2023/2024,2024-04-27,45,Bristol_City,Rotherham_United,2,0,2.0574,0.4038,1,0
League One,2023/2024,2024-04-27,46,Lincoln_City,Portsmouth,0,2,1.7449,1.8586,1,0
League One,2023/2024,2024-04-27,46,Fleetwood_Town,Burton_Albion,3,0,1.7745,0.6888,1,0
League One,2023/2024,2024-04-27,46,Exeter_City,Oxford_United,1,2,0.4634,2.012,1,0
League One,2023/2024,2024-04-27,46,Derby_County,Carlisle_United,2,0,0.5501,0.4718,1,0
League One,2023/2024,2024-04-27,46,Barnsley,Northampton_Town,1,1,0.8315,0.6098,1,0
League One,2023/2024,2024-04-27,46,Wycombe_Wanderers,Charlton_Athletic,1,0,1.3414,1.0598,1,0
League One,2023/2024,2024-04-27,46,Peterborough_United,Bolton_Wanderers,3,3,2.9721,1.9691,1,0
Championship,2023/2024,2024-04-27,45,Huddersfield_Town,Birmingham_City,1,1,1.0945,1.1064,1,0
Championship,2023/2024,2024-04-27,45,Millwall,Plymouth_Argyle,1,0,1.0474,0.3393,1,0
Championship,2023/2024,2024-04-27,45,Norwich_City,Swansea_City,2,2,3.0939,1.4023,1,0
Championship,2023/2024,2024-04-27,45,Sheffield_Wednesday,West_Bromwich_Albion,3,0,2.104,1.3255,1,0
Championship,2023/2024,2024-04-27,45,Southampton,Stoke_City,0,1,1.6854,1.9876,1,0
Championship,2023/2024,2024-04-27,45,Watford,Sunderland,1,0,0.4006,1.5334,1,0
Championship,2023/2024,2024-04-27,45,Hull_City,Ipswich_Town,3,3,2.2261,2.2407,1,0
Premier League,2023/2024,2024-04-28,35,Nottingham_Forest,Manchester_City,0,2,1.9336,0.8739,1,0
Premier League,2023/2024,2024-04-28,35,AFC_Bournemouth,Brighton_&_Hove_Albion,3,0,2.1068,0.9434,1,0
Premier League,2023/2024,2024-04-28,35,Tottenham_Hotspur,Arsenal,2,3,2.4205,1.0259,1,0
Championship,2023/2024,2024-04-29,45,Preston_North_End,Leicester_City,0,3,0.3168,3.52,1,0
Championship,2023/2024,2024-04-30,44,Coventry_City,Ipswich_Town,1,2,1.0405,1.5017,1,0
Premier League,2023/2024,2024-05-02,26,Chelsea,Tottenham_Hotspur,2,0,2.1723,1.6483,1,0
Premier League,2023/2024,2024-05-03,36,Luton_Town,Everton,1,1,0.8097,1.4224,1,0
Championship,2023/2024,2024-05-04,46,Swansea_City,Millwall,0,1,1.4484,0.7992,1,0
Premier League,2023/2024,2024-05-04,36,Manchester_City,Wolverhampton_Wanderers,5,1,3.7365,0.3483,1,0
Premier League,2023/2024,2024-05-04,36,Sheffield_United,Nottingham_Forest,1,3,2.3136,1.4513,1,0
Premier League,2023/2024,2024-05-04,36,Burnley,Newcastle_United,1,4,1.041,3.5432,1,0
Championship,2023/2024,2024-05-04,46,Sunderland,Sheffield_Wednesday,0,2,1.7093,1.3105,1,0
Premier League,2023/2024,2024-05-04,36,Arsenal,AFC_Bournemouth,3,0,3.3827,0.4644,1,0
Championship,2023/2024,2024-05-04,46,Birmingham_City,Norwich_City,1,0,1.2367,0.1117,1,0
Premier League,2023/2024,2024-05-04,36,Brentford,Fulham,0,0,0.6314,1.2763,1,0
Championship,2023/2024,2024-05-04,46,Ipswich_Town,Huddersfield_Town,2,0,1.7397,0.0904,1,0
Championship,2023/2024,2024-05-04,46,Leeds_United,Southampton,1,2,0.9387,1.1377,1,0
Championship,2023/2024,2024-05-04,46,Leicester_City,Blackburn_Rovers,0,2,1.2884,1.7031,1,0
Championship,2023/2024,2024-05-04,46,Middlesbrough,Watford,3,1,2.1956,1.0486,1,0
Championship,2023/2024,2024-05-04,46,Plymouth_Argyle,Hull_City,1,0,0.8651,0.4688,1,0
Championship,2023/2024,2024-05-04,46,Rotherham_United,Cardiff_City,5,2,3.303,1.3383,1,0
Championship,2023/2024,2024-05-04,46,Stoke_City,Bristol_City,4,0,2.0782,1.0092,1,0
Championship,2023/2024,2024-05-04,46,West_Bromwich_Albion,Preston_North_End,3,0,2.9516,0.1576,1,0
Championship,2023/2024,2024-05-04,46,Coventry_City,Queens_Park_Rangers,1,2,1.8477,0.5013,1,0
Premier League,2023/2024,2024-05-05,36,Liverpool,Tottenham_Hotspur,4,2,3.372,1.2355,1,0
Premier League,2023/2024,2024-05-05,36,Chelsea,West_Ham_United,5,0,4.2194,0.881,1,0
Premier League,2023/2024,2024-05-05,36,Brighton_&_Hove_Albion,Aston_Villa,1,0,2.5268,0.0547,1,0
Premier League,2023/2024,2024-05-06,36,Crystal_Palace,Manchester_United,4,0,1.7518,0.3539,1,0
Premier League,2023/2024,2024-05-11,37,Fulham,Manchester_City,0,4,0.1219,3.247,1,0
Premier League,2023/2024,2024-05-11,37,AFC_Bournemouth,Brentford,1,2,0.6721,1.0848,1,0
Premier League,2023/2024,2024-05-11,37,Everton,Sheffield_United,1,0,2.3467,0.5982,1,0
Premier League,2023/2024,2024-05-11,37,Newcastle_United,Brighton_&_Hove_Albion,1,1,2.2225,1.3698,1,0
Premier League,2023/2024,2024-05-11,37,Tottenham_Hotspur,Burnley,2,1,2.7158,0.6729,1,0
Premier League,2023/2024,2024-05-11,37,West_Ham_United,Luton_Town,3,1,3.1696,0.323,1,0
Premier League,2023/2024,2024-05-11,37,Wolverhampton_Wanderers,Crystal_Palace,1,3,1.5661,2.7024,1,0
Premier League,2023/2024,2024-05-11,37,Nottingham_Forest,Chelsea,2,3,1.5502,1.6193,1,0
Premier League,2023/2024,2024-05-12,37,Manchester_United,Arsenal,0,1,0.5105,1.5196,1,0
Premier League,2023/2024,2024-05-13,37,Aston_Villa,Liverpool,3,3,3.1713,1.7482,1,0
Premier League,2023/2024,2024-05-14,34,Tottenham_Hotspur,Manchester_City,0,2,1.6573,2.3952,1,0
Premier League,2023/2024,2024-05-15,34,Brighton_&_Hove_Albion,Chelsea,1,2,1.2733,1.5438,1,0
Premier League,2023/2024,2024-05-15,34,Manchester_United,Newcastle_United,3,2,1.4801,2.1937,1,0
Premier League,2023/2024,2024-05-19,38,Liverpool,Wolverhampton_Wanderers,2,0,4.7392,0.4977,1,0
Premier League,2023/2024,2024-05-19,38,Arsenal,Everton,2,1,3.0069,0.6126,1,0
Premier League,2023/2024,2024-05-19,38,Brentford,Newcastle_United,2,4,1.131,3.4271,1,0
Premier League,2023/2024,2024-05-19,38,Brighton_&_Hove_Albion,Manchester_United,0,2,1.8847,1.2853,1,0
Premier League,2023/2024,2024-05-19,38,Burnley,Nottingham_Forest,1,2,1.2109,1.7766,1,0
Premier League,2023/2024,2024-05-19,38,Chelsea,AFC_Bournemouth,2,1,1.1373,2.2207,1,0
Premier League,2023/2024,2024-05-19,38,Crystal_Palace,Aston_Villa,5,0,2.5375,1.0181,1,0
Premier League,2023/2024,2024-05-19,38,Luton_Town,Fulham,2,4,2.101,1.0922,1,0
Premier League,2023/2024,2024-05-19,38,Manchester_City,West_Ham_United,3,1,2.0439,0.3602,1,0
Premier League,2023/2024,2024-05-19,38,Sheffield_United,Tottenham_Hotspur,0,3,0.9839,3.1576,1,0
Championship,2024/2025,2024-08-09,1,Preston_North_End,Sheffield_United,0,2,0.6432,1.0227,1,0
Championship,2024/2025,2024-08-09,1,Blackburn_Rovers,Derby_County,4,2,2.0518,1.0832,1,0
League One,2024/2025,2024-08-09,1,Barnsley,Mansfield_Town,1,2,1.3874,0.8858,1,0
League One,2024/2025,2024-08-10,1,Burton_Albion,Lincoln_City,2,3,2.2516,1.2422,1,0
Championship,2024/2025,2024-08-10,1,Hull_City,Bristol_City,1,1,1.6714,1.2498,1,0
Championship,2024/2025,2024-08-10,1,Cardiff_City,Sunderland,0,2,1.0228,1.7973,1,0
Championship,2024/2025,2024-08-10,1,Stoke_City,Coventry_City,1,0,0.9517,0.7415,1,0
Championship,2024/2025,2024-08-10,1,Queens_Park_Rangers,West_Bromwich_Albion,1,3,0.8461,1.4934,1,0
League One,2024/2025,2024-08-10,1,Wrexham,Wycombe_Wanderers,3,2,1.1418,1.9894,1,0
League One,2024/2025,2024-08-10,1,Wigan_Athletic,Charlton_Athletic,0,1,0.7812,0.4554,1,0
League One,2024/2025,2024-08-10,1,Crawley_Town,Blackpool,2,1,1.0626,1.7676,1,0
Championship,2024/2025,2024-08-10,1,Millwall,Watford,2,3,2.0008,1.118,1,0
League One,2024/2025,2024-08-10,1,Stockport_County,Cambridge_United,2,0,1.463,0.6191,1,0
League One,2024/2025,2024-08-10,1,Peterborough_United,Huddersfield_Town,0,2,0.4267,1.4652,1,0
League One,2024/2025,2024-08-10,1,Leyton_Orient,Bolton_Wanderers,1,2,1.0371,0.9964,1,0
Championship,2024/2025,2024-08-10,1,Oxford_United,Norwich_City,2,0,0.9087,0.8299,1,0
League One,2024/2025,2024-08-10,1,Exeter_City,Rotherham_United,1,0,1.6271,1.3482,1,0
Championship,2024/2025,2024-08-10,1,Leeds_United,Portsmouth,3,3,3.3872,0.9416,1,0
League One,2024/2025,2024-08-10,1,Birmingham_City,Reading,1,1,1.5878,0.548,1,0
League One,2024/2025,2024-08-10,1,Bristol_Rovers,Northampton_Town,1,0,1.0734,0.2417,1,0
League One,2024/2025,2024-08-10,1,Stevenage,Shrewsbury_Town,1,0,2.3527,0.3499,1,0
Championship,2024/2025,2024-08-10,1,Middlesbrough,Swansea_City,1,0,2.8612,0.4705,1,0
Championship,2024/2025,2024-08-11,1,Sheffield_Wednesday,Plymouth_Argyle,4,0,4.6804,0.2319,1,0
Championship,2024/2025,2024-08-12,1,Luton_Town,Burnley,1,4,1.4306,1.4622,1,0
Championship,2024/2025,2024-08-16,2,Coventry_City,Oxford_United,3,2,2.9461,0.9639,1,0
Premier League,2024/2025,2024-08-16,1,Manchester_United,Fulham,1,0,2.4337,0.4353,1,0
League One,2024/2025,2024-08-17,2,Charlton_Athletic,Leyton_Orient,1,0,0.8559,0.3825,1,0
League One,2024/2025,2024-08-17,2,Shrewsbury_Town,Peterborough_United,1,4,0.6402,3.1894,1,0
League One,2024/2025,2024-08-17,2,Blackpool,Stockport_County,0,3,0.5799,1.1081,1,0
League One,2024/2025,2024-08-17,2,Cambridge_United,Crawley_Town,0,1,1.6039,0.6561,1,0
League One,2024/2025,2024-08-17,2,Mansfield_Town,Burton_Albion,3,3,3.2563,1.4981,1,0
Championship,2024/2025,2024-08-17,2,Derby_County,Middlesbrough,1,0,1.0499,1.552,1,0
Championship,2024/2025,2024-08-17,2,Portsmouth,Luton_Town,0,0,0.9267,0.946,1,0
Championship,2024/2025,2024-08-17,2,West_Bromwich_Albion,Leeds_United,0,0,0.7104,0.7069,1,0
Championship,2024/2025,2024-08-17,2,Bristol_City,Millwall,4,3,2.7367,2.2223,1,0
Championship,2024/2025,2024-08-17,2,Watford,Stoke_City,3,0,2.269,0.8527,1,0
Championship,2024/2025,2024-08-17,2,Norwich_City,Blackburn_Rovers,2,2,2.1157,0.851,1,0
Premier League,2024/2025,2024-08-17,1,West_Ham_United,Aston_Villa,1,2,2.4565,2.0288,1,0
Premier League,2024/2025,2024-08-17,1,Nottingham_Forest,AFC_Bournemouth,1,1,1.3041,1.2226,1,0
Premier League,2024/2025,2024-08-17,1,Newcastle_United,Southampton,1,0,0.2534,1.7723,1,0
Premier League,2024/2025,2024-08-17,1,Everton,Brighton_&_Hove_Albion,0,3,0.4547,1.4304,1,0
Championship,2024/2025,2024-08-17,2,Burnley,Cardiff_City,5,0,0.8122,0.6151,1,0
Premier League,2024/2025,2024-08-17,1,Ipswich_Town,Liverpool,0,2,0.4522,2.6525,1,0
League One,2024/2025,2024-08-17,2,Wycombe_Wanderers,Birmingham_City,2,3,0.5351,1.146,1,0
League One,2024/2025,2024-08-17,2,Rotherham_United,Bristol_Rovers,0,0,2.972,0.8019,1,0
Premier League,2024/2025,2024-08-17,1,Arsenal,Wolverhampton_Wanderers,2,0,1.2371,0.4695,1,0
League One,2024/2025,2024-08-17,2,Northampton_Town,Exeter_City,2,1,1.8166,1.2996,1,0
League One,2024/2025,2024-08-17,2,Reading,Wigan_Athletic,2,0,2.8377,0.296,1,0
Championship,2024/2025,2024-08-17,2,Plymouth_Argyle,Hull_City,1,1,0.6889,0.7986,1,0
Championship,2024/2025,2024-08-17,2,Sheffield_United,Queens_Park_Rangers,2,2,1.6544,0.7048,1,0
Championship,2024/2025,2024-08-17,2,Swansea_City,Preston_North_End,3,0,2.4219,0.7614,1,0
League One,2024/2025,2024-08-17,2,Huddersfield_Town,Stevenage,2,1,1.8366,1.6422,1,0
League One,2024/2025,2024-08-17,2,Lincoln_City,Barnsley,1,2,1.2737,0.3735,1,0
Premier League,2024/2025,2024-08-18,1,Brentford,Crystal_Palace,2,1,1.5903,1.1701,1,0
Championship,2024/2025,2024-08-18,2,Sunderland,Sheffield_Wednesday,4,0,1.6689,0.3807,1,0
Premier League,2024/2025,2024-08-18,1,Chelsea,Manchester_City,0,2,1.0144,0.7695,1,0
League One,2024/2025,2024-08-18,2,Bolton_Wanderers,Wrexham,0,0,1.7313,0.2607,1,0
Premier League,2024/2025,2024-08-19,1,Leicester_City,Tottenham_Hotspur,1,1,1.0453,1.176,1,0
Championship,2024/2025,2024-08-23,3,Sheffield_Wednesday,Leeds_United,0,2,0.4297,1.191,1,0
League One,2024/2025,2024-08-24,3,Stockport_County,Bristol_Rovers,2,0,2.3483,1.0376,1,0
League One,2024/2025,2024-08-24,3,Cambridge_United,Blackpool,4,4,1.6135,2.1105,1,0
League One,2024/2025,2024-08-24,3,Barnsley,Northampton_Town,2,2,1.6371,1.0377,1,0
League One,2024/2025,2024-08-24,3,Exeter_City,Peterborough_United,1,2,1.049,2.7618,1,0
League One,2024/2025,2024-08-24,3,Huddersfield_Town,Shrewsbury_Town,1,0,2.0144,0.5574,1,0
League One,2024/2025,2024-08-24,3,Leyton_Orient,Birmingham_City,1,2,0.6559,1.2171,1,0
League One,2024/2025,2024-08-24,3,Lincoln_City,Mansfield_Town,4,1,1.3671,1.0561,1,0
League One,2024/2025,2024-08-24,3,Wigan_Athletic,Crawley_Town,1,0,0.5087,1.0233,1,0
League One,2024/2025,2024-08-24,3,Wrexham,Reading,3,0,1.6065,1.0137,1,0
League One,2024/2025,2024-08-24,3,Burton_Albion,Stevenage,0,0,0.6084,0.5962,1,0
League One,2024/2025,2024-08-24,3,Charlton_Athletic,Bolton_Wanderers,2,0,0.6146,0.5641,1,0
Championship,2024/2025,2024-08-24,3,Watford,Derby_County,2,1,1.1378,0.7333,1,0
Championship,2024/2025,2024-08-24,3,Bristol_City,Coventry_City,1,1,0.6983,0.5643,1,0
Championship,2024/2025,2024-08-24,3,Sunderland,Burnley,1,0,0.7276,0.1336,1,0
Premier League,2024/2025,2024-08-24,2,Aston_Villa,Arsenal,0,2,1.2757,0.8688,1,0
Premier League,2024/2025,2024-08-24,2,Tottenham_Hotspur,Everton,4,0,2.4336,0.9977,1,0
Premier League,2024/2025,2024-08-24,2,Southampton,Nottingham_Forest,0,1,0.1409,2.4507,1,0
Premier League,2024/2025,2024-08-24,2,Manchester_City,Ipswich_Town,4,1,3.3436,0.2895,1,0
Premier League,2024/2025,2024-08-24,2,Fulham,Leicester_City,2,1,1.7766,0.608,1,0
Premier League,2024/2025,2024-08-24,2,Crystal_Palace,West_Ham_United,0,2,1.3473,1.3931,1,0
Premier League,2024/2025,2024-08-24,2,Brighton_&_Hove_Albion,Manchester_United,2,1,2.0933,1.427,1,0
Championship,2024/2025,2024-08-24,3,Stoke_City,West_Bromwich_Albion,1,2,1.7902,1.5231,1,0
Championship,2024/2025,2024-08-24,3,Preston_North_End,Luton_Town,1,0,0.2637,1.6375,1,0
Championship,2024/2025,2024-08-24,3,Norwich_City,Sheffield_United,1,1,0.9527,0.797,1,0
Championship,2024/2025,2024-08-24,3,Middlesbrough,Portsmouth,2,2,2.7971,1.0495,1,0
Championship,2024/2025,2024-08-24,3,Blackburn_Rovers,Oxford_United,2,1,0.8161,0.8588,1,0
Championship,2024/2025,2024-08-24,3,Queens_Park_Rangers,Plymouth_Argyle,1,1,2.4046,0.1359,1,0
Championship,2024/2025,2024-08-24,3,Hull_City,Millwall,0,0,0.8183,0.796,1,0
League One,2024/2025,2024-08-24,3,Wycombe_Wanderers,Rotherham_United,2,0,1.2207,1.319,1,0
Premier League,2024/2025,2024-08-25,2,Liverpool,Brentford,2,0,2.6532,0.55,1,0
Premier League,2024/2025,2024-08-25,2,Wolverhampton_Wanderers,Chelsea,2,6,1.9588,1.6753,1,0
Championship,2024/2025,2024-08-25,3,Swansea_City,Cardiff_City,1,1,1.4018,0.7852,1,0
Premier League,2024/2025,2024-08-25,2,AFC_Bournemouth,Newcastle_United,1,1,2.2552,1.6947,1,0
Championship,2024/2025,2024-08-30,4,Luton_Town,Queens_Park_Rangers,1,2,1.468,0.8641,1,0
Premier League,2024/2025,2024-08-31,3,Leicester_City,Aston_Villa,1,2,0.4497,1.55,1,0
Premier League,2024/2025,2024-08-31,3,Everton,AFC_Bournemouth,2,3,1.9893,2.3717,1,0
Premier League,2024/2025,2024-08-31,3,Brentford,Southampton,3,1,2.7798,1.5684,1,0
Premier League,2024/2025,2024-08-31,3,Arsenal,Brighton_&_Hove_Albion,1,1,2.1394,1.7595,1,0
League One,2024/2025,2024-08-31,4,Blackpool,Wycombe_Wanderers,2,2,2.4959,0.6482,1,0
League One,2024/2025,2024-08-31,4,Rotherham_United,Huddersfield_Town,2,1,1.9979,1.7034,1,0
League One,2024/2025,2024-08-31,4,Birmingham_City,Wigan_Athletic,2,1,1.5966,0.8705,1,0
League One,2024/2025,2024-08-31,4,Bolton_Wanderers,Exeter_City,0,2,1.1969,0.5236,1,0
League One,2024/2025,2024-08-31,4,Bristol_Rovers,Cambridge_United,2,0,0.649,0.9642,1,0
League One,2024/2025,2024-08-31,4,Crawley_Town,Barnsley,0,3,0.1922,3.5293,1,0
League One,2024/2025,2024-08-31,4,Mansfield_Town,Stockport_County,1,1,0.1522,2.4637,1,0
League One,2024/2025,2024-08-31,4,Northampton_Town,Burton_Albion,0,0,0.9574,0.3985,1,0
League One,2024/2025,2024-08-31,4,Peterborough_United,Wrexham,0,2,0.437,1.1399,1,0
Premier League,2024/2025,2024-08-31,3,Ipswich_Town,Fulham,1,1,0.4499,0.9466,1,0
League One,2024/2025,2024-08-31,4,Stevenage,Lincoln_City,0,1,0.2743,0.892,1,0
Premier League,2024/2025,2024-08-31,3,Nottingham_Forest,Wolverhampton_Wanderers,1,1,1.0384,0.7393,1,0
Premier League,2024/2025,2024-08-31,3,West_Ham_United,Manchester_City,1,3,0.7272,2.9989,1,0
Championship,2024/2025,2024-08-31,4,Burnley,Blackburn_Rovers,1,1,0.8476,0.3069,1,0
Championship,2024/2025,2024-08-31,4,Cardiff_City,Middlesbrough,0,2,0.5022,0.8088,1,0
Championship,2024/2025,2024-08-31,4,Coventry_City,Norwich_City,0,1,1.1519,0.4028,1,0
Championship,2024/2025,2024-08-31,4,Derby_County,Bristol_City,3,0,1.6484,1.1576,1,0
Championship,2024/2025,2024-08-31,4,Leeds_United,Hull_City,2,0,1.4794,0.4901,1,0
Championship,2024/2025,2024-08-31,4,Millwall,Sheffield_Wednesday,3,0,3.0526,0.1453,1,0
League One,2024/2025,2024-08-31,4,Reading,Charlton_Athletic,2,0,0.898,0.7471,1,0
Championship,2024/2025,2024-08-31,4,Oxford_United,Preston_North_End,3,1,1.9507,1.0545,1,0
Championship,2024/2025,2024-08-31,4,Portsmouth,Sunderland,1,3,0.3749,2.6169,1,0
Championship,2024/2025,2024-08-31,4,West_Bromwich_Albion,Swansea_City,1,0,2.403,0.463,1,0
Championship,2024/2025,2024-08-31,4,Plymouth_Argyle,Stoke_City,0,1,0.7723,1.65,1,0
League One,2024/2025,2024-08-31,4,Shrewsbury_Town,Leyton_Orient,3,0,1.5257,0.2025,1,0
Championship,2024/2025,2024-09-01,4,Sheffield_United,Watford,1,0,2.2366,0.8688,1,0
Premier League,2024/2025,2024-09-01,3,Manchester_United,Liverpool,0,3,1.3609,1.7921,1,0
Premier League,2024/2025,2024-09-01,3,Newcastle_United,Tottenham_Hotspur,2,1,1.8279,1.2579,1,0
Premier League,2024/2025,2024-09-01,3,Chelsea,Crystal_Palace,1,1,2.3664,0.5434,1,0
League One,2024/2025,2024-09-07,5,Charlton_Athletic,Rotherham_United,1,1,0.9226,0.4839,1,0
League One,2024/2025,2024-09-07,5,Barnsley,Bristol_Rovers,2,1,1.6816,1.6736,1,0
League One,2024/2025,2024-09-07,5,Wrexham,Shrewsbury_Town,3,0,1.7814,0.5936,1,0
Championship,2024/2025,2024-09-13,5,Hull_City,Sheffield_United,0,2,1.4203,0.7187,1,0
League One,2024/2025,2024-09-14,6,Bristol_Rovers,Wigan_Athletic,0,4,0.3089,3.4526,1,0
Premier League,2024/2025,2024-09-14,4,Southampton,Manchester_United,0,3,1.1168,2.6705,1,0
Premier League,2024/2025,2024-09-14,4,Brighton_&_Hove_Albion,Ipswich_Town,0,0,1.6575,0.3498,1,0
Premier League,2024/2025,2024-09-14,4,Crystal_Palace,Leicester_City,2,2,2.5455,1.2257,1,0
Premier League,2024/2025,2024-09-14,4,Fulham,West_Ham_United,1,1,1.5435,0.7563,1,0
Premier League,2024/2025,2024-09-14,4,Liverpool,Nottingham_Forest,0,1,0.9426,0.4425,1,0
Premier League,2024/2025,2024-09-14,4,Manchester_City,Brentford,2,1,2.1723,0.964,1,0
Premier League,2024/2025,2024-09-14,4,Aston_Villa,Everton,3,2,2.125,0.8968,1,0
Premier League,2024/2025,2024-09-14,4,AFC_Bournemouth,Chelsea,0,1,1.7651,0.772,1,0
Championship,2024/2025,2024-09-14,5,Watford,Coventry_City,1,1,1.9607,2.7261,1,0
League One,2024/2025,2024-09-14,6,Mansfield_Town,Cambridge_United,2,1,1.3313,1.2911,1,0
League One,2024/2025,2024-09-14,6,Northampton_Town,Wycombe_Wanderers,1,2,1.0019,2.4961,1,0
League One,2024/2025,2024-09-14,6,Blackpool,Exeter_City,2,1,1.7661,0.5668,1,0
League One,2024/2025,2024-09-14,6,Bolton_Wanderers,Huddersfield_Town,0,4,0.1311,2.9217,1,0
Championship,2024/2025,2024-09-14,5,Leeds_United,Burnley,0,1,1.241,0.6597,1,0
League One,2024/2025,2024-09-14,6,Peterborough_United,Lincoln_City,1,1,0.5278,0.9849,1,0
League One,2024/2025,2024-09-14,6,Reading,Leyton_Orient,0,1,0.9632,0.757,1,0
League One,2024/2025,2024-09-14,6,Rotherham_United,Burton_Albion,2,2,2.229,0.7038,1,0
League One,2024/2025,2024-09-14,6,Shrewsbury_Town,Charlton_Athletic,0,1,1.2653,0.8995,1,0
League One,2024/2025,2024-09-14,6,Stevenage,Barnsley,3,0,1.3884,0.5232,1,0
Championship,2024/2025,2024-09-14,5,Millwall,Luton_Town,0,1,0.9695,0.5863,1,0
Championship,2024/2025,2024-09-14,5,Oxford_United,Stoke_City,1,0,1.2081,0.5261,1,0
Championship,2024/2025,2024-09-14,5,Blackburn_Rovers,Bristol_City,3,0,0.9793,0.7413,1,0
Championship,2024/2025,2024-09-14,5,Derby_County,Cardiff_City,1,0,1.4862,0.3379,1,0
Championship,2024/2025,2024-09-14,5,Middlesbrough,Preston_North_End,1,1,1.6445,0.4396,1,0
Championship,2024/2025,2024-09-14,5,Plymouth_Argyle,Sunderland,3,2,1.765,1.7497,1,0
Championship,2024/2025,2024-09-14,5,Sheffield_Wednesday,Queens_Park_Rangers,1,1,0.7217,1.2817,1,0
Championship,2024/2025,2024-09-14,5,Swansea_City,Norwich_City,1,0,0.7076,1.1263,1,0
League One,2024/2025,2024-09-14,6,Crawley_Town,Stockport_County,1,1,1.4029,1.5599,1,0
Premier League,2024/2025,2024-09-15,4,Tottenham_Hotspur,Arsenal,0,1,0.7144,0.7397,1,0
Championship,2024/2025,2024-09-15,5,Portsmouth,West_Bromwich_Albion,0,3,0.6993,2.1353,1,0
Premier League,2024/2025,2024-09-15,4,Wolverhampton_Wanderers,Newcastle_United,1,2,1.2348,1.5185,1,0
League One,2024/2025,2024-09-16,6,Birmingham_City,Wrexham,3,1,1.3078,0.2411,1,0
Championship,2024/2025,2024-09-20,6,Stoke_City,Hull_City,1,3,1.0157,1.9264,1,0
Premier League,2024/2025,2024-09-21,5,West_Ham_United,Chelsea,0,3,0.8536,2.1904,1,0
Premier League,2024/2025,2024-09-21,5,Aston_Villa,Wolverhampton_Wanderers,3,1,1.7294,0.5146,1,0
Premier League,2024/2025,2024-09-21,5,Crystal_Palace,Manchester_United,0,0,1.0111,1.6984,1,0
Premier League,2024/2025,2024-09-21,5,Tottenham_Hotspur,Brentford,3,1,3.5208,0.8023,1,0
Premier League,2024/2025,2024-09-21,5,Southampton,Ipswich_Town,1,1,2.4935,1.6878,1,0
Premier League,2024/2025,2024-09-21,5,Liverpool,AFC_Bournemouth,3,0,2.0559,1.0835,1,0
League One,2024/2025,2024-09-21,7,Peterborough_United,Bristol_Rovers,3,2,1.9032,1.3434,1,0
Premier League,2024/2025,2024-09-21,5,Fulham,Newcastle_United,3,1,2.2947,1.5377,1,0
Championship,2024/2025,2024-09-21,6,Cardiff_City,Leeds_United,0,2,0.1249,2.9431,1,0
Premier League,2024/2025,2024-09-21,5,Leicester_City,Everton,1,1,0.6623,1.1025,1,0
League One,2024/2025,2024-09-21,7,Stockport_County,Leyton_Orient,1,4,2.0617,1.3793,1,0
League One,2024/2025,2024-09-21,7,Wrexham,Crawley_Town,2,1,1.4161,2.127,1,0
League One,2024/2025,2024-09-21,7,Wycombe_Wanderers,Cambridge_United,2,1,1.4587,0.2686,1,0
League One,2024/2025,2024-09-21,7,Lincoln_City,Wigan_Athletic,0,0,0.3803,0.3649,1,0
Championship,2024/2025,2024-09-21,6,Burnley,Portsmouth,2,1,1.0368,1.3807,1,0
Championship,2024/2025,2024-09-21,6,Bristol_City,Oxford_United,2,1,2.3165,1.7439,1,0
Championship,2024/2025,2024-09-21,6,Sunderland,Middlesbrough,1,0,1.1715,1.2801,1,0
Championship,2024/2025,2024-09-21,6,Queens_Park_Rangers,Millwall,1,1,0.8507,1.8596,1,0
Championship,2024/2025,2024-09-21,6,Coventry_City,Swansea_City,1,2,1.6515,0.7284,1,0
Championship,2024/2025,2024-09-21,6,Luton_Town,Sheffield_Wednesday,2,1,2.2958,0.8492,1,0
Championship,2024/2025,2024-09-21,6,Norwich_City,Watford,4,1,2.7211,1.6701,1,0
Championship,2024/2025,2024-09-21,6,West_Bromwich_Albion,Plymouth_Argyle,1,0,2.651,0.7767,1,0
League One,2024/2025,2024-09-21,7,Rotherham_United,Birmingham_City,0,2,0.792,2.5271,1,0
League One,2024/2025,2024-09-21,7,Bolton_Wanderers,Reading,5,2,3.5051,2.3771,1,0
League One,2024/2025,2024-09-21,7,Burton_Albion,Barnsley,1,2,0.3319,1.3227,1,0
League One,2024/2025,2024-09-21,7,Charlton_Athletic,Blackpool,1,2,2.1946,1.1419,1,0
League One,2024/2025,2024-09-21,7,Huddersfield_Town,Northampton_Town,1,3,1.859,1.0055,1,0
League One,2024/2025,2024-09-21,7,Mansfield_Town,Shrewsbury_Town,2,1,2.0759,1.3287,1,0
Championship,2024/2025,2024-09-21,6,Sheffield_United,Derby_County,1,0,1.1012,0.0487,1,0
League One,2024/2025,2024-09-21,7,Exeter_City,Stevenage,2,0,1.3609,0.7716,1,0
Championship,2024/2025,2024-09-22,6,Preston_North_End,Blackburn_Rovers,0,0,0.3413,0.8271,1,0
Premier League,2024/2025,2024-09-22,5,Manchester_City,Arsenal,2,2,2.1752,0.6742,1,0
Premier League,2024/2025,2024-09-22,5,Brighton_&_Hove_Albion,Nottingham_Forest,2,2,1.0037,1.4182,1,0
League One,2024/2025,2024-09-24,5,Wigan_Athletic,Stevenage,0,0,0.2716,0.2454,1,0
League One,2024/2025,2024-09-24,5,Leyton_Orient,Peterborough_United,2,2,0.9197,1.1558,1,0
League One,2024/2025,2024-09-24,5,Huddersfield_Town,Blackpool,0,2,0.7189,1.2543,1,0
Championship,2024/2025,2024-09-27,7,Plymouth_Argyle,Luton_Town,3,1,1.6743,1.6859,1,0
Championship,2024/2025,2024-09-28,7,Hull_City,Cardiff_City,4,1,2.3528,1.7565,1,0
Championship,2024/2025,2024-09-28,7,Derby_County,Norwich_City,2,3,1.4229,1.9584,1,0
Championship,2024/2025,2024-09-28,7,Watford,Sunderland,2,1,1.8865,1.013,1,0
Championship,2024/2025,2024-09-28,7,Portsmouth,Sheffield_United,0,0,0.5009,0.545,1,0
Championship,2024/2025,2024-09-28,7,Oxford_United,Burnley,0,0,0.0919,1.5402,1,0
Championship,2024/2025,2024-09-28,7,Millwall,Preston_North_End,3,1,2.6288,1.1378,1,0
Championship,2024/2025,2024-09-28,7,Middlesbrough,Stoke_City,2,0,2.4641,0.7199,1,0
Championship,2024/2025,2024-09-28,7,Leeds_United,Coventry_City,3,0,1.6593,0.4143,1,0
Championship,2024/2025,2024-09-28,7,Sheffield_Wednesday,West_Bromwich_Albion,3,2,1.1921,1.0151,1,0
Championship,2024/2025,2024-09-28,7,Blackburn_Rovers,Queens_Park_Rangers,2,0,2.2281,0.5489,1,0
Premier League,2024/2025,2024-09-28,6,Brentford,West_Ham_United,1,1,0.3679,0.9864,1,0
Premier League,2024/2025,2024-09-28,6,Arsenal,Leicester_City,4,2,4.5991,0.3229,1,0
League One,2024/2025,2024-09-28,8,Reading,Huddersfield_Town,2,1,0.4553,2.0447,1,0
League One,2024/2025,2024-09-28,8,Birmingham_City,Peterborough_United,3,2,1.0495,0.9376,1,0
League One,2024/2025,2024-09-28,8,Blackpool,Burton_Albion,3,0,1.0344,0.9352,1,0
League One,2024/2025,2024-09-28,8,Bristol_Rovers,Wycombe_Wanderers,1,2,0.3885,2.0163,1,0
League One,2024/2025,2024-09-28,8,Cambridge_United,Lincoln_City,0,2,0.7994,1.9244,1,0
League One,2024/2025,2024-09-28,8,Leyton_Orient,Wrexham,0,0,1.1416,1.2926,1,0
League One,2024/2025,2024-09-28,8,Northampton_Town,Mansfield_Town,0,2,1.6653,2.3686,1,0
League One,2024/2025,2024-09-28,8,Shrewsbury_Town,Rotherham_United,1,1,0.7244,1.5484,1,0
League One,2024/2025,2024-09-28,8,Stevenage,Charlton_Athletic,1,0,0.5083,0.2988,1,0
Premier League,2024/2025,2024-09-28,6,Wolverhampton_Wanderers,Liverpool,1,2,0.6346,2.5418,1,0
Premier League,2024/2025,2024-09-28,6,Nottingham_Forest,Fulham,0,1,0.7962,1.3339,1,0
Premier League,2024/2025,2024-09-28,6,Everton,Crystal_Palace,2,1,0.8898,0.9457,1,0
Premier League,2024/2025,2024-09-28,6,Chelsea,Brighton_&_Hove_Albion,4,2,4.1629,1.1088,1,0
League One,2024/2025,2024-09-28,8,Wigan_Athletic,Exeter_City,0,0,1.4866,0.1887,1,0
League One,2024/2025,2024-09-28,8,Barnsley,Stockport_County,1,1,1.4818,0.9907,1,0
League One,2024/2025,2024-09-28,8,Crawley_Town,Bolton_Wanderers,0,2,0.2937,0.9208,1,0
Premier League,2024/2025,2024-09-28,6,Newcastle_United,Manchester_City,1,1,1.5737,0.9133,1,0
Championship,2024/2025,2024-09-29,7,Swansea_City,Bristol_City,1,1,1.0006,2.0605,1,0
Premier League,2024/2025,2024-09-29,6,Manchester_United,Tottenham_Hotspur,0,3,0.9576,4.5902,1,0
Premier League,2024/2025,2024-09-29,6,Ipswich_Town,Aston_Villa,2,2,1.1823,0.8201,1,0
Premier League,2024/2025,2024-09-30,6,AFC_Bournemouth,Southampton,3,1,1.3714,0.5984,1,0
Championship,2024/2025,2024-10-01,8,Queens_Park_Rangers,Hull_City,1,3,2.4088,1.7243,1,0
Championship,2024/2025,2024-10-01,8,Sunderland,Derby_County,2,0,0.9983,0.9462,1,0
Championship,2024/2025,2024-10-01,8,Norwich_City,Leeds_United,1,1,1.4345,0.936,1,0
Championship,2024/2025,2024-10-01,8,West_Bromwich_Albion,Middlesbrough,0,1,1.3698,1.3245,1,0
Championship,2024/2025,2024-10-01,8,Cardiff_City,Millwall,1,0,0.8068,1.2712,1,0
Championship,2024/2025,2024-10-01,8,Burnley,Plymouth_Argyle,1,0,1.3766,0.5612,1,0
Championship,2024/2025,2024-10-01,8,Luton_Town,Oxford_United,2,2,1.3049,1.7077,1,0
League One,2024/2025,2024-10-01,9,Barnsley,Wycombe_Wanderers,2,2,1.0383,1.695,1,0
Championship,2024/2025,2024-10-01,8,Coventry_City,Blackburn_Rovers,3,0,1.1977,0.4902,1,0
League One,2024/2025,2024-10-01,9,Blackpool,Lincoln_City,1,1,1.7441,0.6511,1,0
League One,2024/2025,2024-10-01,9,Bristol_Rovers,Charlton_Athletic,3,2,0.7088,1.9314,1,0
League One,2024/2025,2024-10-01,9,Cambridge_United,Rotherham_United,0,1,1.0879,1.0011,1,0
League One,2024/2025,2024-10-01,9,Crawley_Town,Mansfield_Town,0,2,0.4849,1.0752,1,0
League One,2024/2025,2024-10-01,9,Leyton_Orient,Exeter_City,0,1,2.4236,1.9312,1,0
League One,2024/2025,2024-10-01,9,Northampton_Town,Bolton_Wanderers,2,4,0.5715,2.0083,1,0
League One,2024/2025,2024-10-01,9,Shrewsbury_Town,Stockport_County,0,2,0.6275,1.6571,1,0
League One,2024/2025,2024-10-01,9,Stevenage,Wrexham,1,0,0.7977,0.5546,1,0
League One,2024/2025,2024-10-01,9,Wigan_Athletic,Peterborough_United,3,0,0.6905,1.195,1,0
League One,2024/2025,2024-10-01,9,Reading,Burton_Albion,3,1,0.7274,1.1687,1,0
League One,2024/2025,2024-10-01,9,Birmingham_City,Huddersfield_Town,1,0,3.3905,0.7558,1,0
Championship,2024/2025,2024-10-02,8,Bristol_City,Sheffield_Wednesday,0,0,0.9813,0.2926,1,0
Championship,2024/2025,2024-10-02,8,Stoke_City,Portsmouth,6,1,2.5194,1.2921,1,0
Championship,2024/2025,2024-10-02,8,Preston_North_End,Watford,3,0,2.8898,1.4302,1,0
Championship,2024/2025,2024-10-02,8,Sheffield_United,Swansea_City,1,0,1.7156,0.9489,1,0
Championship,2024/2025,2024-10-04,9,Sunderland,Leeds_United,2,2,1.8663,2.4212,1,0
Premier League,2024/2025,2024-10-05,7,West_Ham_United,Ipswich_Town,4,1,3.787,0.6489,1,0
League One,2024/2025,2024-10-05,10,Burton_Albion,Bristol_Rovers,1,3,0.7017,1.6431,1,0
Premier League,2024/2025,2024-10-05,7,Everton,Newcastle_United,0,0,0.6662,2.0528,1,0
League One,2024/2025,2024-10-05,10,Bolton_Wanderers,Shrewsbury_Town,2,2,2.2133,0.5536,1,0
Premier League,2024/2025,2024-10-05,7,Manchester_City,Fulham,3,2,1.572,2.5968,1,0
League One,2024/2025,2024-10-05,10,Rotherham_United,Reading,2,1,1.6306,0.9569,1,0
Premier League,2024/2025,2024-10-05,7,Brentford,Wolverhampton_Wanderers,5,3,4.2468,1.0542,1,0
Premier League,2024/2025,2024-10-05,7,Arsenal,Southampton,3,1,2.8331,0.6529,1,0
Premier League,2024/2025,2024-10-05,7,Crystal_Palace,Liverpool,0,1,0.6449,1.395,1,0
League One,2024/2025,2024-10-05,10,Charlton_Athletic,Birmingham_City,1,0,0.7858,0.1314,1,0
League One,2024/2025,2024-10-05,10,Peterborough_United,Stevenage,2,1,0.946,1.1131,1,0
Premier League,2024/2025,2024-10-05,7,Leicester_City,AFC_Bournemouth,1,0,0.7856,2.1621,1,0
League One,2024/2025,2024-10-05,10,Exeter_City,Cambridge_United,1,0,0.8501,0.8453,1,0
League One,2024/2025,2024-10-05,10,Huddersfield_Town,Barnsley,2,0,1.3477,0.3148,1,0
League One,2024/2025,2024-10-05,10,Mansfield_Town,Blackpool,2,0,1.1321,0.5131,1,0
League One,2024/2025,2024-10-05,10,Stockport_County,Wigan_Athletic,0,0,1.003,0.2451,1,0
League One,2024/2025,2024-10-05,10,Wrexham,Northampton_Town,4,1,1.7038,1.066,1,0
League One,2024/2025,2024-10-05,10,Wycombe_Wanderers,Crawley_Town,1,0,1.5995,0.3067,1,0
Championship,2024/2025,2024-10-05,9,West_Bromwich_Albion,Millwall,0,0,0.7295,0.5477,1,0
Championship,2024/2025,2024-10-05,9,Watford,Middlesbrough,2,1,1.0061,1.8214,1,0
Championship,2024/2025,2024-10-05,9,Swansea_City,Stoke_City,0,0,2.0367,0.8781,1,0
Championship,2024/2025,2024-10-05,9,Sheffield_United,Luton_Town,2,0,1.4339,0.3933,1,0
Championship,2024/2025,2024-10-05,9,Plymouth_Argyle,Blackburn_Rovers,2,1,1.6701,0.6922,1,0
Championship,2024/2025,2024-10-05,9,Derby_County,Queens_Park_Rangers,2,0,1.0134,0.5241,1,0
Championship,2024/2025,2024-10-05,9,Coventry_City,Sheffield_Wednesday,1,2,0.7348,1.5023,1,0
Championship,2024/2025,2024-10-05,9,Burnley,Preston_North_End,0,0,0.4617,0.8528,1,0
Championship,2024/2025,2024-10-05,9,Portsmouth,Oxford_United,1,1,2.0358,1.903,1,0
Championship,2024/2025,2024-10-05,9,Norwich_City,Hull_City,4,0,3.8309,0.9884,1,0
League One,2024/2025,2024-10-05,10,Lincoln_City,Leyton_Orient,2,1,1.1519,0.705,1,0
Championship,2024/2025,2024-10-06,9,Bristol_City,Cardiff_City,1,1,1.0148,1.3386,1,0
Premier League,2024/2025,2024-10-06,7,Brighton_&_Hove_Albion,Tottenham_Hotspur,3,2,1.7579,1.3408,1,0
Premier League,2024/2025,2024-10-06,7,Chelsea,Nottingham_Forest,1,1,2.4604,0.8736,1,0
Premier League,2024/2025,2024-10-06,7,Aston_Villa,Manchester_United,0,0,0.5039,0.5639,1,0
League One,2024/2025,2024-10-12,11,Crawley_Town,Shrewsbury_Town,3,5,1.2795,3.2904,1,0
League One,2024/2025,2024-10-12,11,Peterborough_United,Rotherham_United,3,3,2.9071,2.2132,1,0
League One,2024/2025,2024-10-17,12,Shrewsbury_Town,Exeter_City,0,2,1.1735,1.4359,1,0
Championship,2024/2025,2024-10-18,10,Leeds_United,Sheffield_United,2,0,1.1895,0.1965,1,0
Championship,2024/2025,2024-10-19,10,Queens_Park_Rangers,Portsmouth,1,2,0.9619,1.4249,1,0
Premier League,2024/2025,2024-10-19,8,Tottenham_Hotspur,West_Ham_United,4,1,1.9198,0.7843,1,0
Premier League,2024/2025,2024-10-19,8,Fulham,Aston_Villa,1,3,1.7777,1.6799,1,0
Premier League,2024/2025,2024-10-19,8,Manchester_United,Brentford,2,1,1.3303,0.8571,1,0
Premier League,2024/2025,2024-10-19,8,Ipswich_Town,Everton,0,2,1.2528,1.736,1,0
Premier League,2024/2025,2024-10-19,8,Southampton,Leicester_City,2,3,2.1469,3.2081,1,0
Premier League,2024/2025,2024-10-19,8,Newcastle_United,Brighton_&_Hove_Albion,0,1,2.0173,1.1219,1,0
Premier League,2024/2025,2024-10-19,8,AFC_Bournemouth,Arsenal,2,0,1.8232,0.6797,1,0
Championship,2024/2025,2024-10-19,10,Preston_North_End,Coventry_City,1,0,2.017,0.9432,1,0
Championship,2024/2025,2024-10-19,10,Blackburn_Rovers,Swansea_City,1,0,0.8103,1.1362,1,0
Championship,2024/2025,2024-10-19,10,Stoke_City,Norwich_City,1,1,0.9965,1.5152,1,0
Championship,2024/2025,2024-10-19,10,Middlesbrough,Bristol_City,0,2,1.5994,0.6756,1,0
Championship,2024/2025,2024-10-19,10,Millwall,Derby_County,1,1,1.9444,0.6798,1,0
Championship,2024/2025,2024-10-19,10,Sheffield_Wednesday,Burnley,0,2,1.4976,1.7101,1,0
Championship,2024/2025,2024-10-19,10,Oxford_United,West_Bromwich_Albion,1,1,0.8674,0.7323,1,0
Championship,2024/2025,2024-10-19,10,Luton_Town,Watford,3,0,1.3046,0.4505,1,0
League One,2024/2025,2024-10-19,12,Northampton_Town,Leyton_Orient,1,0,0.9059,0.8523,1,0
League One,2024/2025,2024-10-19,12,Mansfield_Town,Stevenage,0,1,1.1106,0.5301,1,0
League One,2024/2025,2024-10-19,12,Lincoln_City,Birmingham_City,1,3,1.079,0.6769,1,0
League One,2024/2025,2024-10-19,12,Huddersfield_Town,Bristol_Rovers,3,1,2.0376,0.2271,1,0
League One,2024/2025,2024-10-19,12,Charlton_Athletic,Stockport_County,1,1,1.2972,1.0513,1,0
League One,2024/2025,2024-10-19,12,Cambridge_United,Wigan_Athletic,2,0,1.283,0.6257,1,0
League One,2024/2025,2024-10-19,12,Bolton_Wanderers,Burton_Albion,2,1,2.0253,0.9019,1,0
League One,2024/2025,2024-10-19,12,Blackpool,Barnsley,1,2,1.2028,0.6212,1,0
League One,2024/2025,2024-10-19,12,Wycombe_Wanderers,Peterborough_United,3,1,2.2048,1.8367,1,0
League One,2024/2025,2024-10-19,12,Reading,Crawley_Town,4,1,1.2962,2.0486,1,0
League One,2024/2025,2024-10-19,12,Rotherham_United,Wrexham,0,1,1.167,1.2286,1,0
Championship,2024/2025,2024-10-19,10,Cardiff_City,Plymouth_Argyle,5,0,2.477,0.4689,1,0
Premier League,2024/2025,2024-10-20,8,Wolverhampton_Wanderers,Manchester_City,1,2,0.9705,1.6219,1,0
Championship,2024/2025,2024-10-20,10,Hull_City,Sunderland,0,1,0.4879,1.0489,1,0
Premier League,2024/2025,2024-10-20,8,Liverpool,Chelsea,2,1,1.936,0.9903,1,0
Premier League,2024/2025,2024-10-21,8,Nottingham_Forest,Crystal_Palace,1,0,1.7641,0.9707,1,0
Championship,2024/2025,2024-10-22,11,Sheffield_Wednesday,Swansea_City,0,0,0.5764,0.832,1,0
Championship,2024/2025,2024-10-22,11,Cardiff_City,Portsmouth,2,0,2.7186,0.6804,1,0
Championship,2024/2025,2024-10-22,11,Leeds_United,Watford,2,1,1.8427,0.6854,1,0
League One,2024/2025,2024-10-22,13,Barnsley,Charlton_Athletic,2,2,1.1681,0.7473,1,0
League One,2024/2025,2024-10-22,13,Birmingham_City,Bolton_Wanderers,2,0,1.5416,0.5946,1,0
League One,2024/2025,2024-10-22,13,Bristol_Rovers,Shrewsbury_Town,1,0,1.703,1.45,1,0
League One,2024/2025,2024-10-22,13,Burton_Albion,Wycombe_Wanderers,2,3,1.1306,1.437,1,0
League One,2024/2025,2024-10-22,13,Crawley_Town,Lincoln_City,3,0,1.1306,0.851,1,0
League One,2024/2025,2024-10-22,13,Leyton_Orient,Rotherham_United,1,0,0.9507,0.9967,1,0
League One,2024/2025,2024-10-22,13,Peterborough_United,Blackpool,5,1,2.2224,1.7657,1,0
Championship,2024/2025,2024-10-22,11,Oxford_United,Derby_County,1,1,0.4575,1.1476,1,0
League One,2024/2025,2024-10-22,13,Stockport_County,Northampton_Town,1,1,1.9183,0.486,1,0
League One,2024/2025,2024-10-22,13,Wigan_Athletic,Mansfield_Town,1,2,1.765,0.2717,1,0
League One,2024/2025,2024-10-22,13,Wrexham,Huddersfield_Town,0,0,0.3748,0.8734,1,0
Championship,2024/2025,2024-10-22,11,Queens_Park_Rangers,Coventry_City,1,1,0.7208,0.7613,1,0
Championship,2024/2025,2024-10-22,11,Stoke_City,Bristol_City,2,2,0.8257,2.438,1,0
Championship,2024/2025,2024-10-22,11,Preston_North_End,Norwich_City,2,2,1.6188,0.7384,1,0
League One,2024/2025,2024-10-22,13,Stevenage,Cambridge_United,0,2,0.2397,0.959,1,0
League One,2024/2025,2024-10-22,13,Exeter_City,Reading,1,2,1.9961,0.8507,1,0
Championship,2024/2025,2024-10-23,11,Hull_City,Burnley,1,1,0.888,0.6533,1,0
Championship,2024/2025,2024-10-23,11,Blackburn_Rovers,West_Bromwich_Albion,0,0,0.8854,0.4429,1,0
Championship,2024/2025,2024-10-23,11,Luton_Town,Sunderland,1,2,1.8021,0.7015,1,0
Championship,2024/2025,2024-10-23,11,Millwall,Plymouth_Argyle,1,0,1.1865,0.6292,1,0
Championship,2024/2025,2024-10-23,11,Middlesbrough,Sheffield_United,1,0,1.4176,0.4123,1,0
Championship,2024/2025,2024-10-25,12,Portsmouth,Sheffield_Wednesday,1,2,0.6967,1.1412,1,0
Premier League,2024/2025,2024-10-25,9,Leicester_City,Nottingham_Forest,1,3,0.7636,1.7339,1,0
League One,2024/2025,2024-10-26,14,Huddersfield_Town,Exeter_City,2,0,0.5237,0.9521,1,0
Premier League,2024/2025,2024-10-26,9,Manchester_City,Southampton,1,0,2.9451,0.2075,1,0
Premier League,2024/2025,2024-10-26,9,Brighton_&_Hove_Albion,Wolverhampton_Wanderers,2,2,1.3091,1.3642,1,0
Premier League,2024/2025,2024-10-26,9,Brentford,Ipswich_Town,4,3,4.097,1.3032,1,0
Premier League,2024/2025,2024-10-26,9,Aston_Villa,AFC_Bournemouth,1,1,1.8127,0.3058,1,0
League One,2024/2025,2024-10-26,14,Wycombe_Wanderers,Leyton_Orient,3,0,1.5264,0.0992,1,0
League One,2024/2025,2024-10-26,14,Lincoln_City,Stockport_County,2,1,1.9091,1.0756,1,0
League One,2024/2025,2024-10-26,14,Rotherham_United,Stevenage,2,0,0.7143,0.217,1,0
League One,2024/2025,2024-10-26,14,Northampton_Town,Crawley_Town,3,0,1.0576,0.6461,1,0
Premier League,2024/2025,2024-10-26,9,Everton,Fulham,1,1,0.7887,1.2594,1,0
League One,2024/2025,2024-10-26,14,Charlton_Athletic,Wrexham,2,2,1.4513,0.9895,1,0
League One,2024/2025,2024-10-26,14,Cambridge_United,Burton_Albion,1,0,1.1592,0.3918,1,0
League One,2024/2025,2024-10-26,14,Bolton_Wanderers,Peterborough_United,1,0,3.0065,0.4818,1,0
League One,2024/2025,2024-10-26,14,Shrewsbury_Town,Barnsley,0,2,0.115,1.5139,1,0
League One,2024/2025,2024-10-26,14,Reading,Bristol_Rovers,1,0,1.4162,1.057,1,0
League One,2024/2025,2024-10-26,14,Mansfield_Town,Birmingham_City,1,1,1.1061,1.8531,1,0
Championship,2024/2025,2024-10-26,12,Bristol_City,Leeds_United,0,0,0.1575,1.3825,1,0
Championship,2024/2025,2024-10-26,12,Coventry_City,Luton_Town,3,2,3.3383,1.7142,1,0
Championship,2024/2025,2024-10-26,12,Watford,Blackburn_Rovers,1,0,2.0341,1.4373,1,0
Championship,2024/2025,2024-10-26,12,Burnley,Queens_Park_Rangers,0,0,1.2036,0.0808,1,0
Championship,2024/2025,2024-10-26,12,Derby_County,Hull_City,1,1,0.6266,1.0753,1,0
Championship,2024/2025,2024-10-26,12,Plymouth_Argyle,Preston_North_End,3,3,1.1749,2.0824,1,0
Championship,2024/2025,2024-10-26,12,West_Bromwich_Albion,Cardiff_City,0,0,1.5973,0.5693,1,0
Championship,2024/2025,2024-10-26,12,Swansea_City,Millwall,0,1,1.9336,0.369,1,0
Championship,2024/2025,2024-10-26,12,Sheffield_United,Stoke_City,2,0,1.3636,0.4217,1,0
Championship,2024/2025,2024-10-26,12,Sunderland,Oxford_United,2,0,1.2203,0.153,1,0
Premier League,2024/2025,2024-10-27,9,West_Ham_United,Manchester_United,2,1,3.0032,2.3409,1,0
Premier League,2024/2025,2024-10-27,9,Arsenal,Liverpool,2,2,0.9218,0.8102,1,0
Premier League,2024/2025,2024-10-27,9,Chelsea,Newcastle_United,2,1,1.6067,1.8126,1,0
Championship,2024/2025,2024-10-27,12,Norwich_City,Middlesbrough,3,3,1.1032,3.7273,1,0
Premier League,2024/2025,2024-10-27,9,Crystal_Palace,Tottenham_Hotspur,1,0,0.7805,0.7414,1,0
League One,2024/2025,2024-10-28,14,Blackpool,Wigan_Athletic,2,2,1.4675,1.29,1,0
League One,2024/2025,2024-10-29,11,Stevenage,Bolton_Wanderers,1,4,0.7256,1.0931,1,0
League One,2024/2025,2024-10-29,5,Stockport_County,Reading,4,1,2.0881,0.3874,1,0
League One,2024/2025,2024-10-29,5,Lincoln_City,Northampton_Town,2,1,1.2164,0.6733,1,0
Championship,2024/2025,2024-11-01,13,Luton_Town,West_Bromwich_Albion,1,1,0.9467,0.7219,1,0
Championship,2024/2025,2024-11-02,13,Leeds_United,Plymouth_Argyle,3,0,1.8647,0.0,1,0
Championship,2024/2025,2024-11-02,13,Hull_City,Portsmouth,1,1,1.399,0.8457,1,0
Championship,2024/2025,2024-11-02,13,Cardiff_City,Norwich_City,2,1,0.6416,1.6483,1,0
Championship,2024/2025,2024-11-02,13,Blackburn_Rovers,Sheffield_United,0,2,0.6121,2.1927,1,0
Championship,2024/2025,2024-11-02,13,Oxford_United,Swansea_City,1,2,1.413,2.5652,1,0
Championship,2024/2025,2024-11-02,13,Stoke_City,Derby_County,2,1,2.2453,0.6384,1,0
Championship,2024/2025,2024-11-02,13,Middlesbrough,Coventry_City,0,3,0.923,2.457,1,0
Championship,2024/2025,2024-11-02,13,Preston_North_End,Bristol_City,1,3,0.5966,1.0206,1,0
Championship,2024/2025,2024-11-02,13,Sheffield_Wednesday,Watford,2,6,1.5147,4.0975,1,0
Premier League,2024/2025,2024-11-02,10,Southampton,Everton,1,0,0.7444,1.5618,1,0
Premier League,2024/2025,2024-11-02,10,Nottingham_Forest,West_Ham_United,3,0,2.1746,0.1274,1,0
Championship,2024/2025,2024-11-02,13,Queens_Park_Rangers,Sunderland,0,0,1.4012,0.8348,1,0
Premier League,2024/2025,2024-11-02,10,Wolverhampton_Wanderers,Crystal_Palace,2,2,1.5282,2.5127,1,0
Premier League,2024/2025,2024-11-02,10,Liverpool,Brighton_&_Hove_Albion,2,1,1.6539,1.0088,1,0
Premier League,2024/2025,2024-11-02,10,AFC_Bournemouth,Manchester_City,2,1,2.0437,1.5605,1,0
Premier League,2024/2025,2024-11-02,10,Ipswich_Town,Leicester_City,1,1,1.0003,1.5496,1,0
Premier League,2024/2025,2024-11-02,10,Newcastle_United,Arsenal,1,0,0.525,1.0548,1,0
Championship,2024/2025,2024-11-03,13,Millwall,Burnley,1,0,0.9886,0.1964,1,0
Premier League,2024/2025,2024-11-03,10,Manchester_United,Chelsea,1,1,1.9805,1.105,1,0
Premier League,2024/2025,2024-11-03,10,Tottenham_Hotspur,Aston_Villa,4,1,2.4395,1.8591,1,0
Premier League,2024/2025,2024-11-04,10,Fulham,Brentford,2,1,1.3525,0.594,1,0
League One,2024/2025,2024-11-05,11,Stockport_County,Wycombe_Wanderers,0,5,0.1514,2.6559,1,0
League One,2024/2025,2024-11-05,5,Burton_Albion,Crawley_Town,0,0,0.5613,0.6607,1,0
Championship,2024/2025,2024-11-05,14,Plymouth_Argyle,Portsmouth,1,0,0.793,0.7961,1,0
Championship,2024/2025,2024-11-05,14,Sheffield_Wednesday,Norwich_City,2,0,1.9506,0.3095,1,0
Championship,2024/2025,2024-11-05,14,Bristol_City,Sheffield_United,1,2,1.4694,1.0133,1,0
Championship,2024/2025,2024-11-05,14,Oxford_United,Hull_City,1,0,0.598,1.1194,1,0
Championship,2024/2025,2024-11-05,14,Queens_Park_Rangers,Middlesbrough,1,4,0.4545,2.2355,1,0
Championship,2024/2025,2024-11-05,14,Swansea_City,Watford,1,0,1.9996,0.354,1,0
Championship,2024/2025,2024-11-06,14,Luton_Town,Cardiff_City,1,0,0.9893,0.388,1,0
Championship,2024/2025,2024-11-06,14,Millwall,Leeds_United,1,0,0.3566,0.7365,1,0
Championship,2024/2025,2024-11-06,14,Blackburn_Rovers,Stoke_City,0,2,2.7835,2.3414,1,0
Championship,2024/2025,2024-11-06,14,Coventry_City,Derby_County,1,2,1.2314,0.3963,1,0
Championship,2024/2025,2024-11-06,14,Preston_North_End,Sunderland,0,0,1.6043,0.7262,1,0
Championship,2024/2025,2024-11-07,14,West_Bromwich_Albion,Burnley,0,0,0.7824,1.0648,1,0
League One,2024/2025,2024-11-08,15,Barnsley,Rotherham_United,2,0,1.6969,1.0449,1,0
Championship,2024/2025,2024-11-08,15,Watford,Oxford_United,1,0,1.715,1.3811,1,0
Premier League,2024/2025,2024-11-09,11,Brentford,AFC_Bournemouth,3,2,1.4771,2.6067,1,0
Premier League,2024/2025,2024-11-09,11,Wolverhampton_Wanderers,Southampton,2,0,1.2576,0.6553,1,0
Premier League,2024/2025,2024-11-09,11,Brighton_&_Hove_Albion,Manchester_City,2,1,2.2907,2.2224,1,0
Premier League,2024/2025,2024-11-09,11,Liverpool,Aston_Villa,2,0,2.0214,1.3807,1,0
League One,2024/2025,2024-11-09,15,Wigan_Athletic,Wycombe_Wanderers,0,1,1.9288,0.6176,1,0
League One,2024/2025,2024-11-09,15,Crawley_Town,Huddersfield_Town,2,2,0.6198,1.4051,1,0
League One,2024/2025,2024-11-09,15,Stevenage,Reading,1,1,0.6225,1.6241,1,0
Championship,2024/2025,2024-11-09,15,Cardiff_City,Blackburn_Rovers,1,3,1.5962,2.4317,1,0
Championship,2024/2025,2024-11-09,15,Middlesbrough,Luton_Town,5,1,1.3165,0.3153,1,0
Championship,2024/2025,2024-11-09,15,Sunderland,Coventry_City,2,2,0.6617,0.6611,1,0
Championship,2024/2025,2024-11-09,15,Portsmouth,Preston_North_End,3,1,2.2106,0.5088,1,0
Championship,2024/2025,2024-11-09,15,Norwich_City,Bristol_City,0,2,0.2763,0.8765,1,0
Championship,2024/2025,2024-11-09,15,Leeds_United,Queens_Park_Rangers,2,0,2.1649,0.3373,1,0
Championship,2024/2025,2024-11-09,15,Derby_County,Plymouth_Argyle,1,1,1.0929,0.1376,1,0
Championship,2024/2025,2024-11-09,15,Stoke_City,Millwall,1,1,0.7396,1.9302,1,0
League One,2024/2025,2024-11-09,15,Burton_Albion,Shrewsbury_Town,2,0,1.0141,1.1501,1,0
League One,2024/2025,2024-11-09,15,Stockport_County,Bolton_Wanderers,5,0,1.8807,0.2481,1,0
League One,2024/2025,2024-11-09,15,Wrexham,Mansfield_Town,1,0,1.0491,1.2768,1,0
League One,2024/2025,2024-11-09,15,Bristol_Rovers,Lincoln_City,1,1,0.3204,0.8031,1,0
Premier League,2024/2025,2024-11-09,11,Crystal_Palace,Fulham,0,2,1.5199,1.8299,1,0
League One,2024/2025,2024-11-09,15,Exeter_City,Charlton_Athletic,1,0,0.6977,1.1125,1,0
League One,2024/2025,2024-11-09,15,Leyton_Orient,Blackpool,3,0,2.2329,1.1163,1,0
League One,2024/2025,2024-11-09,15,Peterborough_United,Cambridge_United,6,1,3.0662,0.7367,1,0
League One,2024/2025,2024-11-09,15,Birmingham_City,Northampton_Town,1,1,2.719,1.0437,1,0
Premier League,2024/2025,2024-11-09,11,West_Ham_United,Everton,0,0,0.8253,1.1118,1,0
Premier League,2024/2025,2024-11-10,11,Manchester_United,Leicester_City,3,0,0.7562,0.6343,1,0
Premier League,2024/2025,2024-11-10,11,Nottingham_Forest,Newcastle_United,1,3,0.6325,1.7038,1,0
Championship,2024/2025,2024-11-10,15,Sheffield_United,Sheffield_Wednesday,1,0,0.5045,0.389,1,0
Premier League,2024/2025,2024-11-10,11,Tottenham_Hotspur,Ipswich_Town,1,2,1.5539,1.6224,1,0
Premier League,2024/2025,2024-11-10,11,Chelsea,Arsenal,1,1,1.5403,1.5476,1,0
Championship,2024/2025,2024-11-10,15,Hull_City,West_Bromwich_Albion,1,2,1.1599,1.1651,1,0
Championship,2024/2025,2024-11-10,15,Burnley,Swansea_City,1,0,1.8469,0.6365,1,0
League One,2024/2025,2024-11-16,16,Stockport_County,Wrexham,1,0,1.6721,0.8135,1,0
League One,2024/2025,2024-11-16,16,Cambridge_United,Barnsley,1,1,0.6703,1.1976,1,0
League One,2024/2025,2024-11-16,16,Blackpool,Northampton_Town,0,0,1.3403,0.5682,1,0
League One,2024/2025,2024-11-16,16,Exeter_City,Lincoln_City,0,0,0.3147,0.8431,1,0
League One,2024/2025,2024-11-16,16,Bristol_Rovers,Crawley_Town,0,0,1.394,0.811,1,0
Championship,2024/2025,2024-11-22,16,Plymouth_Argyle,Watford,2,2,0.4431,2.2644,1,0
Championship,2024/2025,2024-11-23,16,Bristol_City,Burnley,0,1,0.7328,1.4701,1,0
Championship,2024/2025,2024-11-23,16,Coventry_City,Sheffield_United,2,2,2.2067,1.3181,1,0
Championship,2024/2025,2024-11-23,16,Sheffield_Wednesday,Cardiff_City,1,1,2.7743,1.2528,1,0
Championship,2024/2025,2024-11-23,16,Luton_Town,Hull_City,1,0,0.7667,1.549,1,0
Championship,2024/2025,2024-11-23,16,Millwall,Sunderland,1,1,1.4265,0.9736,1,0
Championship,2024/2025,2024-11-23,16,Oxford_United,Middlesbrough,2,6,0.5799,2.8922,1,0
Championship,2024/2025,2024-11-23,16,Preston_North_End,Derby_County,1,1,0.3164,0.5647,1,0
Championship,2024/2025,2024-11-23,16,Queens_Park_Rangers,Stoke_City,1,1,2.1618,1.1912,1,0
Championship,2024/2025,2024-11-23,16,West_Bromwich_Albion,Norwich_City,2,2,1.7101,1.3547,1,0
League One,2024/2025,2024-11-23,17,Northampton_Town,Cambridge_United,0,0,0.4478,1.1748,1,0
Premier League,2024/2025,2024-11-23,12,Fulham,Wolverhampton_Wanderers,1,4,1.0256,1.3193,1,0
League One,2024/2025,2024-11-23,17,Wrexham,Exeter_City,3,0,2.1682,0.8287,1,0
League One,2024/2025,2024-11-23,17,Peterborough_United,Reading,1,2,2.2764,2.1533,1,0
League One,2024/2025,2024-11-23,17,Mansfield_Town,Bristol_Rovers,0,1,1.5637,1.5908,1,0
League One,2024/2025,2024-11-23,17,Lincoln_City,Wycombe_Wanderers,2,3,0.8403,2.5663,1,0
League One,2024/2025,2024-11-23,17,Huddersfield_Town,Charlton_Athletic,2,1,1.6256,1.4136,1,0
League One,2024/2025,2024-11-23,17,Crawley_Town,Rotherham_United,1,0,0.7974,0.9302,1,0
League One,2024/2025,2024-11-23,17,Burton_Albion,Stockport_County,0,3,0.3574,2.2708,1,0
League One,2024/2025,2024-11-23,17,Barnsley,Wigan_Athletic,0,1,1.157,0.5013,1,0
League One,2024/2025,2024-11-23,17,Shrewsbury_Town,Birmingham_City,3,2,1.9206,1.5266,1,0
League One,2024/2025,2024-11-23,17,Stevenage,Leyton_Orient,0,0,0.4781,0.2117,1,0
Premier League,2024/2025,2024-11-23,12,Leicester_City,Chelsea,1,2,1.1112,2.7499,1,0
Premier League,2024/2025,2024-11-23,12,AFC_Bournemouth,Brighton_&_Hove_Albion,1,2,1.6274,0.9393,1,0
Premier League,2024/2025,2024-11-23,12,Arsenal,Nottingham_Forest,3,0,1.1881,0.3324,1,0
Premier League,2024/2025,2024-11-23,12,Aston_Villa,Crystal_Palace,2,2,3.1133,1.2578,1,0
Premier League,2024/2025,2024-11-23,12,Everton,Brentford,0,0,1.1956,1.1027,1,0
Premier League,2024/2025,2024-11-23,12,Manchester_City,Tottenham_Hotspur,0,4,2.1434,2.5102,1,0
League One,2024/2025,2024-11-23,17,Bolton_Wanderers,Blackpool,2,1,1.2286,0.8723,1,0
Championship,2024/2025,2024-11-24,16,Swansea_City,Leeds_United,3,4,1.3314,2.2013,1,0
Premier League,2024/2025,2024-11-24,12,Southampton,Liverpool,2,3,1.2759,3.1451,1,0
Premier League,2024/2025,2024-11-24,12,Ipswich_Town,Manchester_United,1,1,1.5946,0.8032,1,0
Premier League,2024/2025,2024-11-25,12,Newcastle_United,West_Ham_United,0,2,1.6374,0.8051,1,0
League One,2024/2025,2024-11-26,5,Exeter_City,Birmingham_City,0,2,0.12,2.1467,1,0
League One,2024/2025,2024-11-26,5,Cambridge_United,Bolton_Wanderers,1,1,1.0021,0.8241,1,0
League One,2024/2025,2024-11-26,11,Barnsley,Reading,2,2,2.134,1.5567,1,0
League One,2024/2025,2024-11-26,5,Wycombe_Wanderers,Mansfield_Town,1,0,0.4654,0.5379,1,0
Championship,2024/2025,2024-11-26,17,Hull_City,Sheffield_Wednesday,0,2,0.9981,2.1611,1,0
Championship,2024/2025,2024-11-26,17,Stoke_City,Preston_North_End,0,0,0.7124,0.6889,1,0
Championship,2024/2025,2024-11-26,17,Sheffield_United,Oxford_United,3,0,3.5637,0.2635,1,0
Championship,2024/2025,2024-11-26,17,Norwich_City,Plymouth_Argyle,6,1,3.1462,0.618,1,0
League One,2024/2025,2024-11-26,11,Bristol_Rovers,Blackpool,0,2,0.2254,1.7376,1,0
Championship,2024/2025,2024-11-26,17,Burnley,Coventry_City,2,0,0.967,0.1066,1,0
Championship,2024/2025,2024-11-26,17,Watford,Bristol_City,1,0,0.3623,0.7039,1,0
Championship,2024/2025,2024-11-26,17,Sunderland,West_Bromwich_Albion,0,0,0.9127,0.4622,1,0
League One,2024/2025,2024-11-26,11,Wrexham,Lincoln_City,1,0,0.9306,0.9241,1,0
League One,2024/2025,2024-11-26,11,Wigan_Athletic,Northampton_Town,2,1,1.9841,1.054,1,0
League One,2024/2025,2024-11-26,11,Leyton_Orient,Huddersfield_Town,0,2,0.6028,2.0917,1,0
League One,2024/2025,2024-11-26,11,Burton_Albion,Charlton_Athletic,0,1,0.14,1.6329,1,0
Championship,2024/2025,2024-11-27,17,Middlesbrough,Blackburn_Rovers,0,1,0.6718,1.4291,1,0
Championship,2024/2025,2024-11-27,17,Leeds_United,Luton_Town,3,0,2.0655,0.8022,1,0
Championship,2024/2025,2024-11-27,17,Derby_County,Swansea_City,1,2,3.4601,0.2426,1,0
Championship,2024/2025,2024-11-27,17,Cardiff_City,Queens_Park_Rangers,0,2,1.3101,0.9053,1,0
Championship,2024/2025,2024-11-29,18,Sheffield_United,Sunderland,1,0,0.9126,1.7813,1,0
Premier League,2024/2025,2024-11-29,13,Brighton_&_Hove_Albion,Southampton,1,1,1.6799,1.008,1,0
Premier League,2024/2025,2024-11-30,13,West_Ham_United,Arsenal,2,5,1.5379,3.5997,1,0
Championship,2024/2025,2024-11-30,18,Swansea_City,Portsmouth,2,2,2.6863,0.9247,1,0
Championship,2024/2025,2024-11-30,18,Blackburn_Rovers,Leeds_United,1,0,2.1664,1.278,1,0
Championship,2024/2025,2024-11-30,18,Bristol_City,Plymouth_Argyle,4,0,3.2017,0.1405,1,0
Championship,2024/2025,2024-11-30,18,Coventry_City,Cardiff_City,2,2,2.5607,0.6919,1,0
Championship,2024/2025,2024-11-30,18,Norwich_City,Luton_Town,4,2,1.8481,1.5085,1,0
Championship,2024/2025,2024-11-30,18,Preston_North_End,West_Bromwich_Albion,1,1,0.9332,0.5149,1,0
Championship,2024/2025,2024-11-30,18,Stoke_City,Burnley,0,2,0.8234,2.9459,1,0
Championship,2024/2025,2024-11-30,18,Watford,Queens_Park_Rangers,0,0,0.7938,1.2495,1,0
Premier League,2024/2025,2024-11-30,13,Nottingham_Forest,Ipswich_Town,1,0,1.6788,0.5859,1,0
Premier League,2024/2025,2024-11-30,13,Wolverhampton_Wanderers,AFC_Bournemouth,2,4,0.461,3.2854,1,0
Premier League,2024/2025,2024-11-30,13,Brentford,Leicester_City,4,1,2.3979,1.0629,1,0
Premier League,2024/2025,2024-11-30,13,Crystal_Palace,Newcastle_United,1,1,1.7574,0.0371,1,0
Championship,2024/2025,2024-11-30,18,Oxford_United,Millwall,1,1,0.8985,0.88,1,0
Championship,2024/2025,2024-11-30,18,Middlesbrough,Hull_City,3,1,1.8389,1.2125,1,0
Premier League,2024/2025,2024-12-01,13,Manchester_United,Everton,4,0,1.0687,0.5833,1,0
Premier League,2024/2025,2024-12-01,13,Tottenham_Hotspur,Fulham,1,1,0.7757,1.5814,1,0
Premier League,2024/2025,2024-12-01,13,Liverpool,Manchester_City,2,0,3.5698,0.8371,1,0
Premier League,2024/2025,2024-12-01,13,Chelsea,Aston_Villa,3,0,1.6912,1.2334,1,0
Championship,2024/2025,2024-12-01,18,Derby_County,Sheffield_Wednesday,1,2,1.8348,0.9397,1,0
League One,2024/2025,2024-12-03,18,Rotherham_United,Lincoln_City,2,1,0.9329,1.3782,1,0
League One,2024/2025,2024-12-03,18,Reading,Cambridge_United,3,0,1.5004,1.2349,1,0
League One,2024/2025,2024-12-03,18,Huddersfield_Town,Wigan_Athletic,1,0,0.841,0.4202,1,0
League One,2024/2025,2024-12-03,18,Wrexham,Barnsley,1,0,0.4917,0.7402,1,0
League One,2024/2025,2024-12-03,18,Stevenage,Northampton_Town,2,0,1.4471,0.0438,1,0
League One,2024/2025,2024-12-03,18,Exeter_City,Wycombe_Wanderers,2,2,1.217,1.1104,1,0
League One,2024/2025,2024-12-03,18,Bolton_Wanderers,Mansfield_Town,3,1,1.8252,0.7261,1,0
League One,2024/2025,2024-12-03,18,Leyton_Orient,Bristol_Rovers,3,0,1.2605,0.4153,1,0
League One,2024/2025,2024-12-03,18,Charlton_Athletic,Crawley_Town,1,2,0.6273,0.4613,1,0
Premier League,2024/2025,2024-12-03,14,Ipswich_Town,Crystal_Palace,0,1,0.4885,1.6437,1,0
Premier League,2024/2025,2024-12-03,14,Leicester_City,West_Ham_United,3,1,1.6721,3.0985,1,0
League One,2024/2025,2024-12-04,18,Shrewsbury_Town,Blackpool,1,2,1.3041,0.3206,1,0
League One,2024/2025,2024-12-04,18,Birmingham_City,Stockport_County,2,0,1.4422,0.5611,1,0
Premier League,2024/2025,2024-12-04,14,Everton,Wolverhampton_Wanderers,4,0,1.0199,0.7837,1,0
League One,2024/2025,2024-12-04,18,Peterborough_United,Burton_Albion,0,1,0.4434,0.7443,1,0
Premier League,2024/2025,2024-12-04,14,Newcastle_United,Liverpool,3,3,2.0932,1.9933,1,0
Premier League,2024/2025,2024-12-04,14,Southampton,Chelsea,1,5,1.5602,5.4268,1,0
Premier League,2024/2025,2024-12-04,14,Arsenal,Manchester_United,2,0,2.1554,0.223,1,0
Premier League,2024/2025,2024-12-04,14,Aston_Villa,Brentford,3,1,2.4342,0.9971,1,0
Premier League,2024/2025,2024-12-04,14,Manchester_City,Nottingham_Forest,3,0,2.4104,1.0389,1,0
Premier League,2024/2025,2024-12-05,14,AFC_Bournemouth,Tottenham_Hotspur,1,0,3.7077,0.8721,1,0
Premier League,2024/2025,2024-12-05,14,Fulham,Brighton_&_Hove_Albion,3,1,0.6485,1.4739,1,0
Championship,2024/2025,2024-12-06,19,Burnley,Middlesbrough,1,1,0.6436,0.8778,1,0
Championship,2024/2025,2024-12-07,19,Leeds_United,Derby_County,2,0,1.2622,0.0781,1,0
Championship,2024/2025,2024-12-07,19,Sheffield_Wednesday,Preston_North_End,1,1,1.4641,3.3419,1,0
Championship,2024/2025,2024-12-07,19,Sunderland,Stoke_City,2,1,2.403,0.7874,1,0
Championship,2024/2025,2024-12-07,19,Hull_City,Blackburn_Rovers,0,1,0.9597,0.2952,1,0
Championship,2024/2025,2024-12-07,19,Millwall,Coventry_City,0,1,0.4763,1.7706,1,0
Championship,2024/2025,2024-12-07,19,Portsmouth,Bristol_City,3,0,2.4442,1.2206,1,0
League One,2024/2025,2024-12-07,19,Burton_Albion,Wrexham,0,1,0.3289,1.8157,1,0
League One,2024/2025,2024-12-07,19,Lincoln_City,Charlton_Athletic,0,0,0.719,0.4114,1,0
League One,2024/2025,2024-12-07,19,Cambridge_United,Shrewsbury_Town,4,1,1.6436,1.4207,1,0
League One,2024/2025,2024-12-07,19,Mansfield_Town,Huddersfield_Town,1,2,0.9691,1.9161,1,0
League One,2024/2025,2024-12-07,19,Stockport_County,Exeter_City,2,0,1.7263,0.177,1,0
League One,2024/2025,2024-12-07,19,Wycombe_Wanderers,Reading,1,1,0.8263,1.0307,1,0
League One,2024/2025,2024-12-07,19,Wigan_Athletic,Leyton_Orient,0,2,0.2626,2.1122,1,0
Championship,2024/2025,2024-12-07,19,Queens_Park_Rangers,Norwich_City,3,0,0.8377,0.3608,1,0
Championship,2024/2025,2024-12-07,19,Luton_Town,Swansea_City,1,1,0.8706,2.1583,1,0
Premier League,2024/2025,2024-12-07,15,Aston_Villa,Southampton,1,0,2.2854,0.333,1,0
Premier League,2024/2025,2024-12-07,15,Brentford,Newcastle_United,4,2,1.2315,1.4787,1,0
Premier League,2024/2025,2024-12-07,15,Crystal_Palace,Manchester_City,2,2,1.3352,1.4535,1,0
Premier League,2024/2025,2024-12-07,15,Manchester_United,Nottingham_Forest,2,3,1.6039,0.8324,1,0
League One,2024/2025,2024-12-07,19,Barnsley,Birmingham_City,1,2,0.8401,0.3743,1,0
Premier League,2024/2025,2024-12-08,15,Leicester_City,Brighton_&_Hove_Albion,2,2,1.3148,1.5397,1,0
Championship,2024/2025,2024-12-08,19,West_Bromwich_Albion,Sheffield_United,2,2,0.7678,1.0898,1,0
Premier League,2024/2025,2024-12-08,15,Fulham,Arsenal,1,1,0.1604,2.0267,1,0
Premier League,2024/2025,2024-12-08,15,Ipswich_Town,AFC_Bournemouth,1,2,1.3154,3.2799,1,0
Premier League,2024/2025,2024-12-08,15,Tottenham_Hotspur,Chelsea,3,4,2.9006,2.8274,1,0
Premier League,2024/2025,2024-12-09,15,West_Ham_United,Wolverhampton_Wanderers,2,1,0.9734,1.4724,1,0
League One,2024/2025,2024-12-09,19,Northampton_Town,Peterborough_United,2,1,1.2587,1.9425,1,0
Championship,2024/2025,2024-12-10,20,Leeds_United,Middlesbrough,3,1,1.9349,0.4842,1,0
Championship,2024/2025,2024-12-10,20,Sunderland,Bristol_City,1,1,1.6758,0.4802,1,0
Championship,2024/2025,2024-12-10,20,Burnley,Derby_County,0,0,0.9694,0.5827,1,0
Championship,2024/2025,2024-12-10,20,Portsmouth,Norwich_City,0,0,0.8256,0.2832,1,0
Championship,2024/2025,2024-12-10,20,Plymouth_Argyle,Swansea_City,1,2,1.4032,1.9588,1,0
Championship,2024/2025,2024-12-10,20,Luton_Town,Stoke_City,2,1,2.2496,1.2903,1,0
Championship,2024/2025,2024-12-10,20,Sheffield_Wednesday,Blackburn_Rovers,0,1,0.8671,0.8954,1,0
Championship,2024/2025,2024-12-11,20,Millwall,Sheffield_United,0,1,0.9839,1.4583,1,0
Championship,2024/2025,2024-12-11,20,Cardiff_City,Preston_North_End,0,2,0.6349,1.0952,1,0
Championship,2024/2025,2024-12-11,20,Hull_City,Watford,1,1,1.5281,1.1054,1,0
Championship,2024/2025,2024-12-11,20,Queens_Park_Rangers,Oxford_United,2,0,0.6614,0.0862,1,0
Championship,2024/2025,2024-12-11,20,West_Bromwich_Albion,Coventry_City,2,0,0.4727,2.2075,1,0
Championship,2024/2025,2024-12-13,21,Derby_County,Portsmouth,4,0,1.8221,0.5649,1,0
League One,2024/2025,2024-12-14,20,Exeter_City,Barnsley,1,2,0.6949,1.6474,1,0
League One,2024/2025,2024-12-14,20,Charlton_Athletic,Mansfield_Town,0,0,0.9943,1.3695,1,0
League One,2024/2025,2024-12-14,20,Bolton_Wanderers,Wigan_Athletic,0,2,1.107,2.7124,1,0
League One,2024/2025,2024-12-14,20,Leyton_Orient,Burton_Albion,0,0,1.1819,0.3394,1,0
League One,2024/2025,2024-12-14,20,Huddersfield_Town,Lincoln_City,2,2,0.8336,0.6758,1,0
League One,2024/2025,2024-12-14,20,Birmingham_City,Bristol_Rovers,2,0,3.1192,0.0986,1,0
League One,2024/2025,2024-12-14,20,Reading,Blackpool,0,3,0.9368,1.9398,1,0
Premier League,2024/2025,2024-12-14,16,Arsenal,Everton,0,0,1.2167,0.0918,1,0
League One,2024/2025,2024-12-14,20,Shrewsbury_Town,Wycombe_Wanderers,1,4,0.3554,0.7402,1,0
League One,2024/2025,2024-12-14,20,Stevenage,Stockport_County,2,1,1.1562,0.4358,1,0
League One,2024/2025,2024-12-14,20,Wrexham,Cambridge_United,2,2,0.9926,1.5833,1,0
Premier League,2024/2025,2024-12-14,16,Liverpool,Fulham,2,2,2.1284,1.2246,1,0
Premier League,2024/2025,2024-12-14,16,Wolverhampton_Wanderers,Ipswich_Town,1,2,1.2679,1.1961,1,0
Premier League,2024/2025,2024-12-14,16,Nottingham_Forest,Aston_Villa,2,1,1.7766,0.4158,1,0
League One,2024/2025,2024-12-14,20,Rotherham_United,Northampton_Town,3,0,2.2002,0.3031,1,0
Premier League,2024/2025,2024-12-14,16,Newcastle_United,Leicester_City,4,0,3.7897,0.1855,1,0
League One,2024/2025,2024-12-14,20,Peterborough_United,Crawley_Town,4,3,2.2432,2.3512,1,0
Championship,2024/2025,2024-12-14,21,Coventry_City,Hull_City,2,1,3.1827,0.9389,1,0
Championship,2024/2025,2024-12-14,21,Blackburn_Rovers,Luton_Town,2,0,1.6787,0.8931,1,0
Championship,2024/2025,2024-12-14,21,Oxford_United,Sheffield_Wednesday,1,3,1.4151,1.8673,1,0
Championship,2024/2025,2024-12-14,21,Sheffield_United,Plymouth_Argyle,2,0,1.2909,1.0846,1,0
Championship,2024/2025,2024-12-14,21,Stoke_City,Cardiff_City,2,2,1.7854,1.8863,1,0
Championship,2024/2025,2024-12-14,21,Swansea_City,Sunderland,2,3,1.0253,0.9714,1,0
Championship,2024/2025,2024-12-14,21,Preston_North_End,Leeds_United,1,1,0.6747,2.2233,1,0
Championship,2024/2025,2024-12-14,21,Middlesbrough,Millwall,1,0,1.0476,1.2901,1,0
Championship,2024/2025,2024-12-14,21,Bristol_City,Queens_Park_Rangers,1,1,1.9905,0.161,1,0
Championship,2024/2025,2024-12-15,21,Watford,West_Bromwich_Albion,2,1,1.3996,1.3905,1,0
Premier League,2024/2025,2024-12-15,16,Chelsea,Brentford,2,1,2.2312,1.6071,1,0
Premier League,2024/2025,2024-12-15,16,Manchester_City,Manchester_United,1,2,0.952,2.0756,1,0
Premier League,2024/2025,2024-12-15,16,Southampton,Tottenham_Hotspur,0,5,0.8422,2.4376,1,0
Premier League,2024/2025,2024-12-15,16,Brighton_&_Hove_Albion,Crystal_Palace,1,3,0.996,2.306,1,0
Championship,2024/2025,2024-12-15,21,Norwich_City,Burnley,1,2,1.066,0.4577,1,0
Premier League,2024/2025,2024-12-16,16,AFC_Bournemouth,West_Ham_United,1,1,2.0137,2.0615,1,0
League One,2024/2025,2024-12-20,21,Cambridge_United,Huddersfield_Town,0,4,0.7398,2.2257,1,0
League One,2024/2025,2024-12-20,21,Wycombe_Wanderers,Bolton_Wanderers,0,0,1.2855,0.326,1,0
Championship,2024/2025,2024-12-20,22,Luton_Town,Derby_County,2,1,0.9629,0.4609,1,0
League One,2024/2025,2024-12-20,21,Stockport_County,Peterborough_United,2,1,1.6141,0.4646,1,0
Championship,2024/2025,2024-12-21,22,Hull_City,Swansea_City,2,1,1.4042,0.8374,1,0
Championship,2024/2025,2024-12-21,22,Portsmouth,Coventry_City,4,1,2.0645,1.7465,1,0
Championship,2024/2025,2024-12-21,22,Sheffield_Wednesday,Stoke_City,2,0,1.7354,2.3051,1,0
Championship,2024/2025,2024-12-21,22,Burnley,Watford,2,1,1.1991,0.4555,1,0
Championship,2024/2025,2024-12-21,22,Plymouth_Argyle,Middlesbrough,3,3,3.5566,1.9057,1,0
League One,2024/2025,2024-12-21,21,Burton_Albion,Exeter_City,1,2,0.596,0.634,1,0
League One,2024/2025,2024-12-21,21,Lincoln_City,Reading,2,0,2.0049,0.1871,1,0
League One,2024/2025,2024-12-21,21,Barnsley,Leyton_Orient,0,4,0.7476,2.7813,1,0
League One,2024/2025,2024-12-21,21,Blackpool,Stevenage,0,0,0.7113,0.8519,1,0
Championship,2024/2025,2024-12-21,22,Cardiff_City,Sheffield_United,0,2,0.2398,0.7829,1,0
League One,2024/2025,2024-12-21,21,Mansfield_Town,Rotherham_United,1,0,0.9896,0.477,1,0
League One,2024/2025,2024-12-21,21,Northampton_Town,Charlton_Athletic,0,5,0.2257,1.6794,1,0
Championship,2024/2025,2024-12-21,22,Millwall,Blackburn_Rovers,1,0,1.0022,0.4698,1,0
Premier League,2024/2025,2024-12-21,17,Aston_Villa,Manchester_City,2,1,1.6721,1.0279,1,0
Premier League,2024/2025,2024-12-21,17,Brentford,Nottingham_Forest,0,2,0.7158,0.8964,1,0
Premier League,2024/2025,2024-12-21,17,Ipswich_Town,Newcastle_United,0,4,0.7072,2.328,1,0
Premier League,2024/2025,2024-12-21,17,West_Ham_United,Brighton_&_Hove_Albion,1,1,1.3057,0.9369,1,0
Premier League,2024/2025,2024-12-21,17,Crystal_Palace,Arsenal,1,5,1.5863,2.868,1,0
League One,2024/2025,2024-12-21,21,Bristol_Rovers,Wrexham,1,1,0.3897,1.0347,1,0
Championship,2024/2025,2024-12-21,22,Leeds_United,Oxford_United,4,0,2.9812,0.8828,1,0
League One,2024/2025,2024-12-21,21,Wigan_Athletic,Shrewsbury_Town,2,2,2.1745,0.3998,1,0
Championship,2024/2025,2024-12-21,22,Queens_Park_Rangers,Preston_North_End,2,1,1.953,0.2252,1,0
Championship,2024/2025,2024-12-21,22,Sunderland,Norwich_City,2,1,0.6111,0.8618,1,0
Premier League,2024/2025,2024-12-22,17,Manchester_United,AFC_Bournemouth,0,3,2.284,1.6329,1,0
Premier League,2024/2025,2024-12-22,17,Leicester_City,Wolverhampton_Wanderers,0,3,0.801,1.1127,1,0
Premier League,2024/2025,2024-12-22,17,Fulham,Southampton,0,0,0.8781,0.258,1,0
Premier League,2024/2025,2024-12-22,17,Everton,Chelsea,0,0,1.0264,1.1728,1,0
Championship,2024/2025,2024-12-22,22,West_Bromwich_Albion,Bristol_City,2,0,1.8643,0.5233,1,0
Premier League,2024/2025,2024-12-22,17,Tottenham_Hotspur,Liverpool,3,6,1.2744,5.632,1,0
League One,2024/2025,2024-12-23,21,Crawley_Town,Birmingham_City,0,1,0.1463,0.7966,1,0
Championship,2024/2025,2024-12-26,23,Middlesbrough,Sheffield_Wednesday,3,3,1.2858,1.8026,1,0
Championship,2024/2025,2024-12-26,23,Blackburn_Rovers,Sunderland,2,2,1.7879,1.4028,1,0
Championship,2024/2025,2024-12-26,23,Bristol_City,Luton_Town,1,0,0.3291,0.5706,1,0
Championship,2024/2025,2024-12-26,23,Coventry_City,Plymouth_Argyle,4,0,2.0464,0.2455,1,0
League One,2024/2025,2024-12-26,22,Peterborough_United,Mansfield_Town,0,3,0.2175,2.1305,1,0
League One,2024/2025,2024-12-26,22,Reading,Northampton_Town,4,1,1.2815,0.4386,1,0
Championship,2024/2025,2024-12-26,23,Oxford_United,Cardiff_City,3,2,1.487,0.5657,1,0
Championship,2024/2025,2024-12-26,23,Preston_North_End,Hull_City,1,0,0.6605,0.7398,1,0
Championship,2024/2025,2024-12-26,23,Sheffield_United,Burnley,0,2,0.7342,0.7329,1,0
Championship,2024/2025,2024-12-26,23,Swansea_City,Queens_Park_Rangers,3,0,1.568,0.4338,1,0
Championship,2024/2025,2024-12-26,23,Watford,Portsmouth,2,1,1.5442,0.2169,1,0
Championship,2024/2025,2024-12-26,23,Derby_County,West_Bromwich_Albion,2,1,0.8399,1.333,1,0
Championship,2024/2025,2024-12-26,23,Stoke_City,Leeds_United,0,2,0.4562,2.1544,1,0
League One,2024/2025,2024-12-26,22,Rotherham_United,Wigan_Athletic,0,1,0.778,0.8574,1,0
League One,2024/2025,2024-12-26,22,Shrewsbury_Town,Lincoln_City,1,0,1.306,1.1803,1,0
League One,2024/2025,2024-12-26,22,Stevenage,Wycombe_Wanderers,0,3,0.2197,1.3932,1,0
Championship,2024/2025,2024-12-26,23,Norwich_City,Millwall,2,1,1.9376,0.4505,1,0
Premier League,2024/2025,2024-12-26,18,Manchester_City,Everton,1,1,2.0912,0.6291,1,0
Premier League,2024/2025,2024-12-26,18,AFC_Bournemouth,Crystal_Palace,0,0,1.4718,0.4473,1,0
Premier League,2024/2025,2024-12-26,18,Chelsea,Fulham,1,2,1.1181,1.7842,1,0
League One,2024/2025,2024-12-26,22,Leyton_Orient,Crawley_Town,3,0,3.2984,0.6144,1,0
League One,2024/2025,2024-12-26,22,Wrexham,Blackpool,2,1,1.7119,0.8164,1,0
League One,2024/2025,2024-12-26,22,Bolton_Wanderers,Barnsley,1,2,1.0651,1.2869,1,0
League One,2024/2025,2024-12-26,22,Charlton_Athletic,Cambridge_United,2,1,1.0944,1.8795,1,0
League One,2024/2025,2024-12-26,22,Exeter_City,Bristol_Rovers,3,1,1.575,2.1556,1,0
League One,2024/2025,2024-12-26,22,Huddersfield_Town,Stockport_County,1,0,0.4896,0.8642,1,0
League One,2024/2025,2024-12-26,22,Birmingham_City,Burton_Albion,2,0,1.2971,1.1647,1,0
Premier League,2024/2025,2024-12-26,18,Liverpool,Leicester_City,3,1,1.9124,0.3416,1,0
Premier League,2024/2025,2024-12-26,18,Wolverhampton_Wanderers,Manchester_United,2,0,0.8628,0.4376,1,0
Premier League,2024/2025,2024-12-26,18,Southampton,West_Ham_United,0,1,1.3992,1.8133,1,0
Premier League,2024/2025,2024-12-26,18,Nottingham_Forest,Tottenham_Hotspur,1,0,1.1191,0.9006,1,0
Premier League,2024/2025,2024-12-26,18,Newcastle_United,Aston_Villa,3,0,2.7568,0.3449,1,0
Premier League,2024/2025,2024-12-27,18,Brighton_&_Hove_Albion,Brentford,0,0,1.306,1.07,1,0
Premier League,2024/2025,2024-12-27,18,Arsenal,Ipswich_Town,1,0,1.8566,0.1526,1,0
Championship,2024/2025,2024-12-29,24,Swansea_City,Luton_Town,2,1,2.4387,0.6267,1,0
Championship,2024/2025,2024-12-29,24,Watford,Cardiff_City,1,2,0.6557,1.4851,1,0
Championship,2024/2025,2024-12-29,24,Derby_County,Leeds_United,0,1,0.183,2.6748,1,0
Championship,2024/2025,2024-12-29,24,Middlesbrough,Burnley,0,0,0.5259,0.6939,1,0
Championship,2024/2025,2024-12-29,24,Sheffield_United,West_Bromwich_Albion,1,1,1.4219,0.9627,1,0
Championship,2024/2025,2024-12-29,24,Bristol_City,Portsmouth,3,0,3.0562,0.1956,1,0
Championship,2024/2025,2024-12-29,24,Blackburn_Rovers,Hull_City,0,1,1.2542,1.3337,1,0
Championship,2024/2025,2024-12-29,24,Preston_North_End,Sheffield_Wednesday,3,1,2.858,1.1501,1,0
Championship,2024/2025,2024-12-29,24,Norwich_City,Queens_Park_Rangers,1,1,2.0099,0.2113,1,0
Championship,2024/2025,2024-12-29,24,Coventry_City,Millwall,0,0,0.4052,0.5989,1,0
League One,2024/2025,2024-12-29,23,Charlton_Athletic,Wycombe_Wanderers,2,1,1.3727,0.4114,1,0
League One,2024/2025,2024-12-29,23,Leyton_Orient,Cambridge_United,2,0,2.1517,0.483,1,0
League One,2024/2025,2024-12-29,23,Birmingham_City,Blackpool,0,0,0.7424,0.8861,1,0
League One,2024/2025,2024-12-29,23,Wrexham,Wigan_Athletic,2,1,0.3602,1.1782,1,0
League One,2024/2025,2024-12-29,23,Stevenage,Bristol_Rovers,3,0,1.6807,0.7607,1,0
League One,2024/2025,2024-12-29,23,Shrewsbury_Town,Northampton_Town,1,1,0.7896,1.2383,1,0
League One,2024/2025,2024-12-29,23,Reading,Mansfield_Town,2,1,1.239,0.8668,1,0
League One,2024/2025,2024-12-29,23,Peterborough_United,Barnsley,1,3,1.2526,1.7256,1,0
League One,2024/2025,2024-12-29,23,Rotherham_United,Stockport_County,1,1,0.4759,1.1349,1,0
Premier League,2024/2025,2024-12-29,19,Tottenham_Hotspur,Wolverhampton_Wanderers,2,2,2.2485,0.7154,1,0
Premier League,2024/2025,2024-12-29,19,Fulham,AFC_Bournemouth,2,2,1.1135,1.9823,1,0
Premier League,2024/2025,2024-12-29,19,West_Ham_United,Liverpool,0,5,0.3613,3.1528,1,0
Premier League,2024/2025,2024-12-29,19,Crystal_Palace,Southampton,2,1,2.0316,0.9414,1,0
Premier League,2024/2025,2024-12-29,19,Leicester_City,Manchester_City,0,2,1.3004,1.2656,1,0
Championship,2024/2025,2024-12-29,24,Stoke_City,Sunderland,1,0,0.8983,2.0609,1,0
League One,2024/2025,2024-12-29,23,Huddersfield_Town,Burton_Albion,1,1,3.1799,0.8347,1,0
League One,2024/2025,2024-12-29,23,Exeter_City,Crawley_Town,4,4,1.5512,1.9444,1,0
League One,2024/2025,2024-12-29,23,Bolton_Wanderers,Lincoln_City,3,0,0.987,0.4515,1,0
Premier League,2024/2025,2024-12-29,19,Everton,Nottingham_Forest,0,2,0.8852,1.4782,1,0
Championship,2024/2025,2024-12-29,24,Oxford_United,Plymouth_Argyle,2,0,1.0841,0.4205,1,0
Premier League,2024/2025,2024-12-30,19,Aston_Villa,Brighton_&_Hove_Albion,2,2,1.7792,1.1345,1,0
Premier League,2024/2025,2024-12-30,19,Ipswich_Town,Chelsea,2,0,1.5825,2.0048,1,0
Premier League,2024/2025,2024-12-30,19,Manchester_United,Newcastle_United,0,2,0.8979,1.9197,1,0
League One,2024/2025,2025-01-01,24,Lincoln_City,Rotherham_United,0,1,0.2128,1.129,1,0
League One,2024/2025,2025-01-01,24,Mansfield_Town,Bolton_Wanderers,2,1,0.8222,1.5459,1,0
League One,2024/2025,2025-01-01,24,Barnsley,Wrexham,2,1,0.5848,2.209,1,0
League One,2024/2025,2025-01-01,24,Blackpool,Shrewsbury_Town,1,1,1.2991,0.4107,1,0
League One,2024/2025,2025-01-01,24,Bristol_Rovers,Leyton_Orient,2,3,2.4122,1.601,1,0
League One,2024/2025,2025-01-01,24,Cambridge_United,Reading,1,3,2.0329,1.8793,1,0
Championship,2024/2025,2025-01-01,25,Queens_Park_Rangers,Watford,3,1,1.2773,0.6717,1,0
Championship,2024/2025,2025-01-01,25,Plymouth_Argyle,Bristol_City,2,2,1.641,1.6803,1,0
League One,2024/2025,2025-01-01,24,Burton_Albion,Peterborough_United,2,2,1.3947,1.4368,1,0
League One,2024/2025,2025-01-01,24,Wycombe_Wanderers,Exeter_City,2,1,1.6292,0.9432,1,0
Premier League,2024/2025,2025-01-01,19,Brentford,Arsenal,1,3,0.3192,1.9073,1,0
Championship,2024/2025,2025-01-01,25,Hull_City,Middlesbrough,0,1,0.309,0.8859,1,0
Championship,2024/2025,2025-01-01,25,West_Bromwich_Albion,Preston_North_End,3,1,1.1416,0.7797,1,0
Championship,2024/2025,2025-01-01,25,Sheffield_Wednesday,Derby_County,4,2,2.1264,2.5589,1,0
League One,2024/2025,2025-01-01,24,Stockport_County,Birmingham_City,1,1,0.9394,0.9415,1,0
Championship,2024/2025,2025-01-01,25,Luton_Town,Norwich_City,0,1,0.9916,0.4439,1,0
Championship,2024/2025,2025-01-01,25,Leeds_United,Blackburn_Rovers,1,1,1.2461,0.4073,1,0
Championship,2024/2025,2025-01-01,25,Cardiff_City,Coventry_City,1,1,0.6897,2.2941,1,0
League One,2024/2025,2025-01-01,24,Northampton_Town,Stevenage,0,0,0.4768,0.8541,1,0
Championship,2024/2025,2025-01-01,25,Burnley,Stoke_City,0,0,1.4555,1.2564,1,0
Championship,2024/2025,2025-01-01,25,Millwall,Oxford_United,0,1,0.8607,0.6477,1,0
Championship,2024/2025,2025-01-01,25,Portsmouth,Swansea_City,4,0,1.7038,1.0965,1,0
Championship,2024/2025,2025-01-01,25,Sunderland,Sheffield_United,2,1,1.2531,1.6154,1,0
Premier League,2024/2025,2025-01-04,20,Brighton_&_Hove_Albion,Arsenal,1,1,1.5213,0.8774,1,0
Premier League,2024/2025,2025-01-04,20,Southampton,Brentford,0,5,0.2914,4.4567,1,0
Premier League,2024/2025,2025-01-04,20,Manchester_City,West_Ham_United,4,1,1.9118,1.3727,1,0
Premier League,2024/2025,2025-01-04,20,Crystal_Palace,Chelsea,1,1,1.0826,1.2415,1,0
Premier League,2024/2025,2025-01-04,20,Aston_Villa,Leicester_City,2,1,1.5584,0.4076,1,0
Premier League,2024/2025,2025-01-04,20,AFC_Bournemouth,Everton,1,0,1.8429,0.7062,1,0
Premier League,2024/2025,2025-01-04,20,Tottenham_Hotspur,Newcastle_United,1,2,0.945,2.5257,1,0
League One,2024/2025,2025-01-04,25,Exeter_City,Bolton_Wanderers,1,2,0.4142,1.4545,1,0
League One,2024/2025,2025-01-04,25,Wrexham,Peterborough_United,1,0,0.9242,1.3372,1,0
League One,2024/2025,2025-01-04,25,Wigan_Athletic,Birmingham_City,0,3,0.7987,1.2804,1,0
League One,2024/2025,2025-01-04,25,Stockport_County,Mansfield_Town,1,2,0.9664,1.2125,1,0
League One,2024/2025,2025-01-04,25,Lincoln_City,Stevenage,0,0,0.5516,0.8983,1,0
League One,2024/2025,2025-01-04,25,Leyton_Orient,Shrewsbury_Town,1,0,1.1367,0.4105,1,0
League One,2024/2025,2025-01-04,25,Huddersfield_Town,Rotherham_United,0,0,2.0547,1.0174,1,0
League One,2024/2025,2025-01-04,25,Charlton_Athletic,Reading,0,0,1.2497,1.6706,1,0
League One,2024/2025,2025-01-04,25,Cambridge_United,Bristol_Rovers,0,1,1.5873,0.6771,1,0
League One,2024/2025,2025-01-04,25,Burton_Albion,Northampton_Town,0,1,0.7877,0.7641,1,0
League One,2024/2025,2025-01-04,25,Wycombe_Wanderers,Blackpool,1,1,1.5752,0.9328,1,0
League One,2024/2025,2025-01-04,25,Barnsley,Crawley_Town,3,0,2.5264,1.5357,1,0
Championship,2024/2025,2025-01-04,26,Stoke_City,Plymouth_Argyle,0,0,1.008,0.0843,1,0
Championship,2024/2025,2025-01-04,26,Blackburn_Rovers,Burnley,0,1,1.0185,0.2414,1,0
Championship,2024/2025,2025-01-04,26,Watford,Sheffield_United,1,2,1.5225,1.5663,1,0
Championship,2024/2025,2025-01-04,26,Sheffield_Wednesday,Millwall,2,2,1.8434,1.3152,1,0
Championship,2024/2025,2025-01-04,26,Preston_North_End,Oxford_United,1,1,2.1971,0.4244,1,0
Championship,2024/2025,2025-01-04,26,Norwich_City,Coventry_City,2,1,2.0212,1.2197,1,0
Championship,2024/2025,2025-01-04,26,Middlesbrough,Cardiff_City,1,1,0.7599,0.4692,1,0
Championship,2024/2025,2025-01-04,26,Hull_City,Leeds_United,3,3,2.2844,1.8975,1,0
Championship,2024/2025,2025-01-04,26,Bristol_City,Derby_County,1,0,1.3614,0.3611,1,0
Championship,2024/2025,2025-01-04,26,Swansea_City,West_Bromwich_Albion,1,1,0.9056,1.006,1,0
Premier League,2024/2025,2025-01-05,20,Fulham,Ipswich_Town,2,2,2.2408,1.5883,1,0
Championship,2024/2025,2025-01-05,26,Sunderland,Portsmouth,1,0,2.4668,0.5019,1,0
Premier League,2024/2025,2025-01-05,20,Liverpool,Manchester_United,2,2,2.8158,1.0541,1,0
Championship,2024/2025,2025-01-06,26,Queens_Park_Rangers,Luton_Town,2,1,2.1845,2.21,1,0
Premier League,2024/2025,2025-01-06,20,Wolverhampton_Wanderers,Nottingham_Forest,0,3,1.5939,2.1331,1,0
League One,2024/2025,2025-01-07,16,Wycombe_Wanderers,Huddersfield_Town,0,1,1.0927,0.3178,1,0
League One,2024/2025,2025-01-11,16,Rotherham_United,Bolton_Wanderers,3,1,2.9333,2.0645,1,0
Premier League,2024/2025,2025-01-14,21,Chelsea,AFC_Bournemouth,2,2,2.5016,1.1837,1,0
Championship,2024/2025,2025-01-14,19,Plymouth_Argyle,Oxford_United,1,1,0.62,0.3827,1,0
Championship,2024/2025,2025-01-14,19,Cardiff_City,Watford,1,1,0.7154,1.0029,1,0
Premier League,2024/2025,2025-01-14,21,Brentford,Manchester_City,2,2,2.5824,2.1951,1,0
Premier League,2024/2025,2025-01-14,21,Nottingham_Forest,Liverpool,1,1,0.3145,1.9901,1,0
Premier League,2024/2025,2025-01-14,21,West_Ham_United,Fulham,3,2,0.9525,1.9043,1,0
Premier League,2024/2025,2025-01-15,21,Newcastle_United,Wolverhampton_Wanderers,3,0,2.1098,1.6215,1,0
Premier League,2024/2025,2025-01-15,21,Arsenal,Tottenham_Hotspur,2,1,1.4468,0.7831,1,0
Premier League,2024/2025,2025-01-15,21,Everton,Aston_Villa,0,1,1.143,1.2136,1,0
Premier League,2024/2025,2025-01-15,21,Leicester_City,Crystal_Palace,0,2,1.7019,1.8221,1,0
Championship,2024/2025,2025-01-15,16,Blackburn_Rovers,Portsmouth,3,0,1.3642,1.0997,1,0
Premier League,2024/2025,2025-01-16,21,Ipswich_Town,Brighton_&_Hove_Albion,0,2,0.2833,0.9721,1,0
Premier League,2024/2025,2025-01-16,21,Manchester_United,Southampton,3,1,3.4157,1.5352,1,0
League One,2024/2025,2025-01-16,27,Shrewsbury_Town,Wrexham,2,1,1.3662,1.7995,1,0
Championship,2024/2025,2025-01-17,27,Burnley,Sunderland,0,0,0.6785,2.8361,1,0
Championship,2024/2025,2025-01-18,27,Cardiff_City,Swansea_City,3,0,0.853,0.3597,1,0
Championship,2024/2025,2025-01-18,27,Millwall,Hull_City,0,1,0.711,0.6061,1,0
Championship,2024/2025,2025-01-18,27,Plymouth_Argyle,Queens_Park_Rangers,0,1,0.1775,2.8977,1,0
Championship,2024/2025,2025-01-18,27,Coventry_City,Bristol_City,1,0,0.909,0.7554,1,0
Championship,2024/2025,2025-01-18,27,Derby_County,Watford,0,2,1.8105,1.9638,1,0
League One,2024/2025,2025-01-18,27,Northampton_Town,Lincoln_City,0,1,0.308,0.5596,1,0
Premier League,2024/2025,2025-01-18,22,Newcastle_United,AFC_Bournemouth,1,4,0.7941,2.2647,1,0
Premier League,2024/2025,2025-01-18,22,Brentford,Liverpool,0,2,0.7182,3.4342,1,0
Premier League,2024/2025,2025-01-18,22,Leicester_City,Fulham,0,2,0.4742,2.1944,1,0
Premier League,2024/2025,2025-01-18,22,West_Ham_United,Crystal_Palace,0,2,0.2813,1.3158,1,0
Premier League,2024/2025,2025-01-18,22,Arsenal,Aston_Villa,2,2,1.3302,1.0418,1,0
League One,2024/2025,2025-01-18,27,Peterborough_United,Leyton_Orient,0,0,0.8423,0.5448,1,0
Championship,2024/2025,2025-01-18,27,Oxford_United,Blackburn_Rovers,1,0,1.2994,0.9108,1,0
Championship,2024/2025,2025-01-18,27,Sheffield_United,Norwich_City,2,0,2.0871,0.3484,1,0
Championship,2024/2025,2025-01-18,27,Luton_Town,Preston_North_End,0,0,0.4802,0.0124,1,0
Championship,2024/2025,2025-01-18,27,Portsmouth,Middlesbrough,2,1,0.855,1.6262,1,0
League One,2024/2025,2025-01-18,27,Birmingham_City,Exeter_City,1,0,0.7727,0.0,1,0
League One,2024/2025,2025-01-18,27,Bolton_Wanderers,Cambridge_United,2,2,2.2072,0.7363,1,0
League One,2024/2025,2025-01-18,27,Bristol_Rovers,Barnsley,3,1,2.0813,3.0081,1,0
League One,2024/2025,2025-01-18,27,Crawley_Town,Burton_Albion,1,1,1.3033,0.2775,1,0
League One,2024/2025,2025-01-18,27,Mansfield_Town,Wycombe_Wanderers,1,2,1.5344,2.3643,1,0
League One,2024/2025,2025-01-18,27,Reading,Stockport_County,1,3,1.6451,3.3153,1,0
League One,2024/2025,2025-01-18,27,Rotherham_United,Charlton_Athletic,4,2,2.301,1.2062,1,0
League One,2024/2025,2025-01-18,27,Stevenage,Wigan_Athletic,1,2,1.1564,1.0213,1,0
Championship,2024/2025,2025-01-18,27,West_Bromwich_Albion,Stoke_City,1,1,1.7375,1.1486,1,0
League One,2024/2025,2025-01-18,27,Blackpool,Huddersfield_Town,2,2,1.0128,0.9633,1,0
Premier League,2024/2025,2025-01-19,22,Ipswich_Town,Manchester_City,0,6,0.5826,3.034,1,0
Premier League,2024/2025,2025-01-19,22,Nottingham_Forest,Southampton,3,2,2.0542,0.8947,1,0
Premier League,2024/2025,2025-01-19,22,Manchester_United,Brighton_&_Hove_Albion,1,3,1.4775,1.9285,1,0
Premier League,2024/2025,2025-01-19,22,Everton,Tottenham_Hotspur,3,2,1.9519,1.1191,1,0
Championship,2024/2025,2025-01-19,27,Leeds_United,Sheffield_Wednesday,3,0,1.9312,0.438,1,0
Premier League,2024/2025,2025-01-20,22,Chelsea,Wolverhampton_Wanderers,3,1,3.2028,0.8128,1,0
League One,2024/2025,2025-01-21,16,Wigan_Athletic,Burton_Albion,1,2,1.2978,1.9251,1,0
Championship,2024/2025,2025-01-21,28,Watford,Preston_North_End,1,2,0.3847,2.442,1,0
Championship,2024/2025,2025-01-21,28,Millwall,Cardiff_City,2,2,0.5221,0.9979,1,0
Championship,2024/2025,2025-01-21,28,Swansea_City,Sheffield_United,1,2,1.5106,1.8423,1,0
Championship,2024/2025,2025-01-21,28,Oxford_United,Luton_Town,3,2,0.8994,0.6844,1,0
Championship,2024/2025,2025-01-21,28,Derby_County,Sunderland,0,1,0.7325,0.9284,1,0
Championship,2024/2025,2025-01-21,28,Hull_City,Queens_Park_Rangers,1,2,1.1465,1.3234,1,0
League One,2024/2025,2025-01-21,26,Bolton_Wanderers,Charlton_Athletic,1,2,1.8875,0.7819,1,0
Championship,2024/2025,2025-01-21,28,Blackburn_Rovers,Coventry_City,0,2,0.9518,2.735,1,0
Championship,2024/2025,2025-01-21,28,Middlesbrough,West_Bromwich_Albion,2,0,0.9026,0.9588,1,0
League One,2024/2025,2025-01-21,26,Peterborough_United,Exeter_City,1,1,2.1569,1.2308,1,0
Championship,2024/2025,2025-01-22,28,Leeds_United,Norwich_City,2,0,1.3368,0.1228,1,0
Championship,2024/2025,2025-01-22,28,Portsmouth,Stoke_City,3,1,2.116,0.6662,1,0
Championship,2024/2025,2025-01-22,28,Sheffield_Wednesday,Bristol_City,2,2,1.0402,0.9176,1,0
Championship,2024/2025,2025-01-22,28,Plymouth_Argyle,Burnley,0,5,0.3825,2.9345,1,0
League One,2024/2025,2025-01-23,28,Wrexham,Birmingham_City,1,1,1.2866,0.2623,1,0
Championship,2024/2025,2025-01-24,29,Sheffield_United,Hull_City,0,3,1.2705,0.3769,1,0
League One,2024/2025,2025-01-25,28,Cambridge_United,Mansfield_Town,3,2,2.4849,2.0812,1,0
Premier League,2024/2025,2025-01-25,23,Southampton,Newcastle_United,1,3,0.7608,2.9343,1,0
Premier League,2024/2025,2025-01-25,23,Liverpool,Ipswich_Town,4,1,1.9779,0.4792,1,0
Premier League,2024/2025,2025-01-25,23,Brighton_&_Hove_Albion,Everton,0,1,0.7332,0.8476,1,0
Premier League,2024/2025,2025-01-25,23,Wolverhampton_Wanderers,Arsenal,0,1,0.7446,0.9974,1,0
League One,2024/2025,2025-01-25,28,Wycombe_Wanderers,Northampton_Town,0,0,1.5241,0.3577,1,0
League One,2024/2025,2025-01-25,28,Wigan_Athletic,Bristol_Rovers,2,0,1.1254,0.7568,1,0
League One,2024/2025,2025-01-25,28,Lincoln_City,Peterborough_United,5,1,2.2237,0.6818,1,0
League One,2024/2025,2025-01-25,28,Leyton_Orient,Reading,2,0,0.9885,0.1627,1,0
League One,2024/2025,2025-01-25,28,Exeter_City,Blackpool,1,3,0.786,2.2591,1,0
League One,2024/2025,2025-01-25,28,Charlton_Athletic,Shrewsbury_Town,1,0,1.0351,0.594,1,0
League One,2024/2025,2025-01-25,28,Burton_Albion,Rotherham_United,4,2,1.4225,1.5399,1,0
League One,2024/2025,2025-01-25,28,Barnsley,Stevenage,0,1,0.0947,1.7074,1,0
League One,2024/2025,2025-01-25,28,Huddersfield_Town,Bolton_Wanderers,0,1,0.642,0.9085,1,0
League One,2024/2025,2025-01-25,28,Stockport_County,Crawley_Town,2,0,2.3655,0.1915,1,0
Premier League,2024/2025,2025-01-25,23,Manchester_City,Chelsea,3,1,2.5014,1.8002,1,0
Premier League,2024/2025,2025-01-25,23,AFC_Bournemouth,Nottingham_Forest,5,0,1.6945,0.9814,1,0
Championship,2024/2025,2025-01-25,29,Sunderland,Plymouth_Argyle,2,2,0.5866,1.055,1,0
Championship,2024/2025,2025-01-25,29,West_Bromwich_Albion,Portsmouth,5,1,2.9941,1.6974,1,0
Championship,2024/2025,2025-01-25,29,Queens_Park_Rangers,Sheffield_Wednesday,0,2,0.3823,0.9127,1,0
Championship,2024/2025,2025-01-25,29,Preston_North_End,Middlesbrough,2,1,0.4135,1.3285,1,0
Championship,2024/2025,2025-01-25,29,Coventry_City,Watford,2,1,1.4375,0.5975,1,0
Championship,2024/2025,2025-01-25,29,Cardiff_City,Derby_County,2,1,2.2723,1.244,1,0
Championship,2024/2025,2025-01-25,29,Luton_Town,Millwall,0,1,1.4473,1.5757,1,0
Championship,2024/2025,2025-01-25,29,Stoke_City,Oxford_United,0,0,0.3851,1.1705,1,0
Championship,2024/2025,2025-01-25,29,Norwich_City,Swansea_City,5,1,3.0238,1.331,1,0
Championship,2024/2025,2025-01-25,29,Bristol_City,Blackburn_Rovers,2,1,1.932,1.8857,1,0
Premier League,2024/2025,2025-01-26,23,Fulham,Manchester_United,0,1,0.6709,0.2547,1,0
Premier League,2024/2025,2025-01-26,23,Aston_Villa,West_Ham_United,1,1,0.8545,1.3138,1,0
Premier League,2024/2025,2025-01-26,23,Tottenham_Hotspur,Leicester_City,1,2,1.0364,1.5568,1,0
Premier League,2024/2025,2025-01-26,23,Crystal_Palace,Brentford,1,2,1.0781,1.2604,1,0
Championship,2024/2025,2025-01-27,29,Burnley,Leeds_United,0,0,0.1853,0.3579,1,0
League One,2024/2025,2025-01-28,29,Burton_Albion,Reading,3,2,2.4831,1.9704,1,0
League One,2024/2025,2025-01-28,29,Charlton_Athletic,Bristol_Rovers,2,0,2.1982,0.1785,1,0
League One,2024/2025,2025-01-28,29,Exeter_City,Leyton_Orient,2,6,1.0787,2.4415,1,0
League One,2024/2025,2025-01-28,29,Lincoln_City,Blackpool,0,2,1.564,1.2011,1,0
League One,2024/2025,2025-01-28,29,Huddersfield_Town,Birmingham_City,0,1,0.3834,0.8283,1,0
League One,2024/2025,2025-01-28,29,Wycombe_Wanderers,Barnsley,2,1,2.6342,0.8628,1,0
League One,2024/2025,2025-01-28,29,Wrexham,Stevenage,2,3,1.0632,1.6797,1,0
League One,2024/2025,2025-01-28,29,Mansfield_Town,Crawley_Town,0,1,0.9598,1.8851,1,0
League One,2024/2025,2025-01-28,29,Stockport_County,Shrewsbury_Town,1,0,0.5695,0.5566,1,0
League One,2024/2025,2025-01-28,29,Bolton_Wanderers,Northampton_Town,3,1,0.8358,0.4202,1,0
Championship,2024/2025,2025-01-28,17,Portsmouth,Millwall,0,1,1.1771,1.3999,1,0
League One,2024/2025,2025-01-28,29,Rotherham_United,Cambridge_United,2,1,1.2615,0.5799,1,0
League One,2024/2025,2025-01-28,29,Peterborough_United,Wigan_Athletic,1,0,0.544,0.3654,1,0
Championship,2024/2025,2025-01-31,30,Blackburn_Rovers,Preston_North_End,2,1,1.7944,0.8174,1,0
Championship,2024/2025,2025-02-01,30,Watford,Norwich_City,0,1,0.7108,2.5674,1,0
Championship,2024/2025,2025-02-01,30,Swansea_City,Coventry_City,0,2,0.1819,1.7513,1,0
Championship,2024/2025,2025-02-01,30,Sheffield_Wednesday,Luton_Town,1,1,2.7832,0.4,1,0
League One,2024/2025,2025-02-01,30,Barnsley,Burton_Albion,0,0,1.0635,0.4973,1,0
League One,2024/2025,2025-02-01,30,Stevenage,Exeter_City,4,1,2.8408,1.5128,1,0
League One,2024/2025,2025-02-01,30,Birmingham_City,Rotherham_United,2,1,2.66,0.7969,1,0
League One,2024/2025,2025-02-01,30,Blackpool,Charlton_Athletic,2,2,1.1737,1.1924,1,0
League One,2024/2025,2025-02-01,30,Cambridge_United,Wycombe_Wanderers,1,1,1.3694,0.804,1,0
League One,2024/2025,2025-02-01,30,Crawley_Town,Wrexham,1,2,0.9252,1.2254,1,0
League One,2024/2025,2025-02-01,30,Leyton_Orient,Stockport_County,0,1,0.3974,1.0373,1,0
League One,2024/2025,2025-02-01,30,Northampton_Town,Huddersfield_Town,3,2,1.1052,1.2332,1,0
League One,2024/2025,2025-02-01,30,Reading,Bolton_Wanderers,1,0,1.278,1.2317,1,0
League One,2024/2025,2025-02-01,30,Shrewsbury_Town,Mansfield_Town,2,1,0.7543,2.5427,1,0
League One,2024/2025,2025-02-01,30,Wigan_Athletic,Lincoln_City,1,1,0.7902,1.1487,1,0
Championship,2024/2025,2025-02-01,30,Plymouth_Argyle,West_Bromwich_Albion,2,1,1.6759,1.9708,1,0
Championship,2024/2025,2025-02-01,30,Portsmouth,Burnley,0,0,1.2813,0.6231,1,0
Championship,2024/2025,2025-02-01,30,Millwall,Queens_Park_Rangers,2,1,0.6074,0.7889,1,0
Championship,2024/2025,2025-02-01,30,Derby_County,Sheffield_United,0,1,0.706,0.9139,1,0
Championship,2024/2025,2025-02-01,30,Hull_City,Stoke_City,1,2,1.726,1.1873,1,0
Championship,2024/2025,2025-02-01,30,Leeds_United,Cardiff_City,7,0,5.7369,0.0591,1,0
Premier League,2024/2025,2025-02-01,24,Nottingham_Forest,Brighton_&_Hove_Albion,7,0,3.4085,0.8801,1,0
Premier League,2024/2025,2025-02-01,24,AFC_Bournemouth,Liverpool,0,2,1.5842,2.5243,1,0
Championship,2024/2025,2025-02-01,30,Oxford_United,Bristol_City,1,1,1.0056,0.577,1,0
Premier League,2024/2025,2025-02-01,24,Everton,Leicester_City,4,0,2.4642,0.3272,1,0
Premier League,2024/2025,2025-02-01,24,Newcastle_United,Fulham,1,2,0.7503,1.5561,1,0
Premier League,2024/2025,2025-02-01,24,Wolverhampton_Wanderers,Aston_Villa,2,0,1.627,0.4466,1,0
Premier League,2024/2025,2025-02-01,24,Ipswich_Town,Southampton,1,2,1.842,0.9086,1,0
Premier League,2024/2025,2025-02-02,24,Brentford,Tottenham_Hotspur,0,2,2.0592,0.8597,1,0
Premier League,2024/2025,2025-02-02,24,Manchester_United,Crystal_Palace,0,2,1.1248,2.5984,1,0
Premier League,2024/2025,2025-02-02,24,Arsenal,Manchester_City,5,1,1.0028,0.8082,1,0
League One,2024/2025,2025-02-02,30,Bristol_Rovers,Peterborough_United,3,1,2.2009,2.3339,1,0
Premier League,2024/2025,2025-02-03,24,Chelsea,West_Ham_United,2,1,1.6667,1.22,1,0
Championship,2024/2025,2025-02-03,30,Middlesbrough,Sunderland,2,3,1.4293,2.0733,1,0
Championship,2024/2025,2025-02-04,31,Queens_Park_Rangers,Blackburn_Rovers,2,1,1.2714,1.5971,1,0
Championship,2024/2025,2025-02-04,31,Burnley,Oxford_United,1,0,1.6018,0.2533,1,0
Championship,2024/2025,2025-02-05,31,Coventry_City,Leeds_United,0,2,0.5017,3.6365,1,0
League One,2024/2025,2025-02-07,31,Mansfield_Town,Northampton_Town,0,1,1.2888,1.2631,1,0
Championship,2024/2025,2025-02-08,31,Sheffield_United,Portsmouth,2,1,1.1244,3.0596,1,0
Championship,2024/2025,2025-02-08,31,Norwich_City,Derby_County,1,1,0.6862,1.0952,1,0
Championship,2024/2025,2025-02-08,31,West_Bromwich_Albion,Sheffield_Wednesday,2,1,1.5881,1.3824,1,0
League One,2024/2025,2025-02-08,31,Rotherham_United,Shrewsbury_Town,1,2,0.9925,1.5221,1,0
Championship,2024/2025,2025-02-08,31,Sunderland,Watford,2,2,2.9725,1.5379,1,0
League One,2024/2025,2025-02-08,31,Huddersfield_Town,Reading,0,0,0.7008,0.4754,1,0
League One,2024/2025,2025-02-08,31,Burton_Albion,Blackpool,1,1,1.0534,1.0505,1,0
League One,2024/2025,2025-02-08,31,Bolton_Wanderers,Crawley_Town,4,3,1.3244,0.9118,1,0
League One,2024/2025,2025-02-08,31,Stockport_County,Barnsley,2,1,1.5985,1.1145,1,0
League One,2024/2025,2025-02-08,31,Charlton_Athletic,Stevenage,2,0,2.1485,0.0805,1,0
League One,2024/2025,2025-02-08,31,Lincoln_City,Cambridge_United,1,1,1.362,0.3757,1,0
Championship,2024/2025,2025-02-09,31,Bristol_City,Swansea_City,0,1,1.0358,1.7503,1,0
Championship,2024/2025,2025-02-11,32,Derby_County,Oxford_United,0,0,0.8529,0.2537,1,0
Championship,2024/2025,2025-02-11,32,Coventry_City,Queens_Park_Rangers,1,0,1.123,0.8378,1,0
Championship,2024/2025,2025-02-11,32,Portsmouth,Cardiff_City,2,1,1.56,0.8257,1,0
League One,2024/2025,2025-02-11,26,Bristol_Rovers,Stockport_County,1,1,0.767,1.3555,1,0
Championship,2024/2025,2025-02-11,32,Norwich_City,Preston_North_End,0,1,0.7235,0.9919,1,0
League One,2024/2025,2025-02-11,16,Reading,Shrewsbury_Town,1,1,0.8205,1.5754,1,0
League One,2024/2025,2025-02-11,19,Crawley_Town,Stevenage,3,1,2.5629,1.1468,1,0
League One,2024/2025,2025-02-11,19,Blackpool,Rotherham_United,0,0,0.9286,0.7686,1,0
League One,2024/2025,2025-02-11,16,Leyton_Orient,Mansfield_Town,3,0,0.5621,0.3462,1,0
League One,2024/2025,2025-02-11,16,Charlton_Athletic,Peterborough_United,2,1,2.3718,0.9523,1,0
League One,2024/2025,2025-02-11,11,Birmingham_City,Cambridge_United,4,0,3.7178,0.0977,1,0
Championship,2024/2025,2025-02-11,32,Watford,Leeds_United,0,4,0.5599,2.0453,1,0
Championship,2024/2025,2025-02-12,32,Bristol_City,Stoke_City,2,0,1.4994,0.3856,1,0
Championship,2024/2025,2025-02-12,32,Burnley,Hull_City,2,0,1.6189,0.3877,1,0
Championship,2024/2025,2025-02-12,32,Swansea_City,Sheffield_Wednesday,0,1,0.1825,0.8191,1,0
Championship,2024/2025,2025-02-12,32,Sheffield_United,Middlesbrough,3,1,2.6259,1.2922,1,0
Championship,2024/2025,2025-02-12,32,West_Bromwich_Albion,Blackburn_Rovers,0,2,0.5556,0.7024,1,0
Premier League,2024/2025,2025-02-12,15,Everton,Liverpool,2,2,0.9542,0.6229,1,0
Championship,2024/2025,2025-02-12,32,Plymouth_Argyle,Millwall,5,1,2.438,0.8284,1,0
Championship,2024/2025,2025-02-12,32,Sunderland,Luton_Town,2,0,1.3063,0.3086,1,0
Championship,2024/2025,2025-02-14,33,Queens_Park_Rangers,Derby_County,4,0,0.9457,0.8028,1,0
Premier League,2024/2025,2025-02-14,25,Brighton_&_Hove_Albion,Chelsea,3,0,1.4197,0.5402,1,0
Championship,2024/2025,2025-02-15,33,Cardiff_City,Bristol_City,1,1,1.6927,1.0974,1,0
Championship,2024/2025,2025-02-15,33,Preston_North_End,Burnley,0,0,0.2395,0.9993,1,0
Championship,2024/2025,2025-02-15,33,Blackburn_Rovers,Plymouth_Argyle,2,0,2.2132,0.9232,1,0
Championship,2024/2025,2025-02-15,33,Hull_City,Norwich_City,1,1,0.9274,1.4172,1,0
Championship,2024/2025,2025-02-15,33,Luton_Town,Sheffield_United,0,1,1.4525,2.2281,1,0
Championship,2024/2025,2025-02-15,33,Middlesbrough,Watford,0,1,0.913,1.5686,1,0
Championship,2024/2025,2025-02-15,33,Millwall,West_Bromwich_Albion,1,1,0.7162,0.4488,1,0
Championship,2024/2025,2025-02-15,33,Oxford_United,Portsmouth,0,2,1.4185,1.9896,1,0
League One,2024/2025,2025-02-15,32,Wigan_Athletic,Stockport_County,0,2,0.9544,0.9106,1,0
Premier League,2024/2025,2025-02-15,25,West_Ham_United,Brentford,0,1,0.8162,1.6587,1,0
League One,2024/2025,2025-02-15,32,Stevenage,Peterborough_United,1,1,0.7118,0.3395,1,0
League One,2024/2025,2025-02-15,32,Shrewsbury_Town,Bolton_Wanderers,2,3,2.1494,0.893,1,0
League One,2024/2025,2025-02-15,32,Reading,Rotherham_United,2,1,2.6144,1.8874,1,0
League One,2024/2025,2025-02-15,32,Leyton_Orient,Lincoln_City,3,2,2.1814,1.7627,1,0
League One,2024/2025,2025-02-15,32,Crawley_Town,Wycombe_Wanderers,1,1,0.4121,1.0399,1,0
League One,2024/2025,2025-02-15,32,Bristol_Rovers,Burton_Albion,3,1,1.2834,0.8449,1,0
League One,2024/2025,2025-02-15,32,Blackpool,Mansfield_Town,3,3,1.0425,1.5109,1,0
League One,2024/2025,2025-02-15,32,Birmingham_City,Charlton_Athletic,1,0,0.6411,0.351,1,0
League One,2024/2025,2025-02-15,32,Barnsley,Huddersfield_Town,1,2,0.4468,2.2279,1,0
League One,2024/2025,2025-02-15,32,Northampton_Town,Wrexham,0,2,0.4943,1.7202,1,0
League One,2024/2025,2025-02-15,32,Cambridge_United,Exeter_City,0,1,0.6814,0.5567,1,0
Championship,2024/2025,2025-02-15,33,Sheffield_Wednesday,Coventry_City,1,2,1.561,1.5095,1,0
Championship,2024/2025,2025-02-15,33,Stoke_City,Swansea_City,3,1,0.9033,0.8673,1,0
Premier League,2024/2025,2025-02-15,25,Southampton,AFC_Bournemouth,1,3,0.7925,1.1961,1,0
Premier League,2024/2025,2025-02-15,25,Manchester_City,Newcastle_United,4,0,1.9041,0.4827,1,0
Premier League,2024/2025,2025-02-15,25,Fulham,Nottingham_Forest,2,1,2.1753,0.4248,1,0
Premier League,2024/2025,2025-02-15,25,Aston_Villa,Ipswich_Town,1,1,2.42,0.3668,1,0
Premier League,2024/2025,2025-02-15,25,Leicester_City,Arsenal,0,2,0.2201,1.383,1,0
Premier League,2024/2025,2025-02-15,25,Crystal_Palace,Everton,1,2,1.7209,0.9637,1,0
Premier League,2024/2025,2025-02-16,25,Tottenham_Hotspur,Manchester_United,1,0,2.2319,1.5199,1,0
Premier League,2024/2025,2025-02-16,25,Liverpool,Wolverhampton_Wanderers,2,1,1.6639,1.4964,1,0
Championship,2024/2025,2025-02-17,33,Leeds_United,Sunderland,2,1,2.047,0.5224,1,0
League One,2024/2025,2025-02-18,31,Wycombe_Wanderers,Bristol_Rovers,2,0,0.9478,0.0695,1,0
League One,2024/2025,2025-02-18,31,Wrexham,Leyton_Orient,1,2,1.3655,0.7808,1,0
League One,2024/2025,2025-02-18,26,Stevenage,Burton_Albion,0,1,1.8596,1.2178,1,0
League One,2024/2025,2025-02-18,26,Shrewsbury_Town,Huddersfield_Town,0,1,1.1793,1.0523,1,0
League One,2024/2025,2025-02-18,26,Mansfield_Town,Lincoln_City,0,3,0.4272,1.7134,1,0
League One,2024/2025,2025-02-18,26,Crawley_Town,Wigan_Athletic,1,1,0.7892,1.4559,1,0
Championship,2024/2025,2025-02-18,31,Preston_North_End,Millwall,1,1,1.4847,0.3331,1,0
Championship,2024/2025,2025-02-19,31,Luton_Town,Plymouth_Argyle,1,1,1.7406,0.2604,1,0
Premier League,2024/2025,2025-02-19,29,Aston_Villa,Liverpool,2,2,0.6665,2.505,1,0
Championship,2024/2025,2025-02-21,34,Bristol_City,Middlesbrough,2,1,2.3255,1.354,1,0
Championship,2024/2025,2025-02-21,34,Burnley,Sheffield_Wednesday,4,0,1.4565,1.1619,1,0
Premier League,2024/2025,2025-02-21,26,Leicester_City,Brentford,0,4,0.5116,1.5158,1,0
Premier League,2024/2025,2025-02-22,26,Everton,Manchester_United,2,2,1.9078,0.4101,1,0
Premier League,2024/2025,2025-02-22,26,AFC_Bournemouth,Wolverhampton_Wanderers,0,1,0.6241,1.9955,1,0
Premier League,2024/2025,2025-02-22,26,Arsenal,West_Ham_United,0,1,1.2212,1.0656,1,0
Premier League,2024/2025,2025-02-22,26,Fulham,Crystal_Palace,0,2,0.205,1.2928,1,0
Premier League,2024/2025,2025-02-22,26,Ipswich_Town,Tottenham_Hotspur,1,4,1.1548,1.7137,1,0
Premier League,2024/2025,2025-02-22,26,Southampton,Brighton_&_Hove_Albion,0,4,0.1253,3.9679,1,0
Premier League,2024/2025,2025-02-22,26,Aston_Villa,Chelsea,2,1,2.3302,2.303,1,0
League One,2024/2025,2025-02-22,33,Reading,Birmingham_City,0,0,0.4198,1.9293,1,0
League One,2024/2025,2025-02-22,33,Rotherham_United,Barnsley,0,1,0.6357,1.2841,1,0
Championship,2024/2025,2025-02-22,34,Portsmouth,Queens_Park_Rangers,2,1,1.6789,0.71,1,0
League One,2024/2025,2025-02-22,33,Bolton_Wanderers,Leyton_Orient,2,1,1.9278,1.5264,1,0
Championship,2024/2025,2025-02-22,34,West_Bromwich_Albion,Oxford_United,2,0,2.7186,0.2702,1,0
Championship,2024/2025,2025-02-22,34,Swansea_City,Blackburn_Rovers,3,0,2.1091,0.2348,1,0
League One,2024/2025,2025-02-22,33,Blackpool,Crawley_Town,3,1,2.7506,1.7501,1,0
Championship,2024/2025,2025-02-22,34,Coventry_City,Preston_North_End,2,1,1.7756,0.9697,1,0
Championship,2024/2025,2025-02-22,34,Sunderland,Hull_City,0,1,1.1289,0.9152,1,0
Championship,2024/2025,2025-02-22,34,Plymouth_Argyle,Cardiff_City,1,1,0.9767,1.4338,1,0
Championship,2024/2025,2025-02-22,34,Derby_County,Millwall,0,1,0.404,2.3996,1,0
Championship,2024/2025,2025-02-22,34,Norwich_City,Stoke_City,4,2,2.8712,1.6458,1,0
League One,2024/2025,2025-02-22,33,Shrewsbury_Town,Stevenage,0,1,1.6005,0.6322,1,0
League One,2024/2025,2025-02-22,33,Northampton_Town,Bristol_Rovers,2,1,0.6491,0.6907,1,0
League One,2024/2025,2025-02-22,33,Lincoln_City,Burton_Albion,0,1,0.2218,0.5477,1,0
League One,2024/2025,2025-02-22,33,Huddersfield_Town,Peterborough_United,0,1,0.8429,1.0904,1,0
League One,2024/2025,2025-02-22,33,Charlton_Athletic,Exeter_City,3,0,1.3778,0.2903,1,0
League One,2024/2025,2025-02-22,33,Cambridge_United,Stockport_County,2,0,0.2734,2.6368,1,0
League One,2024/2025,2025-02-22,33,Wycombe_Wanderers,Wigan_Athletic,0,0,0.9609,0.2741,1,0
League One,2024/2025,2025-02-23,33,Mansfield_Town,Wrexham,1,2,0.6847,1.2128,1,0
Championship,2024/2025,2025-02-23,34,Watford,Luton_Town,2,0,2.417,0.6944,1,0
Premier League,2024/2025,2025-02-23,26,Manchester_City,Liverpool,0,2,0.6517,0.7086,1,0
Premier League,2024/2025,2025-02-23,26,Newcastle_United,Nottingham_Forest,4,3,2.9087,1.7871,1,0
Championship,2024/2025,2025-02-24,34,Sheffield_United,Leeds_United,1,3,1.2206,1.448,1,0
Premier League,2024/2025,2025-02-25,27,Chelsea,Southampton,4,0,2.5646,0.7231,1,0
Premier League,2024/2025,2025-02-25,27,Wolverhampton_Wanderers,Fulham,1,2,1.3114,1.6932,1,0
Premier League,2024/2025,2025-02-25,27,Crystal_Palace,Aston_Villa,4,1,4.3107,0.3771,1,0
Premier League,2024/2025,2025-02-25,27,Brighton_&_Hove_Albion,AFC_Bournemouth,2,1,2.4221,1.4573,1,0
Championship,2024/2025,2025-02-25,31,Cardiff_City,Hull_City,1,0,0.5056,0.2733,1,0
League One,2024/2025,2025-02-25,26,Northampton_Town,Barnsley,1,2,1.4754,0.6058,1,0
League One,2024/2025,2025-02-25,26,Birmingham_City,Leyton_Orient,2,0,2.9157,0.1015,1,0
League One,2024/2025,2025-02-25,24,Wigan_Athletic,Huddersfield_Town,2,1,0.9327,0.8153,1,0
Championship,2024/2025,2025-02-25,31,Stoke_City,Middlesbrough,1,3,1.1532,2.2786,1,0
Premier League,2024/2025,2025-02-26,27,Liverpool,Newcastle_United,2,0,1.6995,0.2281,1,0
Premier League,2024/2025,2025-02-26,27,Brentford,Everton,1,1,1.4776,1.3698,1,0
Premier League,2024/2025,2025-02-26,27,Nottingham_Forest,Arsenal,0,0,0.4023,0.9869,1,0
Premier League,2024/2025,2025-02-26,27,Tottenham_Hotspur,Manchester_City,0,1,1.3282,2.1173,1,0
Premier League,2024/2025,2025-02-26,27,Manchester_United,Ipswich_Town,3,2,0.7222,1.4286,1,0
Premier League,2024/2025,2025-02-27,27,West_Ham_United,Leicester_City,2,0,1.3279,0.3676,1,0
Championship,2024/2025,2025-02-28,35,Sheffield_Wednesday,Sunderland,1,2,1.1315,1.039,1,0
League One,2024/2025,2025-03-01,34,Leyton_Orient,Charlton_Athletic,1,2,1.458,2.6116,1,0
League One,2024/2025,2025-03-01,34,Peterborough_United,Shrewsbury_Town,3,1,3.4411,1.2434,1,0
League One,2024/2025,2025-03-01,34,Exeter_City,Northampton_Town,1,1,0.4657,0.9493,1,0
League One,2024/2025,2025-03-01,34,Wigan_Athletic,Reading,1,2,0.411,2.0799,1,0
Championship,2024/2025,2025-03-01,35,Blackburn_Rovers,Norwich_City,1,1,1.0593,0.5564,1,0
League One,2024/2025,2025-03-01,34,Stevenage,Huddersfield_Town,1,2,1.3891,1.1169,1,0
Championship,2024/2025,2025-03-01,35,Stoke_City,Watford,0,0,0.6104,0.5149,1,0
Championship,2024/2025,2025-03-01,35,Queens_Park_Rangers,Sheffield_United,1,2,1.4045,0.9105,1,0
Championship,2024/2025,2025-03-01,35,Middlesbrough,Derby_County,1,0,1.0011,0.1983,1,0
League One,2024/2025,2025-03-01,34,Stockport_County,Blackpool,2,1,1.2295,0.8909,1,0
Championship,2024/2025,2025-03-01,35,Oxford_United,Coventry_City,2,3,1.0939,2.6437,1,0
Championship,2024/2025,2025-03-01,35,Leeds_United,West_Bromwich_Albion,1,1,1.2945,0.7656,1,0
League One,2024/2025,2025-03-01,34,Birmingham_City,Wycombe_Wanderers,1,0,0.9309,1.1879,1,0
League One,2024/2025,2025-03-01,34,Crawley_Town,Cambridge_United,0,2,0.8121,0.7483,1,0
League One,2024/2025,2025-03-01,34,Burton_Albion,Mansfield_Town,1,1,0.2303,2.3846,1,0
League One,2024/2025,2025-03-01,34,Wrexham,Bolton_Wanderers,0,0,2.1506,1.1058,1,0
League One,2024/2025,2025-03-01,34,Barnsley,Lincoln_City,4,3,0.9567,1.5277,1,0
League One,2024/2025,2025-03-01,34,Bristol_Rovers,Rotherham_United,2,3,1.1119,2.6244,1,0
Championship,2024/2025,2025-03-01,35,Luton_Town,Portsmouth,1,0,0.7416,0.4567,1,0
League One,2024/2025,2025-03-04,35,Wycombe_Wanderers,Burton_Albion,2,0,2.1102,0.8141,1,0
League One,2024/2025,2025-03-04,35,Reading,Exeter_City,0,0,0.4976,1.3074,1,0
League One,2024/2025,2025-03-04,35,Shrewsbury_Town,Bristol_Rovers,0,0,1.1307,1.1781,1,0
League One,2024/2025,2025-03-04,35,Rotherham_United,Leyton_Orient,1,0,0.7818,1.4742,1,0
League One,2024/2025,2025-03-04,35,Northampton_Town,Stockport_County,1,1,0.2649,0.3806,1,0
League One,2024/2025,2025-03-04,35,Mansfield_Town,Wigan_Athletic,0,0,1.0918,0.3437,1,0
League One,2024/2025,2025-03-04,35,Bolton_Wanderers,Birmingham_City,3,1,1.1454,0.4349,1,0
League One,2024/2025,2025-03-04,35,Lincoln_City,Crawley_Town,4,1,2.2431,0.9323,1,0
League One,2024/2025,2025-03-04,35,Charlton_Athletic,Barnsley,1,0,0.7355,0.3824,1,0
League One,2024/2025,2025-03-04,35,Huddersfield_Town,Wrexham,0,1,0.631,1.7188,1,0
League One,2024/2025,2025-03-04,35,Blackpool,Peterborough_United,0,0,0.896,0.7573,1,0
Championship,2024/2025,2025-03-04,35,Preston_North_End,Swansea_City,0,0,1.8756,0.4851,1,0
Championship,2024/2025,2025-03-04,35,Millwall,Bristol_City,0,2,0.9193,1.8339,1,0
Championship,2024/2025,2025-03-04,35,Hull_City,Plymouth_Argyle,2,0,2.5221,0.2297,1,0
Championship,2024/2025,2025-03-04,35,Cardiff_City,Burnley,1,2,1.2719,1.6338,1,0
League One,2024/2025,2025-03-04,35,Cambridge_United,Stevenage,0,1,0.3029,1.8209,1,0
Championship,2024/2025,2025-03-07,36,Norwich_City,Oxford_United,1,1,1.6895,0.4037,1,0
League One,2024/2025,2025-03-08,36,Crawley_Town,Reading,1,1,0.607,0.5572,1,0
League One,2024/2025,2025-03-08,36,Stockport_County,Charlton_Athletic,0,0,0.9251,0.7824,1,0
Premier League,2024/2025,2025-03-08,28,Brighton_&_Hove_Albion,Fulham,2,1,1.5384,0.9026,1,0
Premier League,2024/2025,2025-03-08,28,Crystal_Palace,Ipswich_Town,1,0,3.2598,1.4842,1,0
Premier League,2024/2025,2025-03-08,28,Liverpool,Southampton,3,1,4.1176,0.3566,1,0
Premier League,2024/2025,2025-03-08,28,Brentford,Aston_Villa,0,1,0.8339,1.325,1,0
Premier League,2024/2025,2025-03-08,28,Nottingham_Forest,Manchester_City,1,0,0.7263,0.8633,1,0
League One,2024/2025,2025-03-08,36,Barnsley,Blackpool,0,3,1.327,3.2305,1,0
Championship,2024/2025,2025-03-08,36,Swansea_City,Middlesbrough,1,0,0.9267,0.3823,1,0
League One,2024/2025,2025-03-08,36,Bristol_Rovers,Huddersfield_Town,1,0,0.9497,1.1945,1,0
Championship,2024/2025,2025-03-08,36,Coventry_City,Stoke_City,3,2,0.9081,2.1552,1,0
Championship,2024/2025,2025-03-08,36,Watford,Millwall,1,2,1.5267,0.6963,1,0
Championship,2024/2025,2025-03-08,36,Bristol_City,Hull_City,1,1,2.413,1.016,1,0
Championship,2024/2025,2025-03-08,36,Burnley,Luton_Town,4,0,2.7402,0.2364,1,0
Championship,2024/2025,2025-03-08,36,Derby_County,Blackburn_Rovers,2,1,2.2346,1.6125,1,0
Championship,2024/2025,2025-03-08,36,Plymouth_Argyle,Sheffield_Wednesday,0,3,0.2565,1.5893,1,0
League One,2024/2025,2025-03-08,36,Wrexham,Rotherham_United,1,0,0.586,0.7472,1,0
League One,2024/2025,2025-03-08,36,Wigan_Athletic,Cambridge_United,1,0,1.325,0.5597,1,0
League One,2024/2025,2025-03-08,36,Stevenage,Mansfield_Town,1,1,1.2729,0.9602,1,0
League One,2024/2025,2025-03-08,36,Peterborough_United,Wycombe_Wanderers,1,1,2.0588,1.3176,1,0
League One,2024/2025,2025-03-08,36,Leyton_Orient,Northampton_Town,1,2,0.4032,0.8572,1,0
League One,2024/2025,2025-03-08,36,Exeter_City,Shrewsbury_Town,2,0,2.3464,0.502,1,0
Championship,2024/2025,2025-03-08,36,Sheffield_United,Preston_North_End,1,0,1.4398,0.2953,1,0
Championship,2024/2025,2025-03-08,36,Sunderland,Cardiff_City,2,1,2.4498,0.5008,1,0
Championship,2024/2025,2025-03-08,36,West_Bromwich_Albion,Queens_Park_Rangers,1,0,0.8608,1.0745,1,0
League One,2024/2025,2025-03-08,36,Burton_Albion,Bolton_Wanderers,1,2,1.02,0.8835,1,0
League One,2024/2025,2025-03-08,36,Birmingham_City,Lincoln_City,1,0,1.9036,0.4889,1,0
Premier League,2024/2025,2025-03-08,28,Wolverhampton_Wanderers,Everton,1,1,0.7705,1.4143,1,0
Championship,2024/2025,2025-03-09,36,Portsmouth,Leeds_United,1,0,0.7189,2.3572,1,0
Premier League,2024/2025,2025-03-09,28,Tottenham_Hotspur,AFC_Bournemouth,2,2,1.5258,2.201,1,0
Premier League,2024/2025,2025-03-09,28,Manchester_United,Arsenal,1,1,1.5193,1.6242,1,0
Premier League,2024/2025,2025-03-09,28,Chelsea,Leicester_City,1,0,1.778,0.1014,1,0
Premier League,2024/2025,2025-03-10,28,West_Ham_United,Newcastle_United,0,1,0.7172,1.4017,1,0
League One,2024/2025,2025-03-11,26,Reading,Wrexham,2,0,1.624,1.0927,1,0
League One,2024/2025,2025-03-11,26,Blackpool,Cambridge_United,2,1,1.1921,0.9626,1,0
League One,2024/2025,2025-03-11,24,Crawley_Town,Charlton_Athletic,0,1,0.4125,1.8705,1,0
League One,2024/2025,2025-03-11,19,Bristol_Rovers,Bolton_Wanderers,3,2,2.4543,1.8191,1,0
League One,2024/2025,2025-03-11,16,Birmingham_City,Stevenage,2,1,1.4122,0.466,1,0
League One,2024/2025,2025-03-11,11,Exeter_City,Mansfield_Town,2,0,1.6997,0.2211,1,0
Championship,2024/2025,2025-03-11,37,Burnley,West_Bromwich_Albion,1,1,1.502,0.6496,1,0
Championship,2024/2025,2025-03-11,37,Derby_County,Coventry_City,2,0,0.7917,0.7206,1,0
Championship,2024/2025,2025-03-11,37,Middlesbrough,Queens_Park_Rangers,2,1,1.1013,0.9312,1,0
Championship,2024/2025,2025-03-11,37,Sunderland,Preston_North_End,1,1,2.0838,0.7916,1,0
Championship,2024/2025,2025-03-11,37,Norwich_City,Sheffield_Wednesday,2,3,1.4939,1.9995,1,0
Championship,2024/2025,2025-03-11,37,Sheffield_United,Bristol_City,1,1,1.3562,1.5573,1,0
Championship,2024/2025,2025-03-11,37,Cardiff_City,Luton_Town,1,2,0.7399,1.0009,1,0
Championship,2024/2025,2025-03-12,37,Stoke_City,Blackburn_Rovers,1,0,1.4109,0.6513,1,0
Championship,2024/2025,2025-03-12,37,Watford,Swansea_City,1,0,0.5843,0.6819,1,0
Championship,2024/2025,2025-03-12,37,Leeds_United,Millwall,2,0,0.9049,0.1976,1,0
Championship,2024/2025,2025-03-12,37,Hull_City,Oxford_United,2,1,1.6568,0.5683,1,0
Championship,2024/2025,2025-03-12,37,Portsmouth,Plymouth_Argyle,1,2,1.7249,0.2546,1,0
Championship,2024/2025,2025-03-14,38,Bristol_City,Norwich_City,2,1,1.0268,2.6591,1,0
Championship,2024/2025,2025-03-15,38,Preston_North_End,Portsmouth,2,1,2.5081,0.5826,1,0
Premier League,2024/2025,2025-03-15,29,Everton,West_Ham_United,1,1,0.9969,0.8345,1,0
League One,2024/2025,2025-03-15,37,Bolton_Wanderers,Stockport_County,0,1,1.5873,0.9695,1,0
League One,2024/2025,2025-03-15,37,Cambridge_United,Peterborough_United,0,1,1.4107,0.5287,1,0
League One,2024/2025,2025-03-15,37,Blackpool,Leyton_Orient,1,2,4.4466,2.276,1,0
League One,2024/2025,2025-03-15,37,Charlton_Athletic,Wigan_Athletic,2,1,1.2268,0.6529,1,0
League One,2024/2025,2025-03-15,37,Huddersfield_Town,Crawley_Town,5,1,2.264,0.8676,1,0
League One,2024/2025,2025-03-15,37,Reading,Stevenage,1,1,0.5364,1.4076,1,0
League One,2024/2025,2025-03-15,37,Mansfield_Town,Barnsley,2,1,1.2509,0.8275,1,0
League One,2024/2025,2025-03-15,37,Northampton_Town,Birmingham_City,1,1,0.9071,1.1649,1,0
Premier League,2024/2025,2025-03-15,29,Ipswich_Town,Nottingham_Forest,2,4,0.4247,1.517,1,0
League One,2024/2025,2025-03-15,37,Rotherham_United,Exeter_City,1,1,2.3341,1.4347,1,0
League One,2024/2025,2025-03-15,37,Shrewsbury_Town,Burton_Albion,0,2,0.8001,2.6059,1,0
League One,2024/2025,2025-03-15,37,Wycombe_Wanderers,Wrexham,0,1,0.9121,0.3919,1,0
League One,2024/2025,2025-03-15,37,Lincoln_City,Bristol_Rovers,5,0,2.5646,0.2894,1,0
Premier League,2024/2025,2025-03-15,29,Manchester_City,Brighton_&_Hove_Albion,2,2,1.7214,2.0367,1,0
Premier League,2024/2025,2025-03-15,29,Southampton,Wolverhampton_Wanderers,1,2,1.3663,0.3619,1,0
Premier League,2024/2025,2025-03-15,29,AFC_Bournemouth,Brentford,1,2,1.6652,0.8333,1,0
Championship,2024/2025,2025-03-15,38,Blackburn_Rovers,Cardiff_City,1,2,0.4764,0.7416,1,0
Championship,2024/2025,2025-03-15,38,Coventry_City,Sunderland,3,0,2.862,0.4425,1,0
Championship,2024/2025,2025-03-15,38,Luton_Town,Middlesbrough,0,0,2.4604,0.2395,1,0
Championship,2024/2025,2025-03-15,38,Oxford_United,Watford,1,0,0.4868,1.3276,1,0
Championship,2024/2025,2025-03-15,38,Plymouth_Argyle,Derby_County,2,3,0.9648,0.9289,1,0
Championship,2024/2025,2025-03-15,38,Queens_Park_Rangers,Leeds_United,2,2,0.7813,1.373,1,0
Championship,2024/2025,2025-03-15,38,Millwall,Stoke_City,1,0,1.1635,0.7039,1,0
Championship,2024/2025,2025-03-15,38,Swansea_City,Burnley,0,2,0.4357,1.9034,1,0
Championship,2024/2025,2025-03-15,38,West_Bromwich_Albion,Hull_City,1,1,0.9906,0.2543,1,0
Premier League,2024/2025,2025-03-16,29,Leicester_City,Manchester_United,0,3,1.0527,0.9124,1,0
Premier League,2024/2025,2025-03-16,29,Arsenal,Chelsea,1,0,0.7147,0.3589,1,0
Premier League,2024/2025,2025-03-16,29,Fulham,Tottenham_Hotspur,2,0,0.972,0.9515,1,0
Championship,2024/2025,2025-03-16,38,Sheffield_Wednesday,Sheffield_United,0,1,1.3016,1.305,1,0
League One,2024/2025,2025-03-18,26,Rotherham_United,Wycombe_Wanderers,2,3,1.9381,1.5122,1,0
League One,2024/2025,2025-03-22,38,Barnsley,Cambridge_United,1,1,1.6529,0.4432,1,0
League One,2024/2025,2025-03-22,38,Crawley_Town,Bristol_Rovers,1,0,1.9337,0.4689,1,0
League One,2024/2025,2025-03-22,38,Peterborough_United,Charlton_Athletic,3,0,2.3198,1.9251,1,0
League One,2024/2025,2025-03-22,38,Wrexham,Stockport_County,1,0,1.2534,0.8578,1,0
League One,2024/2025,2025-03-22,38,Lincoln_City,Exeter_City,0,0,1.38,0.1099,1,0
League One,2024/2025,2025-03-22,38,Northampton_Town,Blackpool,0,2,0.5166,1.419,1,0
League One,2024/2025,2025-03-27,39,Leyton_Orient,Stevenage,1,0,0.2132,0.6682,1,0
Championship,2024/2025,2025-03-28,39,Sheffield_United,Coventry_City,3,1,1.6411,1.1822,1,0
League One,2024/2025,2025-03-29,39,Blackpool,Bolton_Wanderers,2,1,0.9498,1.1272,1,0
League One,2024/2025,2025-03-29,39,Wigan_Athletic,Barnsley,1,1,1.9832,0.3941,1,0
Championship,2024/2025,2025-03-29,39,Hull_City,Luton_Town,0,1,0.6754,0.6904,1,0
Championship,2024/2025,2025-03-29,39,Watford,Plymouth_Argyle,0,0,1.9263,0.5955,1,0
Championship,2024/2025,2025-03-29,39,Cardiff_City,Sheffield_Wednesday,1,1,1.7237,0.4311,1,0
Championship,2024/2025,2025-03-29,39,Leeds_United,Swansea_City,2,2,1.7764,1.5698,1,0
Championship,2024/2025,2025-03-29,39,Middlesbrough,Oxford_United,2,1,2.3999,1.4486,1,0
Championship,2024/2025,2025-03-29,39,Norwich_City,West_Bromwich_Albion,1,0,0.9678,1.2234,1,0
Championship,2024/2025,2025-03-29,39,Portsmouth,Blackburn_Rovers,1,0,0.3114,0.5615,1,0
Championship,2024/2025,2025-03-29,39,Stoke_City,Queens_Park_Rangers,3,1,1.5275,0.5376,1,0
Championship,2024/2025,2025-03-29,39,Sunderland,Millwall,1,0,2.2038,0.8205,1,0
League One,2024/2025,2025-03-29,39,Wycombe_Wanderers,Lincoln_City,1,0,1.5383,0.338,1,0
Championship,2024/2025,2025-03-29,39,Burnley,Bristol_City,1,0,1.8959,0.2907,1,0
League One,2024/2025,2025-03-29,39,Charlton_Athletic,Huddersfield_Town,4,0,1.0406,0.6684,1,0
League One,2024/2025,2025-03-29,39,Stockport_County,Burton_Albion,2,1,2.0227,1.4859,1,0
League One,2024/2025,2025-03-29,39,Birmingham_City,Shrewsbury_Town,4,1,3.2704,0.3708,1,0
League One,2024/2025,2025-03-29,39,Bristol_Rovers,Mansfield_Town,1,2,1.0765,2.8717,1,0
League One,2024/2025,2025-03-29,39,Cambridge_United,Northampton_Town,1,1,0.1347,0.8096,1,0
League One,2024/2025,2025-03-29,39,Exeter_City,Wrexham,0,2,0.4803,1.7628,1,0
League One,2024/2025,2025-03-29,39,Reading,Peterborough_United,3,1,2.0925,2.0626,1,0
League One,2024/2025,2025-03-29,39,Rotherham_United,Crawley_Town,0,4,0.6402,1.5335,1,0
Premier League,2024/2025,2025-04-01,30,Arsenal,Fulham,2,1,2.3762,0.9895,1,0
Premier League,2024/2025,2025-04-01,30,Wolverhampton_Wanderers,West_Ham_United,1,0,1.1812,1.337,1,0
Premier League,2024/2025,2025-04-01,30,Nottingham_Forest,Manchester_United,1,0,0.4753,1.6322,1,0
League One,2024/2025,2025-04-01,40,Wycombe_Wanderers,Shrewsbury_Town,0,0,3.0454,0.1064,1,0
League One,2024/2025,2025-04-01,40,Blackpool,Reading,3,0,2.0006,0.3416,1,0
League One,2024/2025,2025-04-01,40,Bristol_Rovers,Birmingham_City,1,2,2.0167,1.0908,1,0
League One,2024/2025,2025-04-01,40,Barnsley,Exeter_City,1,2,1.6261,1.372,1,0
League One,2024/2025,2025-04-01,40,Stockport_County,Stevenage,3,0,1.8822,1.2369,1,0
League One,2024/2025,2025-04-01,40,Northampton_Town,Rotherham_United,0,2,0.811,2.9094,1,0
League One,2024/2025,2025-04-01,40,Wigan_Athletic,Bolton_Wanderers,0,1,0.617,0.6235,1,0
League One,2024/2025,2025-04-01,40,Lincoln_City,Huddersfield_Town,1,0,1.0463,0.403,1,0
League One,2024/2025,2025-04-01,40,Crawley_Town,Peterborough_United,3,4,1.8703,2.4454,1,0
League One,2024/2025,2025-04-01,40,Cambridge_United,Wrexham,2,2,1.6837,1.3329,1,0
League One,2024/2025,2025-04-01,40,Burton_Albion,Leyton_Orient,2,1,2.1632,1.9281,1,0
League One,2024/2025,2025-04-01,40,Mansfield_Town,Charlton_Athletic,1,2,0.3861,1.1219,1,0
Premier League,2024/2025,2025-04-02,30,Liverpool,Everton,1,0,1.4678,0.665,1,0
Premier League,2024/2025,2025-04-02,30,Manchester_City,Leicester_City,2,0,2.244,0.0729,1,0
Premier League,2024/2025,2025-04-02,30,Brighton_&_Hove_Albion,Aston_Villa,0,3,0.8958,1.2476,1,0
Premier League,2024/2025,2025-04-02,30,AFC_Bournemouth,Ipswich_Town,1,2,1.8739,1.1676,1,0
Championship,2024/2025,2025-04-02,39,Derby_County,Preston_North_End,2,0,0.7389,0.2988,1,0
Premier League,2024/2025,2025-04-02,30,Southampton,Crystal_Palace,1,1,0.6724,0.7433,1,0
Premier League,2024/2025,2025-04-02,30,Newcastle_United,Brentford,2,1,1.287,1.6039,1,0
Premier League,2024/2025,2025-04-03,30,Chelsea,Tottenham_Hotspur,1,0,1.0992,0.8734,1,0
Championship,2024/2025,2025-04-04,40,Blackburn_Rovers,Middlesbrough,0,2,0.4229,0.9202,1,0
League One,2024/2025,2025-04-05,41,Peterborough_United,Northampton_Town,0,4,0.3789,3.5249,1,0
League One,2024/2025,2025-04-05,41,Charlton_Athletic,Lincoln_City,2,2,1.4725,0.4872,1,0
Championship,2024/2025,2025-04-05,40,Coventry_City,Burnley,1,2,1.5046,1.6253,1,0
Championship,2024/2025,2025-04-05,40,Luton_Town,Leeds_United,1,1,0.8997,1.5689,1,0
Championship,2024/2025,2025-04-05,40,West_Bromwich_Albion,Sunderland,0,1,1.7105,0.2299,1,0
Championship,2024/2025,2025-04-05,40,Bristol_City,Watford,2,1,0.6673,0.2807,1,0
Championship,2024/2025,2025-04-05,40,Millwall,Portsmouth,2,1,1.2951,0.6317,1,0
Championship,2024/2025,2025-04-05,40,Oxford_United,Sheffield_United,1,0,1.0898,1.2567,1,0
Championship,2024/2025,2025-04-05,40,Plymouth_Argyle,Norwich_City,2,1,1.7492,1.1409,1,0
Championship,2024/2025,2025-04-05,40,Preston_North_End,Stoke_City,1,1,0.5261,2.4246,1,0
Championship,2024/2025,2025-04-05,40,Queens_Park_Rangers,Cardiff_City,0,0,0.5353,0.5857,1,0
Championship,2024/2025,2025-04-05,40,Sheffield_Wednesday,Hull_City,0,1,1.0513,0.6316,1,0
Championship,2024/2025,2025-04-05,40,Swansea_City,Derby_County,1,0,0.2507,0.6465,1,0
League One,2024/2025,2025-04-05,41,Huddersfield_Town,Mansfield_Town,2,1,0.4274,1.2504,1,0
League One,2024/2025,2025-04-05,41,Exeter_City,Stockport_County,0,2,0.6474,2.5254,1,0
League One,2024/2025,2025-04-05,41,Leyton_Orient,Wigan_Athletic,0,0,1.4106,0.0525,1,0
League One,2024/2025,2025-04-05,41,Birmingham_City,Barnsley,6,2,3.9493,0.5628,1,0
League One,2024/2025,2025-04-05,41,Wrexham,Burton_Albion,3,0,2.6102,0.4555,1,0
League One,2024/2025,2025-04-05,41,Bolton_Wanderers,Bristol_Rovers,1,0,0.3269,0.1303,1,0
Premier League,2024/2025,2025-04-05,31,Aston_Villa,Nottingham_Forest,2,1,3.0275,1.4806,1,0
League One,2024/2025,2025-04-05,41,Rotherham_United,Blackpool,2,1,2.0248,1.1898,1,0
League One,2024/2025,2025-04-05,41,Reading,Wycombe_Wanderers,1,0,0.95,1.074,1,0
Premier League,2024/2025,2025-04-05,31,Everton,Arsenal,1,1,1.0886,1.7916,1,0
Premier League,2024/2025,2025-04-05,31,Crystal_Palace,Brighton_&_Hove_Albion,2,1,0.6046,1.002,1,0
League One,2024/2025,2025-04-05,41,Shrewsbury_Town,Cambridge_United,0,1,1.042,0.967,1,0
League One,2024/2025,2025-04-05,41,Stevenage,Crawley_Town,3,1,0.652,0.4592,1,0
Premier League,2024/2025,2025-04-05,31,West_Ham_United,AFC_Bournemouth,2,2,0.6899,2.1242,1,0
Premier League,2024/2025,2025-04-05,31,Ipswich_Town,Wolverhampton_Wanderers,1,2,0.7973,2.7098,1,0
Premier League,2024/2025,2025-04-06,31,Manchester_United,Manchester_City,0,0,0.9122,0.4874,1,0
Premier League,2024/2025,2025-04-06,31,Tottenham_Hotspur,Southampton,3,1,2.1161,1.0378,1,0
Premier League,2024/2025,2025-04-06,31,Fulham,Liverpool,3,2,0.7434,1.499,1,0
Premier League,2024/2025,2025-04-06,31,Brentford,Chelsea,0,0,1.1849,1.2319,1,0
Premier League,2024/2025,2025-04-07,31,Leicester_City,Newcastle_United,0,3,0.4756,3.2541,1,0
Championship,2024/2025,2025-04-08,41,Watford,Hull_City,1,0,0.6141,0.6749,1,0
Championship,2024/2025,2025-04-08,41,Derby_County,Burnley,0,0,1.3191,0.7661,1,0
Championship,2024/2025,2025-04-08,41,Sheffield_United,Millwall,0,1,1.6233,0.5232,1,0
Championship,2024/2025,2025-04-08,41,Preston_North_End,Cardiff_City,2,2,1.7532,1.0228,1,0
Championship,2024/2025,2025-04-08,41,Middlesbrough,Leeds_United,0,1,1.3195,1.0065,1,0
Championship,2024/2025,2025-04-08,41,Norwich_City,Sunderland,0,0,0.9477,0.7501,1,0
Championship,2024/2025,2025-04-08,41,Stoke_City,Luton_Town,1,1,0.3772,1.0033,1,0
Championship,2024/2025,2025-04-08,41,Bristol_City,West_Bromwich_Albion,2,1,0.8014,1.8654,1,0
League One,2024/2025,2025-04-08,38,Huddersfield_Town,Wycombe_Wanderers,0,1,0.5989,1.045,1,0
League One,2024/2025,2025-04-08,31,Exeter_City,Wigan_Athletic,1,1,0.4639,0.993,1,0
League One,2024/2025,2025-04-08,31,Peterborough_United,Birmingham_City,1,2,0.3841,1.3069,1,0
League One,2024/2025,2025-04-08,38,Bolton_Wanderers,Rotherham_United,0,1,2.9721,0.2435,1,0
League One,2024/2025,2025-04-08,38,Mansfield_Town,Leyton_Orient,2,3,1.577,0.3992,1,0
League One,2024/2025,2025-04-08,38,Shrewsbury_Town,Reading,1,3,1.448,1.2959,1,0
Championship,2024/2025,2025-04-08,41,Blackburn_Rovers,Sheffield_Wednesday,2,2,1.6012,0.9241,1,0
Championship,2024/2025,2025-04-09,41,Swansea_City,Plymouth_Argyle,3,0,2.7028,0.5614,1,0
Championship,2024/2025,2025-04-09,41,Coventry_City,Portsmouth,1,0,1.3347,0.9712,1,0
Championship,2024/2025,2025-04-09,41,Oxford_United,Queens_Park_Rangers,1,3,0.5983,1.4161,1,0
Championship,2024/2025,2025-04-11,42,Burnley,Norwich_City,2,1,0.9394,1.5856,1,0
Premier League,2024/2025,2025-04-12,32,Arsenal,Brentford,1,1,0.9648,0.2437,1,0
Premier League,2024/2025,2025-04-12,32,Southampton,Aston_Villa,0,3,0.3105,3.0275,1,0
Premier League,2024/2025,2025-04-12,32,Nottingham_Forest,Everton,0,1,0.5165,1.3565,1,0
Premier League,2024/2025,2025-04-12,32,Brighton_&_Hove_Albion,Leicester_City,2,2,3.9056,1.4998,1,0
Premier League,2024/2025,2025-04-12,32,Manchester_City,Crystal_Palace,5,2,3.8112,1.8173,1,0
Championship,2024/2025,2025-04-12,42,Leeds_United,Preston_North_End,2,1,3.4296,0.3322,1,0
Championship,2024/2025,2025-04-12,42,Cardiff_City,Stoke_City,0,1,1.525,1.0427,1,0
League One,2024/2025,2025-04-12,42,Wigan_Athletic,Wrexham,0,0,0.3945,0.2893,1,0
League One,2024/2025,2025-04-12,42,Wycombe_Wanderers,Stevenage,1,0,1.3208,0.4925,1,0
League One,2024/2025,2025-04-12,42,Barnsley,Bolton_Wanderers,4,1,1.3738,2.5689,1,0
League One,2024/2025,2025-04-12,42,Bristol_Rovers,Exeter_City,1,2,0.9686,0.629,1,0
League One,2024/2025,2025-04-12,42,Burton_Albion,Huddersfield_Town,3,0,2.1693,0.13,1,0
League One,2024/2025,2025-04-12,42,Cambridge_United,Charlton_Athletic,0,1,1.1172,0.645,1,0
League One,2024/2025,2025-04-12,42,Crawley_Town,Leyton_Orient,1,3,1.4216,2.1427,1,0
League One,2024/2025,2025-04-12,42,Lincoln_City,Shrewsbury_Town,1,1,1.8218,1.2149,1,0
League One,2024/2025,2025-04-12,42,Northampton_Town,Reading,0,0,0.5114,1.0366,1,0
League One,2024/2025,2025-04-12,42,Stockport_County,Rotherham_United,3,1,1.8875,0.3124,1,0
Championship,2024/2025,2025-04-12,42,Plymouth_Argyle,Sheffield_United,2,1,0.8317,0.6319,1,0
Championship,2024/2025,2025-04-12,42,West_Bromwich_Albion,Watford,2,1,1.8156,0.9403,1,0
Championship,2024/2025,2025-04-12,42,Luton_Town,Blackburn_Rovers,0,1,0.7393,0.3977,1,0
Championship,2024/2025,2025-04-12,42,Millwall,Middlesbrough,1,0,1.6255,0.6945,1,0
Championship,2024/2025,2025-04-12,42,Portsmouth,Derby_County,2,2,1.8195,1.4279,1,0
Championship,2024/2025,2025-04-12,42,Queens_Park_Rangers,Bristol_City,1,1,1.8058,0.9257,1,0
Championship,2024/2025,2025-04-12,42,Sheffield_Wednesday,Oxford_United,0,1,0.9817,1.1126,1,0
Championship,2024/2025,2025-04-12,42,Sunderland,Swansea_City,0,1,0.6742,0.8978,1,0
Premier League,2024/2025,2025-04-13,32,Chelsea,Ipswich_Town,2,2,2.2724,1.0748,1,0
Premier League,2024/2025,2025-04-13,32,Liverpool,West_Ham_United,2,1,1.7771,1.5021,1,0
Premier League,2024/2025,2025-04-13,32,Wolverhampton_Wanderers,Tottenham_Hotspur,4,2,2.3862,1.9592,1,0
Premier League,2024/2025,2025-04-13,32,Newcastle_United,Manchester_United,4,1,2.17,0.7204,1,0
Championship,2024/2025,2025-04-14,42,Hull_City,Coventry_City,1,1,0.971,0.9894,1,0
Premier League,2024/2025,2025-04-14,32,AFC_Bournemouth,Fulham,1,0,1.4555,1.0658,1,0
Premier League,2024/2025,2025-04-16,29,Newcastle_United,Crystal_Palace,5,0,1.5357,2.0035,1,0
Championship,2024/2025,2025-04-18,43,Norwich_City,Portsmouth,3,5,1.1725,2.7093,1,0
League One,2024/2025,2025-04-18,43,Birmingham_City,Crawley_Town,0,0,2.1871,0.8399,1,0
Championship,2024/2025,2025-04-18,43,Bristol_City,Sunderland,2,1,2.0026,0.3694,1,0
League One,2024/2025,2025-04-18,43,Bolton_Wanderers,Wycombe_Wanderers,0,2,0.3519,0.8849,1,0
Championship,2024/2025,2025-04-18,43,Blackburn_Rovers,Millwall,4,1,1.7815,1.3681,1,0
Championship,2024/2025,2025-04-18,43,Derby_County,Luton_Town,0,1,1.7538,0.5161,1,0
League One,2024/2025,2025-04-18,43,Exeter_City,Burton_Albion,0,0,0.9441,0.1876,1,0
League One,2024/2025,2025-04-18,43,Charlton_Athletic,Northampton_Town,2,1,1.5693,1.5216,1,0
League One,2024/2025,2025-04-18,43,Peterborough_United,Stockport_County,1,1,0.6634,0.7188,1,0
League One,2024/2025,2025-04-18,43,Leyton_Orient,Barnsley,4,3,2.2188,1.4887,1,0
Championship,2024/2025,2025-04-18,43,Middlesbrough,Plymouth_Argyle,2,1,2.9843,2.0859,1,0
Championship,2024/2025,2025-04-18,43,Coventry_City,West_Bromwich_Albion,2,0,1.1594,0.873,1,0
League One,2024/2025,2025-04-18,43,Rotherham_United,Mansfield_Town,3,3,1.0698,2.6605,1,0
League One,2024/2025,2025-04-18,43,Shrewsbury_Town,Wigan_Athletic,0,1,0.4015,1.1608,1,0
League One,2024/2025,2025-04-18,43,Stevenage,Blackpool,1,3,0.4144,1.4163,1,0
League One,2024/2025,2025-04-18,43,Wrexham,Bristol_Rovers,1,1,0.8754,0.7021,1,0
Championship,2024/2025,2025-04-18,43,Oxford_United,Leeds_United,0,1,0.4443,1.8255,1,0
Championship,2024/2025,2025-04-18,43,Sheffield_United,Cardiff_City,2,0,1.3445,0.8306,1,0
Championship,2024/2025,2025-04-18,43,Watford,Burnley,1,2,1.0463,1.9588,1,0
Championship,2024/2025,2025-04-18,43,Swansea_City,Hull_City,1,0,1.3917,0.555,1,0
Championship,2024/2025,2025-04-18,43,Stoke_City,Sheffield_Wednesday,2,0,1.0479,1.048,1,0
Championship,2024/2025,2025-04-18,43,Preston_North_End,Queens_Park_Rangers,1,2,0.767,1.3974,1,0
League One,2024/2025,2025-04-18,43,Huddersfield_Town,Cambridge_United,1,2,1.7642,0.6969,1,0
League One,2024/2025,2025-04-18,43,Reading,Lincoln_City,0,1,0.3809,0.7894,1,0
Premier League,2024/2025,2025-04-19,33,Brentford,Brighton_&_Hove_Albion,4,2,2.1729,1.434,1,0
Premier League,2024/2025,2025-04-19,33,Crystal_Palace,AFC_Bournemouth,0,0,0.3702,0.7248,1,0
Premier League,2024/2025,2025-04-19,33,Everton,Manchester_City,0,2,0.9113,2.0413,1,0
Premier League,2024/2025,2025-04-19,33,West_Ham_United,Southampton,1,1,0.909,0.6413,1,0
Premier League,2024/2025,2025-04-19,33,Aston_Villa,Newcastle_United,4,1,2.2559,1.0045,1,0
Premier League,2024/2025,2025-04-20,33,Fulham,Chelsea,1,2,0.252,0.9041,1,0
Premier League,2024/2025,2025-04-20,33,Ipswich_Town,Arsenal,0,4,0.1678,2.5457,1,0
Premier League,2024/2025,2025-04-20,33,Manchester_United,Wolverhampton_Wanderers,0,1,1.3206,0.2494,1,0
Premier League,2024/2025,2025-04-20,33,Leicester_City,Liverpool,0,1,0.2738,2.5742,1,0
Championship,2024/2025,2025-04-21,44,Millwall,Norwich_City,3,1,1.7966,0.3519,1,0
Championship,2024/2025,2025-04-21,44,Luton_Town,Bristol_City,3,1,1.3672,0.7026,1,0
Championship,2024/2025,2025-04-21,44,Leeds_United,Stoke_City,6,0,3.4261,0.5931,1,0
Championship,2024/2025,2025-04-21,44,Hull_City,Preston_North_End,2,1,2.319,1.0394,1,0
Championship,2024/2025,2025-04-21,44,Cardiff_City,Oxford_United,1,1,0.9859,0.0734,1,0
League One,2024/2025,2025-04-21,44,Barnsley,Peterborough_United,1,1,0.8136,0.7333,1,0
League One,2024/2025,2025-04-21,44,Blackpool,Wrexham,1,2,0.3182,1.2938,1,0
League One,2024/2025,2025-04-21,44,Crawley_Town,Exeter_City,3,1,2.6195,0.509,1,0
League One,2024/2025,2025-04-21,44,Burton_Albion,Birmingham_City,1,2,0.4103,0.5183,1,0
League One,2024/2025,2025-04-21,44,Cambridge_United,Leyton_Orient,1,2,1.1127,0.8473,1,0
Championship,2024/2025,2025-04-21,44,Plymouth_Argyle,Coventry_City,3,1,2.4787,1.9075,1,0
League One,2024/2025,2025-04-21,44,Lincoln_City,Bolton_Wanderers,4,2,1.6702,0.6628,1,0
League One,2024/2025,2025-04-21,44,Wycombe_Wanderers,Charlton_Athletic,0,4,0.8361,1.5998,1,0
League One,2024/2025,2025-04-21,44,Wigan_Athletic,Rotherham_United,1,0,1.2765,0.9141,1,0
League One,2024/2025,2025-04-21,44,Stockport_County,Huddersfield_Town,2,1,2.0477,1.4493,1,0
League One,2024/2025,2025-04-21,44,Bristol_Rovers,Stevenage,0,1,0.5161,1.67,1,0
Championship,2024/2025,2025-04-21,44,Portsmouth,Watford,1,0,3.1873,0.6451,1,0
Championship,2024/2025,2025-04-21,44,Sunderland,Blackburn_Rovers,0,1,0.8068,0.2926,1,0
Championship,2024/2025,2025-04-21,44,Sheffield_Wednesday,Middlesbrough,2,1,3.5618,2.1178,1,0
Premier League,2024/2025,2025-04-21,33,Tottenham_Hotspur,Nottingham_Forest,1,2,2.1392,0.4804,1,0
Championship,2024/2025,2025-04-21,44,Queens_Park_Rangers,Swansea_City,1,2,0.3113,1.7693,1,0
League One,2024/2025,2025-04-21,44,Mansfield_Town,Reading,1,5,0.9134,2.3242,1,0
Championship,2024/2025,2025-04-21,44,West_Bromwich_Albion,Derby_County,1,3,0.9001,0.8773,1,0
League One,2024/2025,2025-04-21,44,Northampton_Town,Shrewsbury_Town,4,1,1.0676,2.0188,1,0
Championship,2024/2025,2025-04-21,44,Burnley,Sheffield_United,2,1,2.0358,0.8019,1,0
Premier League,2024/2025,2025-04-22,34,Manchester_City,Aston_Villa,2,1,1.332,1.7556,1,0
Premier League,2024/2025,2025-04-23,34,Arsenal,Crystal_Palace,2,2,1.184,1.8061,1,0
League One,2024/2025,2025-04-24,38,Stevenage,Birmingham_City,0,1,1.1629,0.5549,1,0
Championship,2024/2025,2025-04-25,45,Stoke_City,Sheffield_United,0,2,0.7346,2.1579,1,0
Championship,2024/2025,2025-04-26,45,Luton_Town,Coventry_City,1,0,2.3108,0.1411,1,0
Championship,2024/2025,2025-04-26,45,Queens_Park_Rangers,Burnley,0,5,0.472,2.466,1,0
Championship,2024/2025,2025-04-26,45,Blackburn_Rovers,Watford,2,1,1.0161,0.3452,1,0
Championship,2024/2025,2025-04-26,45,Cardiff_City,West_Bromwich_Albion,0,0,1.4215,1.4695,1,0
Championship,2024/2025,2025-04-26,45,Preston_North_End,Plymouth_Argyle,1,2,2.4172,0.7978,1,0
Championship,2024/2025,2025-04-26,45,Oxford_United,Sunderland,2,0,1.611,0.5917,1,0
Championship,2024/2025,2025-04-26,45,Millwall,Swansea_City,1,0,1.6719,1.0263,1,0
Championship,2024/2025,2025-04-26,45,Sheffield_Wednesday,Portsmouth,1,1,1.6058,0.9263,1,0
League One,2024/2025,2025-04-26,45,Leyton_Orient,Wycombe_Wanderers,1,0,1.7183,0.6116,1,0
Championship,2024/2025,2025-04-26,45,Middlesbrough,Norwich_City,0,0,0.6725,0.6386,1,0
Premier League,2024/2025,2025-04-26,34,Chelsea,Everton,1,0,0.8812,0.4417,1,0
Premier League,2024/2025,2025-04-26,34,Brighton_&_Hove_Albion,West_Ham_United,3,2,1.3086,1.2742,1,0
Premier League,2024/2025,2025-04-26,34,Newcastle_United,Ipswich_Town,3,0,2.8503,0.0998,1,0
Premier League,2024/2025,2025-04-26,34,Southampton,Fulham,1,2,0.6282,2.4166,1,0
Premier League,2024/2025,2025-04-26,34,Wolverhampton_Wanderers,Leicester_City,3,0,2.0225,1.1473,1,0
League One,2024/2025,2025-04-26,45,Bristol_Rovers,Reading,0,2,1.0813,1.0101,1,0
League One,2024/2025,2025-04-26,45,Wrexham,Charlton_Athletic,3,0,0.8829,1.2666,1,0
Championship,2024/2025,2025-04-26,45,Hull_City,Derby_County,0,1,0.3996,0.2902,1,0
League One,2024/2025,2025-04-26,45,Stockport_County,Lincoln_City,3,2,2.4692,0.8823,1,0
League One,2024/2025,2025-04-26,45,Barnsley,Shrewsbury_Town,1,2,1.5347,1.4181,1,0
League One,2024/2025,2025-04-26,45,Burton_Albion,Cambridge_United,2,1,0.1851,0.4953,1,0
League One,2024/2025,2025-04-26,45,Crawley_Town,Northampton_Town,3,0,2.5501,0.3046,1,0
League One,2024/2025,2025-04-26,45,Exeter_City,Huddersfield_Town,3,1,1.4382,0.6782,1,0
League One,2024/2025,2025-04-26,45,Wigan_Athletic,Blackpool,1,1,0.5286,1.8447,1,0
League One,2024/2025,2025-04-26,45,Peterborough_United,Bolton_Wanderers,1,1,2.9042,2.764,1,0
League One,2024/2025,2025-04-27,45,Stevenage,Rotherham_United,1,1,1.5927,1.1734,1,0
League One,2024/2025,2025-04-27,45,Birmingham_City,Mansfield_Town,4,0,2.1932,0.3388,1,0
Premier League,2024/2025,2025-04-27,34,Liverpool,Tottenham_Hotspur,5,1,2.2772,0.4568,1,0
Premier League,2024/2025,2025-04-27,34,AFC_Bournemouth,Manchester_United,1,1,0.5273,2.5167,1,0
Championship,2024/2025,2025-04-28,45,Leeds_United,Bristol_City,4,0,3.7036,0.0733,1,0
League One,2024/2025,2025-04-29,38,Burton_Albion,Wigan_Athletic,1,1,1.0254,0.7363,1,0
League One,2024/2025,2025-04-30,42,Blackpool,Birmingham_City,0,2,0.3811,1.8958,1,0
League One,2024/2025,2025-04-30,42,Mansfield_Town,Peterborough_United,4,2,2.0623,0.8215,1,0
Premier League,2024/2025,2025-05-01,34,Nottingham_Forest,Brentford,0,2,0.8987,1.2876,1,0
Premier League,2024/2025,2025-05-02,35,Manchester_City,Wolverhampton_Wanderers,1,0,0.7123,0.3983,1,0
Premier League,2024/2025,2025-05-03,35,Aston_Villa,Fulham,1,0,0.9575,0.8537,1,0
Premier League,2024/2025,2025-05-03,35,Everton,Ipswich_Town,2,2,0.5539,0.8491,1,0
Premier League,2024/2025,2025-05-03,35,Leicester_City,Southampton,2,0,1.402,0.5329,1,0
Premier League,2024/2025,2025-05-03,35,Arsenal,AFC_Bournemouth,1,2,1.4174,0.9662,1,0
Championship,2024/2025,2025-05-03,46,Swansea_City,Oxford_United,3,3,1.1709,1.9151,1,0
Championship,2024/2025,2025-05-03,46,Burnley,Millwall,3,1,2.2614,1.5142,1,0
League One,2024/2025,2025-05-03,46,Blackpool,Bristol_Rovers,4,1,2.3366,0.971,1,0
League One,2024/2025,2025-05-03,46,Bolton_Wanderers,Stevenage,1,1,2.1911,0.9436,1,0
League One,2024/2025,2025-05-03,46,Cambridge_United,Birmingham_City,1,2,0.5553,0.7259,1,0
League One,2024/2025,2025-05-03,46,Charlton_Athletic,Burton_Albion,3,1,1.8876,1.3466,1,0
League One,2024/2025,2025-05-03,46,Huddersfield_Town,Leyton_Orient,1,4,1.3619,2.0245,1,0
League One,2024/2025,2025-05-03,46,Lincoln_City,Wrexham,0,2,1.612,1.3638,1,0
League One,2024/2025,2025-05-03,46,Mansfield_Town,Exeter_City,3,0,2.978,1.4188,1,0
League One,2024/2025,2025-05-03,46,Reading,Barnsley,2,4,1.2533,1.8033,1,0
League One,2024/2025,2025-05-03,46,Rotherham_United,Peterborough_United,2,1,1.7221,0.6354,1,0
League One,2024/2025,2025-05-03,46,Shrewsbury_Town,Crawley_Town,1,2,1.2725,1.6427,1,0
League One,2024/2025,2025-05-03,46,Northampton_Town,Wigan_Athletic,1,1,0.2128,1.035,1,0
Championship,2024/2025,2025-05-03,46,West_Bromwich_Albion,Luton_Town,5,3,2.1752,0.5436,1,0
Championship,2024/2025,2025-05-03,46,Coventry_City,Middlesbrough,2,0,1.9789,1.4713,1,0
League One,2024/2025,2025-05-03,46,Wycombe_Wanderers,Stockport_County,1,3,1.826,2.1796,1,0
Championship,2024/2025,2025-05-03,46,Norwich_City,Cardiff_City,4,2,2.9655,1.7719,1,0
Championship,2024/2025,2025-05-03,46,Plymouth_Argyle,Leeds_United,1,2,0.4925,3.085,1,0
Championship,2024/2025,2025-05-03,46,Portsmouth,Hull_City,1,1,0.7829,2.2784,1,0
Championship,2024/2025,2025-05-03,46,Derby_County,Stoke_City,0,0,1.4862,0.2455,1,0
Championship,2024/2025,2025-05-03,46,Sunderland,Queens_Park_Rangers,0,1,0.572,0.3628,1,0
Championship,2024/2025,2025-05-03,46,Bristol_City,Preston_North_End,2,2,1.8932,1.4642,1,0
Championship,2024/2025,2025-05-03,46,Watford,Sheffield_Wednesday,1,1,1.5622,1.5196,1,0
Championship,2024/2025,2025-05-03,46,Sheffield_United,Blackburn_Rovers,1,1,2.5123,0.5964,1,0
Premier League,2024/2025,2025-05-04,35,Brentford,Manchester_United,4,3,2.7954,1.5564,1,0
Premier League,2024/2025,2025-05-04,35,Brighton_&_Hove_Albion,Newcastle_United,1,1,0.6877,1.8677,1,0
Premier League,2024/2025,2025-05-04,35,West_Ham_United,Tottenham_Hotspur,1,1,0.8422,0.7747,1,0
Premier League,2024/2025,2025-05-04,35,Chelsea,Liverpool,3,1,3.1339,1.049,1,0
Premier League,2024/2025,2025-05-05,35,Crystal_Palace,Nottingham_Forest,1,1,2.3219,0.7299,1,0
Premier League,2024/2025,2025-05-10,36,Wolverhampton_Wanderers,Brighton_&_Hove_Albion,0,2,0.9103,1.572,1,0
Premier League,2024/2025,2025-05-10,36,Ipswich_Town,Brentford,0,1,0.9302,1.4129,1,0
Premier League,2024/2025,2025-05-10,36,Southampton,Manchester_City,0,0,0.101,1.8228,1,0
Premier League,2024/2025,2025-05-10,36,AFC_Bournemouth,Aston_Villa,0,1,0.8011,0.9787,1,0
Premier League,2024/2025,2025-05-10,36,Fulham,Everton,1,3,0.7855,1.1223,1,0
Premier League,2024/2025,2025-05-11,36,Nottingham_Forest,Leicester_City,2,2,1.3026,1.0523,1,0
Premier League,2024/2025,2025-05-11,36,Manchester_United,West_Ham_United,0,2,2.2343,1.7601,1,0
Premier League,2024/2025,2025-05-11,36,Newcastle_United,Chelsea,2,0,1.565,0.6895,1,0
Premier League,2024/2025,2025-05-11,36,Liverpool,Arsenal,2,2,2.389,2.5759,1,0
Premier League,2024/2025,2025-05-11,36,Tottenham_Hotspur,Crystal_Palace,0,2,0.7312,3.3642,1,0
Premier League,2024/2025,2025-05-16,37,Aston_Villa,Tottenham_Hotspur,2,0,1.389,0.5129,1,0
Premier League,2024/2025,2025-05-16,37,Chelsea,Manchester_United,1,0,0.8158,0.2913,1,0
Premier League,2024/2025,2025-05-18,37,Arsenal,Newcastle_United,1,0,0.6397,1.8591,1,0
Premier League,2024/2025,2025-05-18,37,Leicester_City,Ipswich_Town,2,0,0.8048,1.4058,1,0
Premier League,2024/2025,2025-05-18,37,Brentford,Fulham,2,3,2.8717,0.9946,1,0
Premier League,2024/2025,2025-05-18,37,West_Ham_United,Nottingham_Forest,1,2,1.1276,1.9581,1,0
Premier League,2024/2025,2025-05-18,37,Everton,Southampton,2,0,2.7285,1.2126,1,0
Premier League,2024/2025,2025-05-19,37,Brighton_&_Hove_Albion,Liverpool,3,2,2.1969,2.235,1,0
Premier League,2024/2025,2025-05-20,37,Crystal_Palace,Wolverhampton_Wanderers,4,2,1.6573,1.4136,1,0
Premier League,2024/2025,2025-05-20,37,Manchester_City,AFC_Bournemouth,3,1,1.5373,1.1234,1,0
Premier League,2024/2025,2025-05-25,38,Tottenham_Hotspur,Brighton_&_Hove_Albion,1,4,2.0348,2.2396,1,0
Premier League,2024/2025,2025-05-25,38,Southampton,Arsenal,1,2,0.6174,2.3876,1,0
Premier League,2024/2025,2025-05-25,38,Nottingham_Forest,Chelsea,0,1,1.1952,1.0857,1,0
Premier League,2024/2025,2025-05-25,38,Newcastle_United,Everton,0,1,1.2708,1.161,1,0
Premier League,2024/2025,2025-05-25,38,Liverpool,Crystal_Palace,1,1,2.1393,1.7736,1,0
Premier League,2024/2025,2025-05-25,38,Ipswich_Town,West_Ham_United,1,3,0.7439,1.0813,1,0
Premier League,2024/2025,2025-05-25,38,Fulham,Manchester_City,0,2,1.2837,2.9902,1,0
Premier League,2024/2025,2025-05-25,38,AFC_Bournemouth,Leicester_City,2,0,1.6219,0.2663,1,0
Premier League,2024/2025,2025-05-25,38,Wolverhampton_Wanderers,Brentford,1,1,1.0426,1.4321,1,0
Premier League,2024/2025,2025-05-25,38,Manchester_United,Aston_Villa,2,0,2.9731,0.3942,1,0
League One,2025/2026,2025-08-01,1,Luton_Town,AFC_Wimbledon,1,0,0.5296,0.0302,1,0
League One,2025/2026,2025-08-02,1,Bradford_City,Wycombe_Wanderers,2,1,1.6462,1.9975,1,0
League One,2025/2026,2025-08-02,1,Cardiff_City,Peterborough_United,2,1,1.4753,0.9954,1,0
League One,2025/2026,2025-08-02,1,Blackpool,Stevenage,2,3,1.1145,1.9397,1,0
League One,2025/2026,2025-08-02,1,Burton_Albion,Mansfield_Town,2,1,0.9051,1.6047,1,0
League One,2025/2026,2025-08-02,1,Doncaster_Rovers,Exeter_City,1,0,2.4195,0.3942,1,0
League One,2025/2026,2025-08-02,1,Huddersfield_Town,Leyton_Orient,3,0,2.6699,1.0199,1,0
League One,2025/2026,2025-08-02,1,Lincoln_City,Reading,2,0,1.5565,0.3483,1,0
League One,2025/2026,2025-08-02,1,Plymouth_Argyle,Barnsley,1,3,1.3045,1.2117,1,0
League One,2025/2026,2025-08-02,1,Rotherham_United,Port_Vale,2,1,0.906,1.7885,1,0
League One,2025/2026,2025-08-02,1,Wigan_Athletic,Northampton_Town,3,1,2.3892,0.8517,1,0
League One,2025/2026,2025-08-03,1,Stockport_County,Bolton_Wanderers,2,0,0.9102,0.8107,1,0
League One,2025/2026,2025-08-07,2,Port_Vale,Cardiff_City,0,0,0.7027,0.5276,1,0
Championship,2025/2026,2025-08-08,1,Birmingham_City,Ipswich_Town,1,1,1.1347,1.2633,1,0
League One,2025/2026,2025-08-09,2,Reading,Huddersfield_Town,0,2,0.8844,1.1015,1,0
League One,2025/2026,2025-08-09,2,AFC_Wimbledon,Lincoln_City,2,0,2.0113,0.3169,1,0
League One,2025/2026,2025-08-09,2,Barnsley,Burton_Albion,3,2,2.5484,1.9632,1,0
League One,2025/2026,2025-08-09,2,Bolton_Wanderers,Plymouth_Argyle,2,0,1.6188,0.2355,1,0
League One,2025/2026,2025-08-09,2,Exeter_City,Blackpool,4,1,2.9223,0.7234,1,0
League One,2025/2026,2025-08-09,2,Leyton_Orient,Wigan_Athletic,2,0,0.7846,0.1823,1,0
League One,2025/2026,2025-08-09,2,Stevenage,Rotherham_United,1,0,1.207,0.2851,1,0
League One,2025/2026,2025-08-09,2,Northampton_Town,Bradford_City,0,0,0.1685,1.0684,1,0
League One,2025/2026,2025-08-09,2,Peterborough_United,Luton_Town,0,2,0.2893,1.4404,1,0
League One,2025/2026,2025-08-09,2,Wycombe_Wanderers,Stockport_County,1,2,1.3894,1.2226,1,0
League One,2025/2026,2025-08-09,2,Mansfield_Town,Doncaster_Rovers,1,2,0.3559,1.3754,1,0
Championship,2025/2026,2025-08-09,1,Queens_Park_Rangers,Preston_North_End,1,1,0.941,0.8396,1,0
Championship,2025/2026,2025-08-09,1,Charlton_Athletic,Watford,1,0,1.1575,0.7242,1,0
Championship,2025/2026,2025-08-09,1,Coventry_City,Hull_City,0,0,1.428,0.4294,1,0
Championship,2025/2026,2025-08-09,1,Southampton,Wrexham,2,1,4.1381,1.8823,1,0
Championship,2025/2026,2025-08-09,1,Middlesbrough,Swansea_City,1,0,0.3453,0.097,1,0
Championship,2025/2026,2025-08-09,1,Norwich_City,Millwall,1,2,1.0424,2.0891,1,0
Championship,2025/2026,2025-08-09,1,Oxford_United,Portsmouth,0,1,1.3553,1.2105,1,0
Championship,2025/2026,2025-08-09,1,Stoke_City,Derby_County,3,1,1.093,0.3944,1,0
Championship,2025/2026,2025-08-09,1,West_Bromwich_Albion,Blackburn_Rovers,1,0,1.19,0.7101,1,0
Championship,2025/2026,2025-08-09,1,Sheffield_United,Bristol_City,1,4,2.2976,1.3033,1,0
Championship,2025/2026,2025-08-10,1,Leicester_City,Sheffield_Wednesday,2,1,2.5446,0.6175,1,0
Premier League,2025/2026,2025-08-15,1,Liverpool,AFC_Bournemouth,4,2,2.2098,1.6986,1,0
Championship,2025/2026,2025-08-16,2,Bristol_City,Charlton_Athletic,0,0,0.7294,0.9569,1,0
Premier League,2025/2026,2025-08-16,1,Tottenham_Hotspur,Burnley,3,0,2.3224,0.9356,1,0
Premier League,2025/2026,2025-08-16,1,Sunderland,West_Ham_United,3,0,0.7534,0.5619,1,0
Premier League,2025/2026,2025-08-16,1,Brighton_&_Hove_Albion,Fulham,1,1,1.4766,0.7603,1,0
Premier League,2025/2026,2025-08-16,1,Aston_Villa,Newcastle_United,0,0,0.2036,1.4325,1,0
Championship,2025/2026,2025-08-16,2,Derby_County,Coventry_City,3,5,1.4273,3.2422,1,0
Championship,2025/2026,2025-08-16,2,Portsmouth,Norwich_City,1,2,1.7626,1.9646,1,0
League One,2025/2026,2025-08-16,3,Burton_Albion,Port_Vale,0,0,1.3726,0.7851,1,0
Championship,2025/2026,2025-08-16,2,Wrexham,West_Bromwich_Albion,2,3,2.0132,2.3655,1,0
Premier League,2025/2026,2025-08-16,1,Wolverhampton_Wanderers,Manchester_City,0,4,0.5589,2.4666,1,0
Championship,2025/2026,2025-08-16,2,Swansea_City,Sheffield_United,1,0,1.34,0.5816,1,0
Championship,2025/2026,2025-08-16,2,Sheffield_Wednesday,Stoke_City,0,3,1.502,2.0597,1,0
Championship,2025/2026,2025-08-16,2,Preston_North_End,Leicester_City,2,1,2.4822,0.9237,1,0
Championship,2025/2026,2025-08-16,2,Millwall,Middlesbrough,0,3,0.6015,0.9885,1,0
Championship,2025/2026,2025-08-16,2,Blackburn_Rovers,Birmingham_City,1,2,0.4263,1.9992,1,0
Championship,2025/2026,2025-08-16,2,Watford,Queens_Park_Rangers,2,1,2.0619,0.5015,1,0
League One,2025/2026,2025-08-16,3,Exeter_City,Mansfield_Town,1,2,1.5474,1.0702,1,0
League One,2025/2026,2025-08-16,3,Barnsley,Bolton_Wanderers,1,1,0.7566,1.5522,1,0
League One,2025/2026,2025-08-16,3,Blackpool,Huddersfield_Town,3,2,0.7992,0.6345,1,0
League One,2025/2026,2025-08-16,3,Bradford_City,Luton_Town,2,1,2.091,0.3735,1,0
League One,2025/2026,2025-08-16,3,Cardiff_City,Rotherham_United,3,0,2.1082,0.0325,1,0
League One,2025/2026,2025-08-16,3,Doncaster_Rovers,Wycombe_Wanderers,1,1,1.0228,0.4246,1,0
League One,2025/2026,2025-08-16,3,Leyton_Orient,Stockport_County,2,2,1.6296,0.7956,1,0
League One,2025/2026,2025-08-16,3,Lincoln_City,Plymouth_Argyle,3,2,2.5783,1.1963,1,0
League One,2025/2026,2025-08-16,3,Reading,AFC_Wimbledon,1,2,0.9714,0.7332,1,0
League One,2025/2026,2025-08-16,3,Stevenage,Northampton_Town,2,0,1.2741,0.7768,1,0
League One,2025/2026,2025-08-16,3,Wigan_Athletic,Peterborough_United,2,0,1.2642,1.0647,1,0
Premier League,2025/2026,2025-08-17,1,Manchester_United,Arsenal,0,1,1.524,1.3073,1,0
Championship,2025/2026,2025-08-17,2,Ipswich_Town,Southampton,1,1,1.6431,0.7524,1,0
Championship,2025/2026,2025-08-17,2,Hull_City,Oxford_United,3,2,1.9084,1.0155,1,0
Premier League,2025/2026,2025-08-17,1,Nottingham_Forest,Brentford,3,1,1.8283,1.4922,1,0
Premier League,2025/2026,2025-08-17,1,Chelsea,Crystal_Palace,0,0,1.6046,0.6573,1,0
Premier League,2025/2026,2025-08-18,1,Leeds_United,Everton,1,0,2.132,0.8028,1,0
League One,2025/2026,2025-08-19,4,Northampton_Town,Lincoln_City,0,1,1.0233,0.1693,1,0
League One,2025/2026,2025-08-19,4,Peterborough_United,Barnsley,0,1,0.5418,1.7657,1,0
League One,2025/2026,2025-08-19,4,Stockport_County,Bradford_City,1,2,1.3699,1.3435,1,0
League One,2025/2026,2025-08-19,4,AFC_Wimbledon,Cardiff_City,0,1,0.5983,1.4962,1,0
League One,2025/2026,2025-08-19,4,Wycombe_Wanderers,Exeter_City,0,1,1.4805,0.2074,1,0
League One,2025/2026,2025-08-19,4,Luton_Town,Wigan_Athletic,1,0,0.923,1.0009,1,0
League One,2025/2026,2025-08-19,4,Port_Vale,Stevenage,1,2,1.0971,1.2848,1,0
League One,2025/2026,2025-08-19,4,Plymouth_Argyle,Leyton_Orient,0,1,0.6617,1.0873,1,0
League One,2025/2026,2025-08-19,4,Mansfield_Town,Blackpool,2,0,1.8094,0.2989,1,0
League One,2025/2026,2025-08-19,4,Huddersfield_Town,Doncaster_Rovers,2,0,1.6292,0.836,1,0
League One,2025/2026,2025-08-20,4,Bolton_Wanderers,Reading,1,1,1.1146,0.3389,1,0
Premier League,2025/2026,2025-08-22,2,West_Ham_United,Chelsea,1,5,0.7264,2.7427,1,0
Championship,2025/2026,2025-08-22,3,Derby_County,Bristol_City,1,1,0.5004,0.7354,1,0
Premier League,2025/2026,2025-08-23,2,Arsenal,Leeds_United,5,0,2.8787,0.1666,1,0
Premier League,2025/2026,2025-08-23,2,Burnley,Sunderland,2,0,0.9958,0.7732,1,0
Premier League,2025/2026,2025-08-23,2,Brentford,Aston_Villa,1,0,1.2127,1.1903,1,0
Premier League,2025/2026,2025-08-23,2,AFC_Bournemouth,Wolverhampton_Wanderers,1,0,1.2912,0.4647,1,0
Premier League,2025/2026,2025-08-23,2,Manchester_City,Tottenham_Hotspur,0,2,1.5525,1.1081,1,0
Championship,2025/2026,2025-08-23,3,Hull_City,Blackburn_Rovers,0,3,0.5187,3.0297,1,0
Championship,2025/2026,2025-08-23,3,Swansea_City,Watford,1,1,0.6784,0.4076,1,0
League One,2025/2026,2025-08-23,5,Luton_Town,Cardiff_City,0,1,1.5036,1.7715,1,0
League One,2025/2026,2025-08-23,5,Rotherham_United,Wigan_Athletic,2,2,1.3837,3.0563,1,0
League One,2025/2026,2025-08-23,5,AFC_Wimbledon,Barnsley,2,0,1.6881,1.4569,1,0
League One,2025/2026,2025-08-23,5,Bolton_Wanderers,Lincoln_City,1,1,1.6882,0.6614,1,0
League One,2025/2026,2025-08-23,5,Huddersfield_Town,Stevenage,1,0,1.424,0.5127,1,0
League One,2025/2026,2025-08-23,5,Mansfield_Town,Leyton_Orient,4,1,2.4219,0.7722,1,0
League One,2025/2026,2025-08-23,5,Northampton_Town,Exeter_City,2,0,1.0833,0.1527,1,0
League One,2025/2026,2025-08-23,5,Peterborough_United,Bradford_City,1,1,0.8728,1.4725,1,0
League One,2025/2026,2025-08-23,5,Plymouth_Argyle,Blackpool,1,0,1.8688,0.6626,1,0
League One,2025/2026,2025-08-23,5,Port_Vale,Doncaster_Rovers,0,1,1.4562,0.7921,1,0
League One,2025/2026,2025-08-23,5,Stockport_County,Burton_Albion,2,1,1.0026,2.9892,1,0
League One,2025/2026,2025-08-23,5,Wycombe_Wanderers,Reading,2,2,1.507,1.148,1,0
Championship,2025/2026,2025-08-23,3,Wrexham,Sheffield_Wednesday,2,2,1.2979,2.6709,1,0
Championship,2025/2026,2025-08-23,3,West_Bromwich_Albion,Portsmouth,1,1,0.589,0.936,1,0
Championship,2025/2026,2025-08-23,3,Southampton,Stoke_City,1,2,2.5868,1.4995,1,0
Championship,2025/2026,2025-08-23,3,Sheffield_United,Millwall,0,1,1.2997,1.4016,1,0
Championship,2025/2026,2025-08-23,3,Preston_North_End,Ipswich_Town,1,0,0.8367,1.3889,1,0
Championship,2025/2026,2025-08-23,3,Norwich_City,Middlesbrough,1,2,1.1819,1.5146,1,0
Championship,2025/2026,2025-08-23,3,Coventry_City,Queens_Park_Rangers,7,1,1.2689,0.6145,1,0
Championship,2025/2026,2025-08-23,3,Birmingham_City,Oxford_United,1,0,1.6531,0.3846,1,0
Championship,2025/2026,2025-08-23,3,Charlton_Athletic,Leicester_City,0,1,1.6203,0.4931,1,0
Premier League,2025/2026,2025-08-24,2,Everton,Brighton_&_Hove_Albion,2,0,1.596,2.4331,1,0
Premier League,2025/2026,2025-08-24,2,Fulham,Manchester_United,1,1,1.7567,1.6266,1,0
Premier League,2025/2026,2025-08-24,2,Crystal_Palace,Nottingham_Forest,1,1,1.1023,0.9296,1,0
Premier League,2025/2026,2025-08-25,2,Newcastle_United,Liverpool,2,3,0.9815,0.6928,1,0
Championship,2025/2026,2025-08-29,4,Leicester_City,Birmingham_City,2,0,0.6684,0.8973,1,0
Championship,2025/2026,2025-08-30,4,Millwall,Wrexham,0,2,1.9561,0.5307,1,0
Championship,2025/2026,2025-08-30,4,Ipswich_Town,Derby_County,2,2,2.9061,1.4835,1,0
Championship,2025/2026,2025-08-30,4,Bristol_City,Hull_City,4,2,3.4897,2.5985,1,0
Championship,2025/2026,2025-08-30,4,Blackburn_Rovers,Norwich_City,0,2,1.9163,2.0862,1,0
Championship,2025/2026,2025-08-30,4,Stoke_City,West_Bromwich_Albion,0,1,0.954,0.6593,1,0
Championship,2025/2026,2025-08-30,4,Queens_Park_Rangers,Charlton_Athletic,3,1,1.4259,0.8412,1,0
Championship,2025/2026,2025-08-30,4,Middlesbrough,Sheffield_United,1,0,1.4815,0.6377,1,0
League One,2025/2026,2025-08-30,6,Doncaster_Rovers,Rotherham_United,1,0,1.0269,0.6921,1,0
League One,2025/2026,2025-08-30,6,Barnsley,Huddersfield_Town,3,1,1.2457,1.3236,1,0
League One,2025/2026,2025-08-30,6,Blackpool,Bolton_Wanderers,1,1,0.4093,1.2854,1,0
League One,2025/2026,2025-08-30,6,Bradford_City,AFC_Wimbledon,3,2,2.8467,1.1843,1,0
League One,2025/2026,2025-08-30,6,Burton_Albion,Luton_Town,0,3,0.8705,1.817,1,0
League One,2025/2026,2025-08-30,6,Exeter_City,Peterborough_United,3,0,0.7843,0.2028,1,0
League One,2025/2026,2025-08-30,6,Leyton_Orient,Northampton_Town,0,1,0.3291,1.3744,1,0
League One,2025/2026,2025-08-30,6,Reading,Port_Vale,1,0,0.6218,1.0387,1,0
League One,2025/2026,2025-08-30,6,Stevenage,Wycombe_Wanderers,1,0,1.0047,0.6707,1,0
League One,2025/2026,2025-08-30,6,Wigan_Athletic,Stockport_County,1,1,1.9009,0.6117,1,0
League One,2025/2026,2025-08-30,6,Lincoln_City,Mansfield_Town,1,1,1.3855,1.4593,1,0
Championship,2025/2026,2025-08-30,4,Oxford_United,Coventry_City,2,2,1.0445,1.7381,1,0
Championship,2025/2026,2025-08-30,4,Portsmouth,Preston_North_End,1,0,1.5814,1.0102,1,0
Premier League,2025/2026,2025-08-30,3,Leeds_United,Newcastle_United,0,0,0.6877,0.4602,1,0
Championship,2025/2026,2025-08-30,4,Watford,Southampton,2,2,0.5514,1.8148,1,0
Championship,2025/2026,2025-08-30,4,Sheffield_Wednesday,Swansea_City,0,2,0.4535,1.3146,1,0
Premier League,2025/2026,2025-08-30,3,Tottenham_Hotspur,AFC_Bournemouth,0,1,0.1872,1.5863,1,0
Premier League,2025/2026,2025-08-30,3,Sunderland,Brentford,2,1,1.5429,1.1977,1,0
Premier League,2025/2026,2025-08-30,3,Manchester_United,Burnley,3,2,3.6274,1.2049,1,0
Premier League,2025/2026,2025-08-30,3,Chelsea,Fulham,2,0,2.3502,1.023,1,0
League One,2025/2026,2025-08-30,6,Cardiff_City,Plymouth_Argyle,4,0,1.5232,0.3689,1,0
Premier League,2025/2026,2025-08-30,3,Wolverhampton_Wanderers,Everton,2,3,1.1065,1.932,1,0
Premier League,2025/2026,2025-08-31,3,Brighton_&_Hove_Albion,Manchester_City,2,1,2.2975,1.8202,1,0
Premier League,2025/2026,2025-08-31,3,Aston_Villa,Crystal_Palace,0,3,1.1405,2.6496,1,0
Premier League,2025/2026,2025-08-31,3,Liverpool,Arsenal,1,0,0.5249,0.4853,1,0
Premier League,2025/2026,2025-08-31,3,Nottingham_Forest,West_Ham_United,0,3,0.7335,2.4203,1,0
League One,2025/2026,2025-09-06,7,Wycombe_Wanderers,Mansfield_Town,2,0,1.763,0.6358,1,0
League One,2025/2026,2025-09-06,7,Rotherham_United,Exeter_City,1,0,1.245,0.4076,1,0
League One,2025/2026,2025-09-06,7,Port_Vale,Leyton_Orient,2,3,2.428,1.6862,1,0
League One,2025/2026,2025-09-06,7,Plymouth_Argyle,Stockport_County,4,2,1.5222,1.2947,1,0
League One,2025/2026,2025-09-06,7,Huddersfield_Town,Peterborough_United,3,2,2.3178,1.0179,1,0
League One,2025/2026,2025-09-06,7,Doncaster_Rovers,Bradford_City,3,1,1.3845,1.1708,1,0
League One,2025/2026,2025-09-06,7,Bolton_Wanderers,AFC_Wimbledon,3,0,2.417,1.185,1,0
League One,2025/2026,2025-09-06,7,Lincoln_City,Wigan_Athletic,2,2,2.1258,2.8291,1,0
Championship,2025/2026,2025-09-12,5,Ipswich_Town,Sheffield_United,5,0,2.3303,0.4226,1,0
League One,2025/2026,2025-09-13,8,Stockport_County,Cardiff_City,1,1,2.0236,0.5138,1,0
League One,2025/2026,2025-09-13,8,Peterborough_United,Wycombe_Wanderers,2,1,2.1823,1.354,1,0
League One,2025/2026,2025-09-13,8,Mansfield_Town,Stevenage,1,1,0.3904,0.8913,1,0
League One,2025/2026,2025-09-13,8,Luton_Town,Plymouth_Argyle,2,3,3.157,0.9526,1,0
League One,2025/2026,2025-09-13,8,Leyton_Orient,Bolton_Wanderers,1,1,1.1225,1.1038,1,0
League One,2025/2026,2025-09-13,8,Exeter_City,Port_Vale,0,2,0.8236,0.5107,1,0
League One,2025/2026,2025-09-13,8,Burton_Albion,Lincoln_City,0,1,0.7595,0.921,1,0
League One,2025/2026,2025-09-13,8,Barnsley,Reading,3,2,1.8334,1.0389,1,0
League One,2025/2026,2025-09-13,8,AFC_Wimbledon,Rotherham_United,2,1,1.8295,1.0376,1,0
League One,2025/2026,2025-09-13,8,Northampton_Town,Blackpool,1,0,0.52,1.3802,1,0
League One,2025/2026,2025-09-13,8,Bradford_City,Huddersfield_Town,3,1,1.9569,0.8516,1,0
League One,2025/2026,2025-09-13,8,Wigan_Athletic,Doncaster_Rovers,3,0,1.7696,0.6433,1,0
Championship,2025/2026,2025-09-13,5,Sheffield_Wednesday,Bristol_City,0,3,0.829,1.3935,1,0
Championship,2025/2026,2025-09-13,5,Watford,Blackburn_Rovers,0,1,0.7501,1.4494,1,0
Championship,2025/2026,2025-09-13,5,West_Bromwich_Albion,Derby_County,0,1,1.1494,0.3164,1,0
Championship,2025/2026,2025-09-13,5,Stoke_City,Birmingham_City,1,0,0.4896,0.5173,1,0
Championship,2025/2026,2025-09-13,5,Coventry_City,Norwich_City,1,1,3.6797,0.1783,1,0
Championship,2025/2026,2025-09-13,5,Preston_North_End,Middlesbrough,2,2,0.7527,1.5195,1,0
Championship,2025/2026,2025-09-13,5,Oxford_United,Leicester_City,2,2,2.1021,0.8445,1,0
Championship,2025/2026,2025-09-13,5,Charlton_Athletic,Millwall,1,1,0.7257,1.0257,1,0
Championship,2025/2026,2025-09-13,5,Swansea_City,Hull_City,2,2,1.0016,1.6126,1,0
Championship,2025/2026,2025-09-13,5,Wrexham,Queens_Park_Rangers,1,3,2.0242,1.4283,1,0
Premier League,2025/2026,2025-09-13,4,Fulham,Leeds_United,1,0,0.8471,0.7898,1,0
Premier League,2025/2026,2025-09-13,4,Crystal_Palace,Sunderland,0,0,1.7696,0.3619,1,0
Premier League,2025/2026,2025-09-13,4,AFC_Bournemouth,Brighton_&_Hove_Albion,2,1,1.4475,0.6229,1,0
Premier League,2025/2026,2025-09-13,4,Arsenal,Nottingham_Forest,3,0,1.8352,0.1999,1,0
Premier League,2025/2026,2025-09-13,4,Newcastle_United,Wolverhampton_Wanderers,1,0,1.5541,0.5033,1,0
Premier League,2025/2026,2025-09-13,4,West_Ham_United,Tottenham_Hotspur,0,3,0.5992,1.2886,1,0
Premier League,2025/2026,2025-09-13,4,Brentford,Chelsea,2,2,1.4263,1.2524,1,0
Premier League,2025/2026,2025-09-13,4,Everton,Aston_Villa,0,0,2.0812,0.5352,1,0
Championship,2025/2026,2025-09-14,5,Southampton,Portsmouth,0,0,1.1803,0.9381,1,0
Premier League,2025/2026,2025-09-14,4,Burnley,Liverpool,0,1,0.1337,2.6487,1,0
Premier League,2025/2026,2025-09-14,4,Manchester_City,Manchester_United,3,0,2.6315,1.5166,1,0
Championship,2025/2026,2025-09-19,6,Middlesbrough,West_Bromwich_Albion,2,1,0.996,0.9464,1,0
Premier League,2025/2026,2025-09-20,5,Liverpool,Everton,2,1,0.9028,0.7006,1,0
Premier League,2025/2026,2025-09-20,5,Burnley,Nottingham_Forest,1,1,0.8524,1.0977,1,0
Premier League,2025/2026,2025-09-20,5,West_Ham_United,Crystal_Palace,1,2,0.6641,2.3102,1,0
League One,2025/2026,2025-09-20,9,Huddersfield_Town,Burton_Albion,0,0,1.363,0.5197,1,0
Premier League,2025/2026,2025-09-20,5,Fulham,Brentford,3,1,1.0051,0.6027,1,0
League One,2025/2026,2025-09-20,9,Blackpool,Barnsley,1,0,0.5902,0.9771,1,0
League One,2025/2026,2025-09-20,9,Bolton_Wanderers,Wigan_Athletic,4,1,1.3897,0.8872,1,0
League One,2025/2026,2025-09-20,9,Lincoln_City,Luton_Town,3,1,1.4969,0.3974,1,0
League One,2025/2026,2025-09-20,9,Cardiff_City,Bradford_City,1,3,2.0292,2.1763,1,0
League One,2025/2026,2025-09-20,9,Doncaster_Rovers,AFC_Wimbledon,1,2,0.6105,1.3039,1,0
League One,2025/2026,2025-09-20,9,Plymouth_Argyle,Peterborough_United,0,1,1.5744,2.1873,1,0
League One,2025/2026,2025-09-20,9,Port_Vale,Mansfield_Town,2,1,2.4692,0.0833,1,0
League One,2025/2026,2025-09-20,9,Reading,Leyton_Orient,2,1,1.5821,1.484,1,0
League One,2025/2026,2025-09-20,9,Rotherham_United,Stockport_County,0,1,0.5738,1.6404,1,0
League One,2025/2026,2025-09-20,9,Stevenage,Exeter_City,2,1,1.2337,2.7432,1,0
League One,2025/2026,2025-09-20,9,Wycombe_Wanderers,Northampton_Town,2,0,1.6031,0.4104,1,0
Premier League,2025/2026,2025-09-20,5,Wolverhampton_Wanderers,Leeds_United,1,3,1.7837,0.4807,1,0
Premier League,2025/2026,2025-09-20,5,Manchester_United,Chelsea,2,1,1.8377,0.4251,1,0
Premier League,2025/2026,2025-09-20,5,Brighton_&_Hove_Albion,Tottenham_Hotspur,2,2,1.3197,1.2248,1,0
Championship,2025/2026,2025-09-20,6,Sheffield_United,Charlton_Athletic,0,1,0.596,0.7661,1,0
Championship,2025/2026,2025-09-20,6,Portsmouth,Sheffield_Wednesday,0,2,1.7422,1.066,1,0
Championship,2025/2026,2025-09-20,6,Norwich_City,Wrexham,2,3,2.3422,1.304,1,0
Championship,2025/2026,2025-09-20,6,Hull_City,Southampton,3,1,2.1254,1.0676,1,0
Championship,2025/2026,2025-09-20,6,Derby_County,Preston_North_End,0,1,0.3428,0.8985,1,0
Championship,2025/2026,2025-09-20,6,Queens_Park_Rangers,Stoke_City,1,0,1.3297,1.0857,1,0
Championship,2025/2026,2025-09-20,6,Leicester_City,Coventry_City,0,0,1.2184,0.4094,1,0
Championship,2025/2026,2025-09-20,6,Birmingham_City,Swansea_City,1,0,2.4138,1.4308,1,0
Premier League,2025/2026,2025-09-21,5,Arsenal,Manchester_City,1,1,0.8884,0.8672,1,0
Premier League,2025/2026,2025-09-21,5,Sunderland,Aston_Villa,1,1,1.036,0.7842,1,0
Championship,2025/2026,2025-09-21,6,Bristol_City,Oxford_United,1,3,1.1795,1.7156,1,0
Premier League,2025/2026,2025-09-21,5,AFC_Bournemouth,Newcastle_United,0,0,0.4617,0.1398,1,0
Championship,2025/2026,2025-09-22,6,Millwall,Watford,1,0,0.7328,0.9107,1,0
Championship,2025/2026,2025-09-26,7,West_Bromwich_Albion,Leicester_City,1,1,2.0233,0.9192,1,0
League One,2025/2026,2025-09-27,10,Leyton_Orient,Stevenage,2,3,0.9765,0.7719,1,0
League One,2025/2026,2025-09-27,10,Barnsley,Port_Vale,0,2,0.562,2.3396,1,0
League One,2025/2026,2025-09-27,10,Bradford_City,Blackpool,1,0,0.6844,0.5188,1,0
League One,2025/2026,2025-09-27,10,Burton_Albion,Plymouth_Argyle,0,4,0.7144,2.1732,1,0
League One,2025/2026,2025-09-27,10,Exeter_City,Huddersfield_Town,0,1,1.0363,2.357,1,0
League One,2025/2026,2025-09-27,10,Luton_Town,Doncaster_Rovers,1,0,1.3522,0.5263,1,0
League One,2025/2026,2025-09-27,10,Mansfield_Town,Rotherham_United,2,1,1.7841,1.5741,1,0
League One,2025/2026,2025-09-27,10,Northampton_Town,Bolton_Wanderers,2,0,1.3597,1.8357,1,0
League One,2025/2026,2025-09-27,10,Peterborough_United,Lincoln_City,0,3,1.0998,1.0709,1,0
League One,2025/2026,2025-09-27,10,AFC_Wimbledon,Wycombe_Wanderers,2,1,0.7938,0.9888,1,0
Championship,2025/2026,2025-09-27,7,Stoke_City,Norwich_City,1,1,1.8525,1.3164,1,0
Premier League,2025/2026,2025-09-27,6,Tottenham_Hotspur,Wolverhampton_Wanderers,1,1,0.8697,1.1513,1,0
Championship,2025/2026,2025-09-27,7,Southampton,Middlesbrough,1,1,0.855,0.2899,1,0
Championship,2025/2026,2025-09-27,7,Sheffield_Wednesday,Queens_Park_Rangers,1,1,1.4071,2.1683,1,0
Championship,2025/2026,2025-09-27,7,Preston_North_End,Bristol_City,0,0,0.425,2.3186,1,0
Championship,2025/2026,2025-09-27,7,Oxford_United,Sheffield_United,0,1,1.1401,0.481,1,0
League One,2025/2026,2025-09-27,10,Stockport_County,Reading,1,1,2.3219,0.9681,1,0
Championship,2025/2026,2025-09-27,7,Ipswich_Town,Portsmouth,2,1,1.5334,0.8906,1,0
Championship,2025/2026,2025-09-27,7,Charlton_Athletic,Blackburn_Rovers,3,0,1.4691,0.5544,1,0
Championship,2025/2026,2025-09-27,7,Wrexham,Derby_County,1,1,0.8921,0.6421,1,0
Championship,2025/2026,2025-09-27,7,Swansea_City,Millwall,1,1,1.339,0.8824,1,0
Championship,2025/2026,2025-09-27,7,Coventry_City,Birmingham_City,3,0,2.1327,0.189,1,0
Premier League,2025/2026,2025-09-27,6,Brentford,Manchester_United,3,1,2.0213,2.0824,1,0
Premier League,2025/2026,2025-09-27,6,Chelsea,Brighton_&_Hove_Albion,1,3,1.81,2.2845,1,0
Premier League,2025/2026,2025-09-27,6,Crystal_Palace,Liverpool,2,1,2.9201,2.1355,1,0
Premier League,2025/2026,2025-09-27,6,Leeds_United,AFC_Bournemouth,2,2,1.8354,0.8219,1,0
Premier League,2025/2026,2025-09-27,6,Manchester_City,Burnley,5,1,2.0282,0.411,1,0
Championship,2025/2026,2025-09-27,7,Watford,Hull_City,2,1,2.8161,0.8622,1,0
League One,2025/2026,2025-09-27,10,Wigan_Athletic,Cardiff_City,0,2,0.9095,1.7478,1,0
Premier League,2025/2026,2025-09-27,6,Nottingham_Forest,Sunderland,0,1,1.6786,1.6563,1,0
Premier League,2025/2026,2025-09-28,6,Aston_Villa,Fulham,3,1,1.1112,0.9233,1,0
Premier League,2025/2026,2025-09-28,6,Newcastle_United,Arsenal,1,2,0.6125,2.0437,1,0
Premier League,2025/2026,2025-09-29,6,Everton,West_Ham_United,1,1,0.7349,1.194,1,0
Championship,2025/2026,2025-09-30,8,Derby_County,Charlton_Athletic,1,1,1.4487,0.6508,1,0
Championship,2025/2026,2025-09-30,8,Sheffield_United,Southampton,1,2,0.9033,2.0248,1,0
Championship,2025/2026,2025-09-30,8,Middlesbrough,Stoke_City,0,0,0.6407,1.6097,1,0
Championship,2025/2026,2025-09-30,8,Leicester_City,Wrexham,1,1,1.0688,0.9099,1,0
Championship,2025/2026,2025-09-30,8,Hull_City,Preston_North_End,2,2,1.7515,1.4445,1,0
Championship,2025/2026,2025-09-30,8,Bristol_City,Ipswich_Town,1,1,1.4778,1.2985,1,0
Championship,2025/2026,2025-09-30,8,Blackburn_Rovers,Swansea_City,1,2,0.563,0.4578,1,0
Championship,2025/2026,2025-09-30,8,Birmingham_City,Sheffield_Wednesday,2,2,1.3338,0.4173,1,0
League One,2025/2026,2025-09-30,7,Blackpool,Luton_Town,2,2,0.8496,1.6321,1,0
League One,2025/2026,2025-09-30,7,Cardiff_City,Burton_Albion,0,1,2.6232,0.6796,1,0
Championship,2025/2026,2025-10-01,8,Queens_Park_Rangers,Oxford_United,0,0,0.7684,0.3675,1,0
Championship,2025/2026,2025-10-01,8,Portsmouth,Watford,2,2,1.1233,1.8754,1,0
Championship,2025/2026,2025-10-01,8,Millwall,Coventry_City,0,4,1.3306,3.5973,1,0
Championship,2025/2026,2025-10-01,8,Norwich_City,West_Bromwich_Albion,0,1,1.6159,0.9557,1,0
League One,2025/2026,2025-10-02,11,Rotherham_United,Bradford_City,2,2,1.5456,2.7647,1,0
Premier League,2025/2026,2025-10-03,7,AFC_Bournemouth,Fulham,3,1,1.121,0.8824,1,0
Championship,2025/2026,2025-10-03,9,Wrexham,Birmingham_City,1,1,1.5826,1.4577,1,0
Premier League,2025/2026,2025-10-04,7,Chelsea,Liverpool,2,1,1.0039,1.9453,1,0
Premier League,2025/2026,2025-10-04,7,Leeds_United,Tottenham_Hotspur,1,2,1.6781,0.5318,1,0
Premier League,2025/2026,2025-10-04,7,Arsenal,West_Ham_United,2,0,2.7741,0.4918,1,0
Premier League,2025/2026,2025-10-04,7,Manchester_United,Sunderland,2,0,1.8411,0.7097,1,0
Championship,2025/2026,2025-10-04,9,Bristol_City,Queens_Park_Rangers,1,2,1.2086,0.4762,1,0
Championship,2025/2026,2025-10-04,9,Watford,Oxford_United,2,1,2.6495,1.3775,1,0
Championship,2025/2026,2025-10-04,9,Swansea_City,Leicester_City,1,3,1.8366,1.6537,1,0
Championship,2025/2026,2025-10-04,9,Hull_City,Sheffield_United,1,0,0.4483,2.515,1,0
Championship,2025/2026,2025-10-04,9,Blackburn_Rovers,Stoke_City,1,1,1.8839,0.8139,1,0
Championship,2025/2026,2025-10-04,9,Portsmouth,Middlesbrough,1,0,0.4792,1.0006,1,0
Championship,2025/2026,2025-10-04,9,Millwall,West_Bromwich_Albion,3,0,0.7739,0.4187,1,0
Championship,2025/2026,2025-10-04,9,Derby_County,Southampton,1,1,1.3649,1.0618,1,0
Championship,2025/2026,2025-10-04,9,Preston_North_End,Charlton_Athletic,2,0,1.8119,0.5373,1,0
League One,2025/2026,2025-10-04,11,Doncaster_Rovers,Burton_Albion,1,1,2.6935,1.1043,1,0
Championship,2025/2026,2025-10-04,9,Sheffield_Wednesday,Coventry_City,0,5,1.0459,4.9372,1,0
League One,2025/2026,2025-10-04,11,Blackpool,AFC_Wimbledon,0,2,0.0959,2.6119,1,0
League One,2025/2026,2025-10-04,11,Wycombe_Wanderers,Barnsley,2,2,1.6721,1.214,1,0
League One,2025/2026,2025-10-04,11,Reading,Mansfield_Town,1,1,0.9226,0.7957,1,0
League One,2025/2026,2025-10-04,11,Port_Vale,Northampton_Town,0,0,0.6602,0.4401,1,0
League One,2025/2026,2025-10-04,11,Plymouth_Argyle,Wigan_Athletic,1,1,1.376,0.9716,1,0
League One,2025/2026,2025-10-04,11,Stevenage,Luton_Town,2,0,0.5931,0.9013,1,0
League One,2025/2026,2025-10-04,11,Huddersfield_Town,Stockport_County,1,2,0.9941,1.8375,1,0
League One,2025/2026,2025-10-04,11,Cardiff_City,Leyton_Orient,4,3,2.7267,4.0871,1,0
League One,2025/2026,2025-10-04,11,Bolton_Wanderers,Peterborough_United,2,1,0.9215,0.9882,1,0
League One,2025/2026,2025-10-04,11,Lincoln_City,Exeter_City,0,1,1.2334,0.3034,1,0
Premier League,2025/2026,2025-10-05,7,Brentford,Manchester_City,0,1,0.6952,0.8483,1,0
Premier League,2025/2026,2025-10-05,7,Newcastle_United,Nottingham_Forest,2,0,3.4522,0.2988,1,0
Premier League,2025/2026,2025-10-05,7,Wolverhampton_Wanderers,Brighton_&_Hove_Albion,1,1,0.5557,0.9208,1,0
Premier League,2025/2026,2025-10-05,7,Everton,Crystal_Palace,2,1,2.0315,1.5266,1,0
Premier League,2025/2026,2025-10-05,7,Aston_Villa,Burnley,2,1,1.1633,0.4017,1,0
Championship,2025/2026,2025-10-05,9,Ipswich_Town,Norwich_City,3,1,1.7986,0.464,1,0
League One,2025/2026,2025-10-11,12,Northampton_Town,Rotherham_United,1,2,0.8434,0.9662,1,0
League One,2025/2026,2025-10-11,12,Stockport_County,Blackpool,1,0,1.9168,0.5999,1,0
League One,2025/2026,2025-10-11,12,Leyton_Orient,Doncaster_Rovers,4,0,2.4502,1.1548,1,0
League One,2025/2026,2025-10-11,12,Exeter_City,Reading,1,1,0.3485,1.0426,1,0
League One,2025/2026,2025-10-11,12,Burton_Albion,Bolton_Wanderers,3,0,2.8941,1.9122,1,0
League One,2025/2026,2025-10-11,12,AFC_Wimbledon,Port_Vale,1,1,0.7254,1.8564,1,0
League One,2025/2026,2025-10-11,12,Wigan_Athletic,Wycombe_Wanderers,0,1,1.0039,0.6368,1,0
League One,2025/2026,2025-10-16,13,Huddersfield_Town,Bolton_Wanderers,1,2,0.3491,2.2798,1,0
Championship,2025/2026,2025-10-17,10,Middlesbrough,Ipswich_Town,2,1,2.3272,2.1509,1,0
Premier League,2025/2026,2025-10-18,8,Fulham,Arsenal,0,1,0.4403,1.8679,1,0
Premier League,2025/2026,2025-10-18,8,Manchester_City,Everton,2,0,2.385,0.8099,1,0
Premier League,2025/2026,2025-10-18,8,Crystal_Palace,AFC_Bournemouth,3,3,4.4449,2.0308,1,0
Premier League,2025/2026,2025-10-18,8,Burnley,Leeds_United,2,0,0.4517,2.6255,1,0
Premier League,2025/2026,2025-10-18,8,Brighton_&_Hove_Albion,Newcastle_United,2,1,0.9144,1.4498,1,0
Championship,2025/2026,2025-10-18,10,Leicester_City,Portsmouth,1,1,1.5251,0.871,1,0
Premier League,2025/2026,2025-10-18,8,Sunderland,Wolverhampton_Wanderers,2,0,0.6471,0.8269,1,0
Premier League,2025/2026,2025-10-18,8,Nottingham_Forest,Chelsea,0,3,2.3535,1.6745,1,0
League One,2025/2026,2025-10-18,13,Rotherham_United,Leyton_Orient,1,0,0.4852,1.3013,1,0
Championship,2025/2026,2025-10-18,10,Stoke_City,Wrexham,1,0,0.6052,0.5851,1,0
League One,2025/2026,2025-10-18,13,Lincoln_City,Stevenage,1,0,2.1098,0.1789,1,0
League One,2025/2026,2025-10-18,13,Blackpool,Wycombe_Wanderers,1,1,0.4751,1.2223,1,0
Championship,2025/2026,2025-10-18,10,Coventry_City,Blackburn_Rovers,2,0,0.881,1.1402,1,0
Championship,2025/2026,2025-10-18,10,Charlton_Athletic,Sheffield_Wednesday,2,1,1.5639,1.6409,1,0
Championship,2025/2026,2025-10-18,10,Birmingham_City,Hull_City,2,3,2.8536,1.1514,1,0
Championship,2025/2026,2025-10-18,10,Southampton,Swansea_City,0,0,3.0978,0.1998,1,0
Championship,2025/2026,2025-10-18,10,Queens_Park_Rangers,Millwall,1,2,1.8724,1.6403,1,0
League One,2025/2026,2025-10-18,13,Bradford_City,Barnsley,2,2,3.3509,0.4716,1,0
League One,2025/2026,2025-10-18,13,Cardiff_City,Reading,2,1,1.4909,2.3593,1,0
League One,2025/2026,2025-10-18,13,Doncaster_Rovers,Northampton_Town,1,2,1.1824,2.7553,1,0
League One,2025/2026,2025-10-18,13,Luton_Town,Mansfield_Town,0,2,1.8936,1.755,1,0
League One,2025/2026,2025-10-18,13,Plymouth_Argyle,AFC_Wimbledon,1,2,0.6894,0.6911,1,0
League One,2025/2026,2025-10-18,13,Burton_Albion,Peterborough_United,0,1,1.0592,0.4831,1,0
League One,2025/2026,2025-10-18,13,Stockport_County,Exeter_City,1,0,0.9817,0.6914,1,0
League One,2025/2026,2025-10-18,13,Wigan_Athletic,Port_Vale,1,0,0.6699,1.3971,1,0
Championship,2025/2026,2025-10-18,10,Norwich_City,Bristol_City,0,1,0.5787,2.058,1,0
Championship,2025/2026,2025-10-18,10,Sheffield_United,Watford,1,0,2.1066,1.0918,1,0
Championship,2025/2026,2025-10-18,10,West_Bromwich_Albion,Preston_North_End,2,1,1.2957,1.3871,1,0
Championship,2025/2026,2025-10-18,10,Oxford_United,Derby_County,1,0,2.1658,0.2524,1,0
Premier League,2025/2026,2025-10-19,8,Tottenham_Hotspur,Aston_Villa,1,2,0.7512,0.3154,1,0
Premier League,2025/2026,2025-10-19,8,Liverpool,Manchester_United,1,2,2.7517,1.3355,1,0
Premier League,2025/2026,2025-10-20,8,West_Ham_United,Brentford,0,2,0.3491,2.3733,1,0
Championship,2025/2026,2025-10-21,11,Preston_North_End,Birmingham_City,0,1,1.3823,0.8341,1,0
Championship,2025/2026,2025-10-21,11,Ipswich_Town,Charlton_Athletic,0,3,2.3149,1.4253,1,0
Championship,2025/2026,2025-10-21,11,Hull_City,Leicester_City,2,1,1.5203,1.4849,1,0
Championship,2025/2026,2025-10-21,11,Derby_County,Norwich_City,1,0,0.9461,1.1051,1,0
Championship,2025/2026,2025-10-21,11,Blackburn_Rovers,Sheffield_United,1,3,0.816,1.2836,1,0
League One,2025/2026,2025-10-21,7,Reading,Northampton_Town,1,0,0.9539,0.3313,1,0
Championship,2025/2026,2025-10-21,11,Bristol_City,Southampton,3,1,1.6287,2.2036,1,0
Championship,2025/2026,2025-10-21,11,Portsmouth,Coventry_City,1,2,0.7596,2.5808,1,0
Championship,2025/2026,2025-10-21,11,Millwall,Stoke_City,2,0,1.4756,0.4421,1,0
Championship,2025/2026,2025-10-22,11,Swansea_City,Queens_Park_Rangers,0,1,0.3997,2.0482,1,0
Championship,2025/2026,2025-10-22,11,Sheffield_Wednesday,Middlesbrough,0,1,0.698,1.5734,1,0
Championship,2025/2026,2025-10-22,11,Watford,West_Bromwich_Albion,2,1,1.2176,0.6286,1,0
Championship,2025/2026,2025-10-22,11,Wrexham,Oxford_United,1,0,0.772,0.1472,1,0
League One,2025/2026,2025-10-23,14,Exeter_City,Plymouth_Argyle,2,0,1.5823,0.5688,1,0
Premier League,2025/2026,2025-10-24,9,Leeds_United,West_Ham_United,2,1,1.4876,0.6499,1,0
Championship,2025/2026,2025-10-24,12,Preston_North_End,Sheffield_United,3,2,1.7299,2.3463,1,0
Championship,2025/2026,2025-10-25,12,Millwall,Leicester_City,1,0,1.5079,0.7616,1,0
Championship,2025/2026,2025-10-25,12,Middlesbrough,Wrexham,1,1,0.7652,0.6817,1,0
Championship,2025/2026,2025-10-25,12,Coventry_City,Watford,3,1,1.3077,2.6069,1,0
Championship,2025/2026,2025-10-25,12,Derby_County,Queens_Park_Rangers,1,0,1.6744,0.3774,1,0
Championship,2025/2026,2025-10-25,12,Bristol_City,Birmingham_City,1,0,0.2737,0.6922,1,0
Championship,2025/2026,2025-10-25,12,Blackburn_Rovers,Southampton,2,1,3.1958,1.6739,1,0
Championship,2025/2026,2025-10-25,12,Portsmouth,Stoke_City,0,1,1.8327,0.9044,1,0
Championship,2025/2026,2025-10-25,12,Ipswich_Town,West_Bromwich_Albion,1,0,2.2235,0.3889,1,0
Championship,2025/2026,2025-10-25,12,Hull_City,Charlton_Athletic,1,1,1.1098,1.9468,1,0
League One,2025/2026,2025-10-25,14,Leyton_Orient,Lincoln_City,1,0,0.5312,0.826,1,0
League One,2025/2026,2025-10-25,14,Barnsley,Rotherham_United,0,1,1.9809,0.1457,1,0
Championship,2025/2026,2025-10-25,12,Sheffield_Wednesday,Oxford_United,1,2,1.162,0.9872,1,0
League One,2025/2026,2025-10-25,14,AFC_Wimbledon,Burton_Albion,0,1,1.2698,0.9048,1,0
League One,2025/2026,2025-10-25,14,Mansfield_Town,Wigan_Athletic,1,1,1.2972,0.4246,1,0
League One,2025/2026,2025-10-25,14,Bolton_Wanderers,Cardiff_City,1,0,0.8785,0.2131,1,0
League One,2025/2026,2025-10-25,14,Northampton_Town,Luton_Town,0,1,1.0044,2.6842,1,0
League One,2025/2026,2025-10-25,14,Peterborough_United,Blackpool,1,2,1.6156,0.7921,1,0
League One,2025/2026,2025-10-25,14,Reading,Doncaster_Rovers,1,1,0.7137,1.3798,1,0
League One,2025/2026,2025-10-25,14,Stevenage,Bradford_City,1,1,0.7231,0.3665,1,0
League One,2025/2026,2025-10-25,14,Wycombe_Wanderers,Huddersfield_Town,3,0,2.2082,0.2622,1,0
Premier League,2025/2026,2025-10-25,9,Manchester_United,Brighton_&_Hove_Albion,4,2,1.2921,1.1195,1,0
Premier League,2025/2026,2025-10-25,9,Newcastle_United,Fulham,2,1,2.1388,1.5272,1,0
Premier League,2025/2026,2025-10-25,9,Chelsea,Sunderland,1,2,0.895,1.3077,1,0
Premier League,2025/2026,2025-10-25,9,Brentford,Liverpool,3,2,2.7526,2.2978,1,0
Championship,2025/2026,2025-10-25,12,Swansea_City,Norwich_City,2,1,0.4267,1.1681,1,0
Premier League,2025/2026,2025-10-26,9,Arsenal,Crystal_Palace,1,0,0.9168,0.4548,1,0
Premier League,2025/2026,2025-10-26,9,Aston_Villa,Manchester_City,1,0,0.8135,1.1836,1,0
Premier League,2025/2026,2025-10-26,9,Wolverhampton_Wanderers,Burnley,2,3,2.2767,1.4332,1,0
Premier League,2025/2026,2025-10-26,9,Everton,Tottenham_Hotspur,0,3,1.7387,1.7228,1,0
Premier League,2025/2026,2025-10-26,9,AFC_Bournemouth,Nottingham_Forest,2,0,0.5779,0.3712,1,0
League One,2025/2026,2025-10-27,14,Port_Vale,Stockport_County,0,3,1.2336,2.1076,1,0
League One,2025/2026,2025-10-28,12,Bradford_City,Lincoln_City,0,0,0.9653,1.2362,1,0
League One,2025/2026,2025-10-28,12,Mansfield_Town,Plymouth_Argyle,2,0,2.089,1.6094,1,0
Championship,2025/2026,2025-10-31,13,Wrexham,Coventry_City,3,2,1.4116,1.5555,1,0
Championship,2025/2026,2025-11-01,13,Watford,Middlesbrough,3,0,0.7587,0.7932,1,0
Championship,2025/2026,2025-11-01,13,Sheffield_United,Derby_County,1,3,2.1614,2.1517,1,0
Championship,2025/2026,2025-11-01,13,Oxford_United,Millwall,2,2,0.6314,2.4243,1,0
Championship,2025/2026,2025-11-01,13,Charlton_Athletic,Swansea_City,1,1,1.0162,0.6938,1,0
Championship,2025/2026,2025-11-01,13,Birmingham_City,Portsmouth,4,0,3.1101,0.2346,1,0
Championship,2025/2026,2025-11-01,13,West_Bromwich_Albion,Sheffield_Wednesday,0,0,1.1649,0.3301,1,0
Championship,2025/2026,2025-11-01,13,Norwich_City,Hull_City,0,2,2.9013,1.7196,1,0
Championship,2025/2026,2025-11-01,13,Leicester_City,Blackburn_Rovers,0,2,1.2366,1.9145,1,0
Championship,2025/2026,2025-11-01,13,Queens_Park_Rangers,Ipswich_Town,1,4,1.5619,1.0337,1,0
Premier League,2025/2026,2025-11-01,10,Brighton_&_Hove_Albion,Leeds_United,3,0,3.0684,0.497,1,0
Premier League,2025/2026,2025-11-01,10,Burnley,Arsenal,0,2,0.4208,2.4222,1,0
Premier League,2025/2026,2025-11-01,10,Crystal_Palace,Brentford,2,0,0.6997,0.5368,1,0
Premier League,2025/2026,2025-11-01,10,Fulham,Wolverhampton_Wanderers,3,0,1.3868,0.24,1,0
Premier League,2025/2026,2025-11-01,10,Nottingham_Forest,Manchester_United,2,2,1.9283,1.1168,1,0
Premier League,2025/2026,2025-11-01,10,Tottenham_Hotspur,Chelsea,0,1,0.1015,3.6847,1,0
Premier League,2025/2026,2025-11-01,10,Liverpool,Aston_Villa,2,0,1.1857,0.4076,1,0
Championship,2025/2026,2025-11-01,13,Stoke_City,Bristol_City,5,1,2.0097,1.0246,1,0
Championship,2025/2026,2025-11-01,13,Southampton,Preston_North_End,0,2,0.5308,2.2432,1,0
Premier League,2025/2026,2025-11-02,10,West_Ham_United,Newcastle_United,3,1,1.7514,0.5201,1,0
Premier League,2025/2026,2025-11-02,10,Manchester_City,AFC_Bournemouth,3,1,2.2165,0.7241,1,0
Premier League,2025/2026,2025-11-03,10,Sunderland,Everton,1,1,1.2246,0.8883,1,0
League One,2025/2026,2025-11-04,4,Rotherham_United,Burton_Albion,2,2,0.6115,1.5103,1,0
Championship,2025/2026,2025-11-04,14,Bristol_City,Blackburn_Rovers,0,1,0.5151,1.6635,1,0
Championship,2025/2026,2025-11-04,14,Charlton_Athletic,West_Bromwich_Albion,1,0,1.1332,1.2918,1,0
Championship,2025/2026,2025-11-04,14,Derby_County,Hull_City,2,1,0.9414,1.2484,1,0
Championship,2025/2026,2025-11-04,14,Ipswich_Town,Watford,1,1,1.9412,0.3419,1,0
Championship,2025/2026,2025-11-04,14,Leicester_City,Middlesbrough,1,1,1.3962,1.192,1,0
Championship,2025/2026,2025-11-04,14,Oxford_United,Stoke_City,0,3,1.7595,1.9685,1,0
Championship,2025/2026,2025-11-04,14,Coventry_City,Sheffield_United,3,1,1.9576,0.9226,1,0
Championship,2025/2026,2025-11-04,14,Birmingham_City,Millwall,4,0,1.903,0.1241,1,0
Championship,2025/2026,2025-11-05,14,Preston_North_End,Swansea_City,2,1,0.7131,0.8429,1,0
Championship,2025/2026,2025-11-05,14,Queens_Park_Rangers,Southampton,1,2,1.6547,0.6792,1,0
Championship,2025/2026,2025-11-05,14,Sheffield_Wednesday,Norwich_City,1,1,2.3048,1.7658,1,0
Championship,2025/2026,2025-11-05,14,Portsmouth,Wrexham,0,0,1.4966,0.7478,1,0
League One,2025/2026,2025-11-06,15,Reading,Stevenage,1,0,1.0524,0.805,1,0
Championship,2025/2026,2025-11-07,15,Watford,Bristol_City,1,1,1.1991,0.7656,1,0
League One,2025/2026,2025-11-08,15,Rotherham_United,Lincoln_City,3,0,1.0745,1.3485,1,0
League One,2025/2026,2025-11-08,15,Stockport_County,Luton_Town,0,3,2.5761,1.6893,1,0
Premier League,2025/2026,2025-11-08,11,Chelsea,Wolverhampton_Wanderers,3,0,3.3063,0.1675,1,0
Championship,2025/2026,2025-11-08,15,West_Bromwich_Albion,Oxford_United,2,1,1.6112,0.9488,1,0
League One,2025/2026,2025-11-08,15,Peterborough_United,AFC_Wimbledon,5,0,4.1829,0.9404,1,0
League One,2025/2026,2025-11-08,15,Huddersfield_Town,Plymouth_Argyle,3,1,3.2176,0.6908,1,0
League One,2025/2026,2025-11-08,15,Northampton_Town,Mansfield_Town,2,1,1.7872,1.1786,1,0
League One,2025/2026,2025-11-08,15,Doncaster_Rovers,Barnsley,1,2,1.8512,0.4948,1,0
League One,2025/2026,2025-11-08,15,Bradford_City,Burton_Albion,1,2,1.5851,1.3301,1,0
League One,2025/2026,2025-11-08,15,Bolton_Wanderers,Port_Vale,4,0,0.8999,0.5114,1,0
League One,2025/2026,2025-11-08,15,Wycombe_Wanderers,Leyton_Orient,4,1,2.1285,2.1275,1,0
League One,2025/2026,2025-11-08,15,Blackpool,Cardiff_City,3,1,2.1595,2.1779,1,0
League One,2025/2026,2025-11-08,15,Exeter_City,Wigan_Athletic,1,1,1.1189,2.4183,1,0
Premier League,2025/2026,2025-11-08,11,Sunderland,Arsenal,2,2,0.4357,1.9143,1,0
Championship,2025/2026,2025-11-08,15,Swansea_City,Ipswich_Town,1,4,0.431,1.3704,1,0
Premier League,2025/2026,2025-11-08,11,West_Ham_United,Burnley,3,2,3.0211,1.0573,1,0
Championship,2025/2026,2025-11-08,15,Stoke_City,Coventry_City,0,1,0.8519,0.9731,1,0
Championship,2025/2026,2025-11-08,15,Southampton,Sheffield_Wednesday,3,1,1.0275,0.8063,1,0
Championship,2025/2026,2025-11-08,15,Sheffield_United,Queens_Park_Rangers,0,0,1.4077,0.6528,1,0
Championship,2025/2026,2025-11-08,15,Norwich_City,Leicester_City,1,2,0.2993,1.5879,1,0
Championship,2025/2026,2025-11-08,15,Middlesbrough,Birmingham_City,2,1,0.6093,1.2002,1,0
Championship,2025/2026,2025-11-08,15,Millwall,Preston_North_End,1,1,1.8174,0.6761,1,0
Championship,2025/2026,2025-11-08,15,Blackburn_Rovers,Derby_County,1,2,1.0918,0.9536,1,0
Championship,2025/2026,2025-11-08,15,Wrexham,Charlton_Athletic,1,0,2.4637,0.8052,1,0
Championship,2025/2026,2025-11-08,15,Hull_City,Portsmouth,3,2,2.3627,1.291,1,0
Premier League,2025/2026,2025-11-08,11,Tottenham_Hotspur,Manchester_United,2,2,0.9236,0.6266,1,0
Premier League,2025/2026,2025-11-08,11,Everton,Fulham,2,0,1.4392,0.3994,1,0
Premier League,2025/2026,2025-11-09,11,Manchester_City,Liverpool,3,0,1.5103,0.612,1,0
Premier League,2025/2026,2025-11-09,11,Nottingham_Forest,Leeds_United,3,1,2.5509,0.6871,1,0
Premier League,2025/2026,2025-11-09,11,Crystal_Palace,Brighton_&_Hove_Albion,0,0,0.7475,0.391,1,0
Premier League,2025/2026,2025-11-09,11,Brentford,Newcastle_United,3,1,2.3545,0.4395,1,0
Premier League,2025/2026,2025-11-09,11,Aston_Villa,AFC_Bournemouth,4,0,1.6986,1.6099,1,0
League One,2025/2026,2025-11-15,16,Port_Vale,Wycombe_Wanderers,0,0,1.2348,2.0484,1,0
League One,2025/2026,2025-11-15,16,Burton_Albion,Blackpool,1,0,0.6395,0.7058,1,0
League One,2025/2026,2025-11-15,16,Leyton_Orient,Exeter_City,2,1,1.6612,1.7146,1,0
League One,2025/2026,2025-11-15,16,Lincoln_City,Doncaster_Rovers,2,1,1.2565,2.4853,1,0
League One,2025/2026,2025-11-15,16,Luton_Town,Rotherham_United,0,0,0.5421,0.0423,1,0
League One,2025/2026,2025-11-20,17,Peterborough_United,Stockport_County,3,0,1.0063,0.6938,1,0
Championship,2025/2026,2025-11-21,16,Preston_North_End,Blackburn_Rovers,1,2,1.7284,1.2327,1,0
Premier League,2025/2026,2025-11-22,12,Wolverhampton_Wanderers,Crystal_Palace,0,2,1.794,1.2749,1,0
League One,2025/2026,2025-11-22,17,AFC_Wimbledon,Wigan_Athletic,1,2,0.7319,1.9334,1,0
Championship,2025/2026,2025-11-22,16,Bristol_City,Swansea_City,3,0,2.0303,0.9443,1,0
Championship,2025/2026,2025-11-22,16,Charlton_Athletic,Southampton,1,5,0.6667,4.6287,1,0
Championship,2025/2026,2025-11-22,16,Coventry_City,West_Bromwich_Albion,3,2,2.2684,1.6105,1,0
Championship,2025/2026,2025-11-22,16,Birmingham_City,Norwich_City,4,1,3.5569,1.3425,1,0
Championship,2025/2026,2025-11-22,16,Derby_County,Watford,2,3,0.6181,1.4679,1,0
Championship,2025/2026,2025-11-22,16,Ipswich_Town,Wrexham,0,0,1.6863,0.0439,1,0
Championship,2025/2026,2025-11-22,16,Oxford_United,Middlesbrough,1,1,0.525,1.0586,1,0
Championship,2025/2026,2025-11-22,16,Portsmouth,Millwall,3,1,1.6037,0.4446,1,0
Championship,2025/2026,2025-11-22,16,Queens_Park_Rangers,Hull_City,3,2,3.0246,1.1202,1,0
League One,2025/2026,2025-11-22,17,Port_Vale,Plymouth_Argyle,0,1,1.1444,0.4277,1,0
Premier League,2025/2026,2025-11-22,12,AFC_Bournemouth,West_Ham_United,2,2,4.0484,0.6495,1,0
Premier League,2025/2026,2025-11-22,12,Brighton_&_Hove_Albion,Brentford,2,1,1.2159,1.9076,1,0
Premier League,2025/2026,2025-11-22,12,Fulham,Sunderland,1,0,2.1577,0.174,1,0
Premier League,2025/2026,2025-11-22,12,Liverpool,Nottingham_Forest,0,3,1.9296,1.5795,1,0
Premier League,2025/2026,2025-11-22,12,Burnley,Chelsea,0,2,0.4415,1.7171,1,0
Championship,2025/2026,2025-11-22,16,Leicester_City,Stoke_City,2,1,1.4882,1.3675,1,0
League One,2025/2026,2025-11-22,17,Barnsley,Luton_Town,5,0,2.8445,0.5717,1,0
League One,2025/2026,2025-11-22,17,Bolton_Wanderers,Bradford_City,0,0,1.0108,0.6571,1,0
League One,2025/2026,2025-11-22,17,Leyton_Orient,Blackpool,1,1,0.9537,1.6164,1,0
League One,2025/2026,2025-11-22,17,Mansfield_Town,Huddersfield_Town,1,3,0.7008,1.8987,1,0
League One,2025/2026,2025-11-22,17,Northampton_Town,Cardiff_City,1,3,1.4135,0.7756,1,0
League One,2025/2026,2025-11-22,17,Reading,Rotherham_United,1,1,1.2322,0.5836,1,0
League One,2025/2026,2025-11-22,17,Stevenage,Doncaster_Rovers,0,0,0.1713,0.8485,1,0
League One,2025/2026,2025-11-22,17,Wycombe_Wanderers,Lincoln_City,3,2,1.2721,1.892,1,0
Premier League,2025/2026,2025-11-22,12,Newcastle_United,Manchester_City,2,1,2.2431,2.4909,1,0
Premier League,2025/2026,2025-11-23,12,Leeds_United,Aston_Villa,1,2,1.791,1.5772,1,0
Premier League,2025/2026,2025-11-23,12,Arsenal,Tottenham_Hotspur,4,1,1.9286,0.0738,1,0
Championship,2025/2026,2025-11-23,16,Sheffield_Wednesday,Sheffield_United,0,3,0.2932,2.268,1,0
Premier League,2025/2026,2025-11-24,12,Manchester_United,Everton,0,1,1.7078,0.2126,1,0
Championship,2025/2026,2025-11-25,17,Middlesbrough,Coventry_City,2,4,1.1434,1.9539,1,0
League One,2025/2026,2025-11-25,12,Luton_Town,Huddersfield_Town,2,1,1.779,0.5718,1,0
Championship,2025/2026,2025-11-25,17,Stoke_City,Charlton_Athletic,3,0,0.8337,0.1841,1,0
Championship,2025/2026,2025-11-25,17,Swansea_City,Derby_County,1,2,0.6515,0.9547,1,0
Championship,2025/2026,2025-11-25,17,Watford,Preston_North_End,1,1,1.7329,0.8845,1,0
Championship,2025/2026,2025-11-25,17,Norwich_City,Oxford_United,1,1,1.5531,0.7346,1,0
Championship,2025/2026,2025-11-25,17,Southampton,Leicester_City,3,0,2.4553,0.4433,1,0
League One,2025/2026,2025-11-25,12,Peterborough_United,Stevenage,0,1,0.6064,1.3768,1,0
Championship,2025/2026,2025-11-25,17,Hull_City,Ipswich_Town,0,2,0.4978,2.8478,1,0
Championship,2025/2026,2025-11-26,17,Blackburn_Rovers,Queens_Park_Rangers,0,1,1.0214,1.1658,1,0
Championship,2025/2026,2025-11-26,17,Sheffield_United,Portsmouth,3,0,2.3794,0.0812,1,0
Championship,2025/2026,2025-11-26,17,Wrexham,Bristol_City,2,0,1.0361,0.9485,1,0
Championship,2025/2026,2025-11-26,17,West_Bromwich_Albion,Birmingham_City,1,1,0.8575,0.9794,1,0
Championship,2025/2026,2025-11-26,17,Millwall,Sheffield_Wednesday,1,0,3.1502,0.7454,1,0
Championship,2025/2026,2025-11-28,18,Oxford_United,Ipswich_Town,2,1,1.1845,1.7341,1,0
Premier League,2025/2026,2025-11-29,13,Tottenham_Hotspur,Fulham,1,2,0.8645,0.4492,1,0
Premier League,2025/2026,2025-11-29,13,Everton,Newcastle_United,1,4,0.9897,1.9053,1,0
Premier League,2025/2026,2025-11-29,13,Sunderland,AFC_Bournemouth,3,2,1.2772,1.7005,1,0
Premier League,2025/2026,2025-11-29,13,Manchester_City,Leeds_United,3,2,3.0981,1.5366,1,0
Premier League,2025/2026,2025-11-29,13,Brentford,Burnley,3,1,3.0628,0.9465,1,0
League One,2025/2026,2025-11-29,18,Wigan_Athletic,Stevenage,0,0,0.8763,0.6098,1,0
League One,2025/2026,2025-11-29,18,Rotherham_United,Wycombe_Wanderers,1,1,1.6357,1.3953,1,0
League One,2025/2026,2025-11-29,18,Luton_Town,Bolton_Wanderers,1,1,1.6809,0.7808,1,0
League One,2025/2026,2025-11-29,18,Lincoln_City,Port_Vale,1,0,0.7353,0.5421,1,0
League One,2025/2026,2025-11-29,18,Huddersfield_Town,AFC_Wimbledon,3,3,3.2549,1.5072,1,0
League One,2025/2026,2025-11-29,18,Doncaster_Rovers,Peterborough_United,2,1,1.8398,0.6714,1,0
League One,2025/2026,2025-11-29,18,Cardiff_City,Mansfield_Town,3,0,3.2978,1.0682,1,0
League One,2025/2026,2025-11-29,18,Burton_Albion,Leyton_Orient,0,4,0.5291,0.8898,1,0
League One,2025/2026,2025-11-29,18,Bradford_City,Exeter_City,1,0,0.8518,1.3521,1,0
League One,2025/2026,2025-11-29,18,Plymouth_Argyle,Northampton_Town,0,3,1.1698,1.7309,1,0
League One,2025/2026,2025-11-29,18,Stockport_County,Barnsley,1,1,1.3408,1.0315,1,0
League One,2025/2026,2025-11-29,18,Blackpool,Reading,0,3,1.1177,3.3908,1,0
Championship,2025/2026,2025-11-29,18,Wrexham,Blackburn_Rovers,1,1,1.6511,0.9449,1,0
Championship,2025/2026,2025-11-29,18,Leicester_City,Sheffield_United,2,3,1.3477,0.9702,1,0
Championship,2025/2026,2025-11-29,18,Portsmouth,Bristol_City,0,1,1.473,1.5993,1,0
Championship,2025/2026,2025-11-29,18,Stoke_City,Hull_City,1,2,0.804,1.1821,1,0
Championship,2025/2026,2025-11-29,18,Coventry_City,Charlton_Athletic,3,1,2.4346,0.6618,1,0
Championship,2025/2026,2025-11-29,18,Middlesbrough,Derby_County,2,1,1.5306,0.9224,1,0
Championship,2025/2026,2025-11-29,18,Millwall,Southampton,3,2,1.8324,1.2044,1,0
Championship,2025/2026,2025-11-29,18,Norwich_City,Queens_Park_Rangers,3,1,1.3088,1.0242,1,0
Championship,2025/2026,2025-11-29,18,Sheffield_Wednesday,Preston_North_End,2,3,2.3338,0.9389,1,0
Championship,2025/2026,2025-11-29,18,West_Bromwich_Albion,Swansea_City,3,2,1.732,0.2102,1,0
Premier League,2025/2026,2025-11-30,13,Nottingham_Forest,Brighton_&_Hove_Albion,0,2,0.8889,1.999,1,0
Premier League,2025/2026,2025-11-30,13,West_Ham_United,Liverpool,0,2,0.2947,1.2408,1,0
Premier League,2025/2026,2025-11-30,13,Aston_Villa,Wolverhampton_Wanderers,1,0,0.9372,0.4893,1,0
Premier League,2025/2026,2025-11-30,13,Crystal_Palace,Manchester_United,1,2,1.8291,1.1921,1,0
Premier League,2025/2026,2025-11-30,13,Chelsea,Arsenal,1,1,0.7947,1.2602,1,0
Championship,2025/2026,2025-12-01,18,Birmingham_City,Watford,2,1,1.2077,0.9206,1,0
League One,2025/2026,2025-12-02,19,Wigan_Athletic,Burton_Albion,1,0,1.5109,0.6568,1,0
Championship,2025/2026,2025-12-02,6,Blackburn_Rovers,Ipswich_Town,1,1,1.2621,0.5104,1,0
Premier League,2025/2026,2025-12-02,14,Newcastle_United,Tottenham_Hotspur,2,2,2.0428,0.7507,1,0
Premier League,2025/2026,2025-12-02,14,Fulham,Manchester_City,4,5,0.911,2.1713,1,0
Premier League,2025/2026,2025-12-02,14,AFC_Bournemouth,Everton,0,1,0.5036,1.4396,1,0
Premier League,2025/2026,2025-12-03,14,Arsenal,Brentford,2,0,1.7665,0.3483,1,0
Premier League,2025/2026,2025-12-03,14,Burnley,Crystal_Palace,0,1,0.9537,0.591,1,0
Premier League,2025/2026,2025-12-03,14,Brighton_&_Hove_Albion,Aston_Villa,3,4,2.2056,2.4056,1,0
Premier League,2025/2026,2025-12-03,14,Liverpool,Sunderland,1,1,1.4478,0.4147,1,0
Premier League,2025/2026,2025-12-03,14,Wolverhampton_Wanderers,Nottingham_Forest,0,1,0.9143,0.7436,1,0
Premier League,2025/2026,2025-12-03,14,Leeds_United,Chelsea,3,1,2.786,0.9617,1,0
Premier League,2025/2026,2025-12-04,14,Manchester_United,West_Ham_United,1,1,1.7978,0.7909,1,0
Championship,2025/2026,2025-12-05,19,Hull_City,Middlesbrough,1,4,1.0124,1.2946,1,0
Championship,2025/2026,2025-12-06,19,Preston_North_End,Wrexham,1,1,1.4272,1.3954,1,0
Championship,2025/2026,2025-12-06,19,Bristol_City,Millwall,0,1,1.4437,0.9741,1,0
League One,2025/2026,2025-12-06,16,Plymouth_Argyle,Bradford_City,0,1,1.0741,1.338,1,0
League One,2025/2026,2025-12-06,16,Cardiff_City,Huddersfield_Town,3,2,1.3732,1.4722,1,0
Championship,2025/2026,2025-12-06,19,Watford,Norwich_City,3,2,1.2762,1.881,1,0
Championship,2025/2026,2025-12-06,19,Derby_County,Leicester_City,1,3,1.4271,1.3341,1,0
Championship,2025/2026,2025-12-06,19,Queens_Park_Rangers,West_Bromwich_Albion,3,1,2.0,1.4765,1,0
Premier League,2025/2026,2025-12-06,15,AFC_Bournemouth,Chelsea,0,0,1.4188,0.9232,1,0
Championship,2025/2026,2025-12-06,19,Sheffield_United,Stoke_City,4,0,2.4323,0.2653,1,0
Championship,2025/2026,2025-12-06,19,Southampton,Birmingham_City,3,1,2.0827,2.0059,1,0
Championship,2025/2026,2025-12-06,19,Swansea_City,Oxford_United,2,0,0.8939,1.4147,1,0
Premier League,2025/2026,2025-12-06,15,Aston_Villa,Arsenal,2,1,2.1624,1.9234,1,0
Premier League,2025/2026,2025-12-06,15,Manchester_City,Sunderland,3,0,2.4204,0.7086,1,0
Premier League,2025/2026,2025-12-06,15,Leeds_United,Liverpool,3,3,1.506,1.9123,1,0
Premier League,2025/2026,2025-12-06,15,Tottenham_Hotspur,Brentford,2,0,2.1835,0.2869,1,0
Premier League,2025/2026,2025-12-06,15,Newcastle_United,Burnley,2,1,1.7672,1.607,1,0
Premier League,2025/2026,2025-12-06,15,Everton,Nottingham_Forest,3,0,1.1159,0.5339,1,0
Championship,2025/2026,2025-12-06,19,Ipswich_Town,Coventry_City,3,0,1.4538,0.6668,1,0
Premier League,2025/2026,2025-12-07,15,Brighton_&_Hove_Albion,West_Ham_United,1,1,1.8693,1.1444,1,0
Premier League,2025/2026,2025-12-07,15,Fulham,Crystal_Palace,1,2,0.7566,1.6521,1,0
Premier League,2025/2026,2025-12-08,15,Wolverhampton_Wanderers,Manchester_United,1,4,0.4055,4.2426,1,0
Championship,2025/2026,2025-12-09,20,Blackburn_Rovers,Oxford_United,1,1,2.2841,0.2851,1,0
Championship,2025/2026,2025-12-09,20,Charlton_Athletic,Middlesbrough,1,2,0.3363,0.845,1,0
League One,2025/2026,2025-12-09,19,Exeter_City,AFC_Wimbledon,1,0,0.7216,0.6353,1,0
Championship,2025/2026,2025-12-09,20,Sheffield_United,Norwich_City,1,1,2.8956,1.2561,1,0
Championship,2025/2026,2025-12-09,20,Southampton,West_Bromwich_Albion,3,2,1.113,1.3343,1,0
Championship,2025/2026,2025-12-09,20,Swansea_City,Portsmouth,1,0,0.8589,0.6386,1,0
Championship,2025/2026,2025-12-09,20,Watford,Sheffield_Wednesday,1,1,2.9319,0.5387,1,0
Championship,2025/2026,2025-12-09,20,Queens_Park_Rangers,Birmingham_City,2,1,1.5743,0.2875,1,0
League One,2025/2026,2025-12-09,19,Doncaster_Rovers,Stockport_County,0,2,0.3501,0.6876,1,0
Championship,2025/2026,2025-12-09,20,Preston_North_End,Coventry_City,1,1,0.2871,1.9457,1,0
League One,2025/2026,2025-12-09,19,Leyton_Orient,Luton_Town,1,1,1.7663,1.5826,1,0
League One,2025/2026,2025-12-09,19,Mansfield_Town,Bolton_Wanderers,0,1,0.2599,1.4661,1,0
League One,2025/2026,2025-12-09,19,Wycombe_Wanderers,Plymouth_Argyle,0,1,1.6036,0.3759,1,0
League One,2025/2026,2025-12-09,19,Reading,Peterborough_United,1,2,1.6585,0.7116,1,0
League One,2025/2026,2025-12-09,19,Stevenage,Cardiff_City,0,1,0.1184,1.0069,1,0
League One,2025/2026,2025-12-09,19,Lincoln_City,Barnsley,3,1,1.6066,1.5337,1,0
League One,2025/2026,2025-12-09,19,Northampton_Town,Huddersfield_Town,1,1,0.1624,1.4123,1,0
Championship,2025/2026,2025-12-10,20,Derby_County,Millwall,1,1,1.2031,0.9107,1,0
Championship,2025/2026,2025-12-10,20,Bristol_City,Leicester_City,2,2,2.0915,1.5172,1,0
League One,2025/2026,2025-12-10,19,Rotherham_United,Blackpool,0,3,2.0741,1.1542,1,0
Championship,2025/2026,2025-12-10,20,Ipswich_Town,Stoke_City,1,0,0.9698,0.417,1,0
Championship,2025/2026,2025-12-10,20,Hull_City,Wrexham,2,0,2.2917,1.3285,1,0
Championship,2025/2026,2025-12-12,21,West_Bromwich_Albion,Sheffield_United,2,0,2.3081,1.151,1,0
Premier League,2025/2026,2025-12-13,16,Arsenal,Wolverhampton_Wanderers,2,1,1.1317,0.3774,1,0
Premier League,2025/2026,2025-12-13,16,Burnley,Fulham,2,3,2.4554,2.2256,1,0
Premier League,2025/2026,2025-12-13,16,Liverpool,Brighton_&_Hove_Albion,2,0,1.8861,1.9002,1,0
Premier League,2025/2026,2025-12-13,16,Chelsea,Everton,2,0,2.1978,1.0311,1,0
League One,2025/2026,2025-12-13,20,AFC_Wimbledon,Mansfield_Town,0,0,0.2238,0.4712,1,0
League One,2025/2026,2025-12-13,20,Huddersfield_Town,Wigan_Athletic,1,1,0.6799,0.6557,1,0
Championship,2025/2026,2025-12-13,21,Norwich_City,Southampton,2,1,1.3327,2.1188,1,0
Championship,2025/2026,2025-12-13,21,Oxford_United,Preston_North_End,1,2,1.5656,0.6127,1,0
Championship,2025/2026,2025-12-13,21,Stoke_City,Swansea_City,2,1,0.4613,1.2517,1,0
Championship,2025/2026,2025-12-13,21,Birmingham_City,Charlton_Athletic,1,1,1.24,1.1233,1,0
Championship,2025/2026,2025-12-13,21,Coventry_City,Bristol_City,1,0,2.1111,1.3427,1,0
Championship,2025/2026,2025-12-13,21,Leicester_City,Ipswich_Town,3,1,0.9737,1.28,1,0
Championship,2025/2026,2025-12-13,21,Middlesbrough,Queens_Park_Rangers,3,1,2.2863,1.2953,1,0
Championship,2025/2026,2025-12-13,21,Millwall,Hull_City,1,3,0.8186,2.0312,1,0
Championship,2025/2026,2025-12-13,21,Portsmouth,Blackburn_Rovers,2,1,1.7726,0.7151,1,0
Championship,2025/2026,2025-12-13,21,Wrexham,Watford,2,2,1.2026,0.8307,1,0
League One,2025/2026,2025-12-13,20,Bradford_City,Reading,2,0,1.2176,0.8306,1,0
League One,2025/2026,2025-12-13,20,Peterborough_United,Northampton_Town,2,1,3.3635,0.8908,1,0
League One,2025/2026,2025-12-13,20,Plymouth_Argyle,Rotherham_United,1,0,1.016,1.3773,1,0
League One,2025/2026,2025-12-13,20,Burton_Albion,Wycombe_Wanderers,0,0,1.1362,0.8849,1,0
League One,2025/2026,2025-12-13,20,Stockport_County,Stevenage,1,3,1.3774,0.6955,1,0
League One,2025/2026,2025-12-13,20,Bolton_Wanderers,Exeter_City,2,1,2.3149,0.5121,1,0
League One,2025/2026,2025-12-13,20,Luton_Town,Port_Vale,2,2,1.2568,1.6797,1,0
League One,2025/2026,2025-12-13,20,Blackpool,Lincoln_City,2,2,2.5205,0.5166,1,0
League One,2025/2026,2025-12-13,20,Barnsley,Leyton_Orient,3,2,2.5432,2.0352,1,0
League One,2025/2026,2025-12-13,20,Cardiff_City,Doncaster_Rovers,4,3,1.6784,2.1571,1,0
Premier League,2025/2026,2025-12-14,16,Crystal_Palace,Manchester_City,0,3,1.8827,1.1883,1,0
Premier League,2025/2026,2025-12-14,16,Nottingham_Forest,Tottenham_Hotspur,3,0,2.3153,0.3338,1,0
Premier League,2025/2026,2025-12-14,16,Sunderland,Newcastle_United,1,0,0.2959,0.2421,1,0
Premier League,2025/2026,2025-12-14,16,West_Ham_United,Aston_Villa,2,3,1.0254,0.6658,1,0
Premier League,2025/2026,2025-12-14,16,Brentford,Leeds_United,1,1,0.72,1.5178,1,0
Championship,2025/2026,2025-12-15,21,Sheffield_Wednesday,Derby_County,0,3,0.1201,1.5608,1,0
Premier League,2025/2026,2025-12-15,16,Manchester_United,AFC_Bournemouth,4,4,3.398,1.9371,1,0
League One,2025/2026,2025-12-18,21,Reading,Luton_Town,3,2,1.1857,0.9881,1,0
Championship,2025/2026,2025-12-19,22,Swansea_City,Wrexham,2,1,2.0371,0.3607,1,0
League One,2025/2026,2025-12-19,21,Northampton_Town,AFC_Wimbledon,3,1,0.8836,1.5508,1,0
League One,2025/2026,2025-12-20,21,Mansfield_Town,Stockport_County,1,2,1.4269,1.0389,1,0
Premier League,2025/2026,2025-12-20,17,Everton,Arsenal,0,1,0.2038,2.0034,1,0
Premier League,2025/2026,2025-12-20,17,Tottenham_Hotspur,Liverpool,1,2,1.0675,0.6622,1,0
Premier League,2025/2026,2025-12-20,17,Wolverhampton_Wanderers,Brentford,0,2,1.2683,1.2798,1,0
Premier League,2025/2026,2025-12-20,17,Manchester_City,West_Ham_United,3,0,2.0996,0.9753,1,0
Premier League,2025/2026,2025-12-20,17,Brighton_&_Hove_Albion,Sunderland,0,0,1.1278,1.3847,1,0
Premier League,2025/2026,2025-12-20,17,AFC_Bournemouth,Burnley,1,1,1.4081,0.3844,1,0
League One,2025/2026,2025-12-20,21,Port_Vale,Peterborough_United,0,1,1.1677,1.6454,1,0
Premier League,2025/2026,2025-12-20,17,Newcastle_United,Chelsea,2,2,2.3056,1.2193,1,0
League One,2025/2026,2025-12-20,21,Stevenage,Burton_Albion,2,2,1.0213,1.1818,1,0
League One,2025/2026,2025-12-20,21,Wigan_Athletic,Blackpool,0,2,2.3057,0.9201,1,0
League One,2025/2026,2025-12-20,21,Doncaster_Rovers,Plymouth_Argyle,1,5,1.0165,2.3809,1,0
League One,2025/2026,2025-12-20,21,Exeter_City,Barnsley,3,0,2.0144,0.53,1,0
League One,2025/2026,2025-12-20,21,Leyton_Orient,Bradford_City,2,1,1.6702,1.4087,1,0
League One,2025/2026,2025-12-20,21,Lincoln_City,Cardiff_City,2,1,1.2595,1.7964,1,0
Premier League,2025/2026,2025-12-20,17,Leeds_United,Crystal_Palace,4,1,2.674,1.565,1,0
League One,2025/2026,2025-12-20,21,Wycombe_Wanderers,Bolton_Wanderers,2,1,0.3785,1.6491,1,0
League One,2025/2026,2025-12-20,21,Rotherham_United,Huddersfield_Town,1,3,0.1395,1.548,1,0
Championship,2025/2026,2025-12-20,22,Bristol_City,Middlesbrough,2,0,0.9047,2.1827,1,0
Championship,2025/2026,2025-12-20,22,Watford,Stoke_City,1,0,1.2215,0.5231,1,0
Championship,2025/2026,2025-12-20,22,Sheffield_United,Birmingham_City,3,0,2.7987,0.6479,1,0
Championship,2025/2026,2025-12-20,22,Queens_Park_Rangers,Leicester_City,4,1,1.7719,1.1412,1,0
Championship,2025/2026,2025-12-20,22,Ipswich_Town,Sheffield_Wednesday,3,1,2.9169,0.799,1,0
Championship,2025/2026,2025-12-20,22,Hull_City,West_Bromwich_Albion,1,0,1.2945,1.3389,1,0
Championship,2025/2026,2025-12-20,22,Derby_County,Portsmouth,1,1,0.7924,0.1472,1,0
Championship,2025/2026,2025-12-20,22,Charlton_Athletic,Oxford_United,1,0,0.7692,0.6086,1,0
Championship,2025/2026,2025-12-20,22,Preston_North_End,Norwich_City,1,1,1.1394,0.4034,1,0
Championship,2025/2026,2025-12-20,22,Blackburn_Rovers,Millwall,2,0,2.3497,0.5912,1,0
Championship,2025/2026,2025-12-20,22,Southampton,Coventry_City,1,1,1.3204,0.4815,1,0
Premier League,2025/2026,2025-12-21,17,Aston_Villa,Manchester_United,2,1,1.5446,1.3325,1,0
Premier League,2025/2026,2025-12-22,17,Fulham,Nottingham_Forest,1,0,1.4965,0.6676,1,0
League One,2025/2026,2025-12-26,22,Huddersfield_Town,Port_Vale,5,0,2.1765,0.5873,1,0
Championship,2025/2026,2025-12-26,23,Sheffield_Wednesday,Hull_City,2,2,1.5607,1.5247,1,0
Championship,2025/2026,2025-12-26,23,Portsmouth,Queens_Park_Rangers,1,1,0.5283,0.4717,1,0
Championship,2025/2026,2025-12-26,23,Oxford_United,Southampton,2,1,0.914,1.4424,1,0
Championship,2025/2026,2025-12-26,23,Norwich_City,Charlton_Athletic,1,0,1.1642,0.3053,1,0
Championship,2025/2026,2025-12-26,23,Middlesbrough,Blackburn_Rovers,0,0,0.7549,1.2344,1,0
Championship,2025/2026,2025-12-26,23,Leicester_City,Watford,1,2,0.4259,1.3981,1,0
Championship,2025/2026,2025-12-26,23,Coventry_City,Swansea_City,1,0,1.3025,1.2237,1,0
Championship,2025/2026,2025-12-26,23,Millwall,Ipswich_Town,0,0,0.3644,0.8136,1,0
Championship,2025/2026,2025-12-26,23,Birmingham_City,Derby_County,1,1,2.9832,0.785,1,0
League One,2025/2026,2025-12-26,22,AFC_Wimbledon,Stevenage,0,0,0.215,0.5516,1,0
League One,2025/2026,2025-12-26,22,Barnsley,Mansfield_Town,2,3,0.8155,1.8248,1,0
League One,2025/2026,2025-12-26,22,Blackpool,Doncaster_Rovers,1,0,1.5884,0.6336,1,0
League One,2025/2026,2025-12-26,22,Bolton_Wanderers,Rotherham_United,2,1,2.1234,1.5281,1,0
Premier League,2025/2026,2025-12-26,18,Manchester_United,Newcastle_United,1,0,1.2705,1.178,1,0
Championship,2025/2026,2025-12-26,23,Wrexham,Sheffield_United,5,3,2.2911,1.8937,1,0
Championship,2025/2026,2025-12-26,23,Stoke_City,Preston_North_End,0,0,1.0573,0.593,1,0
League One,2025/2026,2025-12-26,22,Bradford_City,Wigan_Athletic,2,1,0.8514,1.104,1,0
League One,2025/2026,2025-12-26,22,Burton_Albion,Northampton_Town,5,1,2.85,1.4806,1,0
League One,2025/2026,2025-12-26,22,Stockport_County,Lincoln_City,1,2,1.609,1.9503,1,0
League One,2025/2026,2025-12-26,22,Plymouth_Argyle,Reading,1,4,1.0779,3.6563,1,0
League One,2025/2026,2025-12-26,22,Peterborough_United,Leyton_Orient,1,0,1.369,0.425,1,0
League One,2025/2026,2025-12-26,22,Luton_Town,Wycombe_Wanderers,4,0,2.341,0.2775,1,0
League One,2025/2026,2025-12-26,22,Cardiff_City,Exeter_City,1,0,1.5355,0.5021,1,0
Championship,2025/2026,2025-12-26,23,West_Bromwich_Albion,Bristol_City,1,2,1.5867,0.7373,1,0
Premier League,2025/2026,2025-12-27,18,Liverpool,Wolverhampton_Wanderers,2,1,1.5436,1.0717,1,0
Premier League,2025/2026,2025-12-27,18,West_Ham_United,Fulham,0,1,0.9066,1.6213,1,0
Premier League,2025/2026,2025-12-27,18,Brentford,AFC_Bournemouth,4,1,3.6596,2.716,1,0
Premier League,2025/2026,2025-12-27,18,Burnley,Everton,0,0,1.4106,0.8485,1,0
Premier League,2025/2026,2025-12-27,18,Chelsea,Aston_Villa,1,2,2.1436,1.1941,1,0
Premier League,2025/2026,2025-12-27,18,Arsenal,Brighton_&_Hove_Albion,2,1,3.0769,0.8512,1,0
Premier League,2025/2026,2025-12-27,18,Nottingham_Forest,Manchester_City,1,2,0.5515,1.4524,1,0
Premier League,2025/2026,2025-12-28,18,Sunderland,Leeds_United,1,1,0.7013,2.167,1,0
Premier League,2025/2026,2025-12-28,18,Crystal_Palace,Tottenham_Hotspur,0,1,1.4706,0.8806,1,0
Championship,2025/2026,2025-12-29,24,Norwich_City,Watford,0,1,0.9463,0.3576,1,0
Championship,2025/2026,2025-12-29,24,West_Bromwich_Albion,Queens_Park_Rangers,2,1,1.4796,0.1359,1,0
Championship,2025/2026,2025-12-29,24,Sheffield_Wednesday,Blackburn_Rovers,0,0,0.4743,0.815,1,0
Championship,2025/2026,2025-12-29,24,Portsmouth,Charlton_Athletic,2,1,0.7373,1.0095,1,0
Championship,2025/2026,2025-12-29,24,Oxford_United,Swansea_City,0,1,0.4839,0.7872,1,0
League One,2025/2026,2025-12-29,23,Bolton_Wanderers,Mansfield_Town,0,1,2.2356,0.8905,1,0
Championship,2025/2026,2025-12-29,24,Millwall,Bristol_City,2,1,0.6311,0.963,1,0
Championship,2025/2026,2025-12-29,24,Middlesbrough,Hull_City,0,1,1.4653,0.2898,1,0
Championship,2025/2026,2025-12-29,24,Leicester_City,Derby_County,2,1,0.6765,0.6863,1,0
League One,2025/2026,2025-12-29,23,Cardiff_City,Stevenage,2,1,1.9716,0.3317,1,0
League One,2025/2026,2025-12-29,23,Bradford_City,Port_Vale,1,0,0.696,0.405,1,0
League One,2025/2026,2025-12-29,23,Burton_Albion,Wigan_Athletic,0,2,1.4409,1.4966,1,0
Championship,2025/2026,2025-12-29,24,Wrexham,Preston_North_End,2,1,2.5327,1.0707,1,0
League One,2025/2026,2025-12-29,23,Huddersfield_Town,Northampton_Town,2,0,2.3225,0.2204,1,0
League One,2025/2026,2025-12-29,23,Luton_Town,Leyton_Orient,3,0,2.8125,1.1206,1,0
League One,2025/2026,2025-12-29,23,Peterborough_United,Reading,1,1,2.1985,0.7122,1,0
League One,2025/2026,2025-12-29,23,Plymouth_Argyle,Wycombe_Wanderers,1,1,1.2675,1.5877,1,0
League One,2025/2026,2025-12-29,23,Stockport_County,Doncaster_Rovers,4,2,1.8924,1.683,1,0
Championship,2025/2026,2025-12-29,24,Coventry_City,Ipswich_Town,0,2,0.7979,1.1361,1,0
Championship,2025/2026,2025-12-29,24,Birmingham_City,Southampton,1,1,1.7027,1.3621,1,0
Championship,2025/2026,2025-12-29,24,Stoke_City,Sheffield_United,1,2,0.5896,2.5006,1,0
League One,2025/2026,2025-12-29,23,AFC_Wimbledon,Exeter_City,0,1,0.8798,0.8076,1,0
League One,2025/2026,2025-12-29,23,Barnsley,Lincoln_City,0,2,0.8224,0.5658,1,0
League One,2025/2026,2025-12-29,23,Blackpool,Rotherham_United,4,0,1.3793,1.2547,1,0
Premier League,2025/2026,2025-12-30,19,Nottingham_Forest,Everton,0,2,1.5504,1.2575,1,0
Premier League,2025/2026,2025-12-30,19,Chelsea,AFC_Bournemouth,2,2,2.3065,3.1381,1,0
Premier League,2025/2026,2025-12-30,19,West_Ham_United,Brighton_&_Hove_Albion,2,2,2.06,2.9414,1,0
Premier League,2025/2026,2025-12-30,19,Arsenal,Aston_Villa,4,1,3.0436,2.517,1,0
Premier League,2025/2026,2025-12-30,19,Manchester_United,Wolverhampton_Wanderers,1,1,0.8375,1.1621,1,0
Premier League,2025/2026,2025-12-30,19,Burnley,Newcastle_United,1,3,1.0874,2.314,1,0
League One,2025/2026,2026-01-01,24,Leyton_Orient,AFC_Wimbledon,1,3,0.2379,1.2196,1,0
League One,2025/2026,2026-01-01,24,Lincoln_City,Huddersfield_Town,1,1,1.9262,1.2148,1,0
League One,2025/2026,2026-01-01,24,Mansfield_Town,Bradford_City,3,0,2.1198,1.441,1,0
League One,2025/2026,2026-01-01,24,Port_Vale,Blackpool,5,1,2.5641,0.3483,1,0
League One,2025/2026,2026-01-01,24,Reading,Burton_Albion,2,0,1.7564,0.2668,1,0
League One,2025/2026,2026-01-01,24,Rotherham_United,Peterborough_United,0,2,1.0,2.168,1,0
League One,2025/2026,2026-01-01,24,Stevenage,Plymouth_Argyle,1,1,0.7041,1.1979,1,0
League One,2025/2026,2026-01-01,24,Wigan_Athletic,Barnsley,1,1,1.5115,0.5806,1,0
Premier League,2025/2026,2026-01-01,19,Sunderland,Manchester_City,0,0,0.883,2.2421,1,0
Premier League,2025/2026,2026-01-01,19,Brentford,Tottenham_Hotspur,0,0,0.9238,0.8623,1,0
Premier League,2025/2026,2026-01-01,19,Liverpool,Leeds_United,0,0,2.0781,0.6946,1,0
League One,2025/2026,2026-01-01,24,Northampton_Town,Stockport_County,0,0,0.7052,0.3482,1,0
League One,2025/2026,2026-01-01,24,Exeter_City,Luton_Town,1,0,1.2924,0.2964,1,0
Championship,2025/2026,2026-01-01,25,Blackburn_Rovers,Wrexham,0,2,0.6555,0.6686,1,0
Championship,2025/2026,2026-01-01,25,Bristol_City,Portsmouth,5,0,1.5121,0.4225,1,0
Championship,2025/2026,2026-01-01,25,Sheffield_United,Leicester_City,3,1,2.4028,0.2061,1,0
Championship,2025/2026,2026-01-01,25,Watford,Birmingham_City,3,0,1.5569,0.4006,1,0
Championship,2025/2026,2026-01-01,25,Swansea_City,West_Bromwich_Albion,1,0,0.6974,1.378,1,0
Championship,2025/2026,2026-01-01,25,Southampton,Millwall,0,0,0.9561,1.4945,1,0
Championship,2025/2026,2026-01-01,25,Queens_Park_Rangers,Norwich_City,1,2,0.7189,1.9028,1,0
Championship,2025/2026,2026-01-01,25,Preston_North_End,Sheffield_Wednesday,3,0,1.9082,0.2075,1,0
Championship,2025/2026,2026-01-01,25,Ipswich_Town,Oxford_United,2,1,1.4279,1.0828,1,0
Premier League,2025/2026,2026-01-01,19,Crystal_Palace,Fulham,1,1,1.9324,1.7565,1,0
Championship,2025/2026,2026-01-01,25,Hull_City,Stoke_City,0,1,1.3146,1.6474,1,0
Championship,2025/2026,2026-01-01,25,Derby_County,Middlesbrough,1,0,1.1623,1.3275,1,0
Championship,2025/2026,2026-01-01,25,Charlton_Athletic,Coventry_City,1,1,1.4551,1.554,1,0
League One,2025/2026,2026-01-01,24,Doncaster_Rovers,Bolton_Wanderers,1,1,1.5524,0.8686,1,0
League One,2025/2026,2026-01-01,24,Wycombe_Wanderers,Cardiff_City,1,1,1.3531,2.4528,1,0
Premier League,2025/2026,2026-01-03,20,Wolverhampton_Wanderers,West_Ham_United,3,0,1.8701,0.2515,1,0
Premier League,2025/2026,2026-01-03,20,Aston_Villa,Nottingham_Forest,3,1,1.5929,0.8866,1,0
Premier League,2025/2026,2026-01-03,20,Brighton_&_Hove_Albion,Burnley,2,0,1.4494,0.2965,1,0
Premier League,2025/2026,2026-01-03,20,AFC_Bournemouth,Arsenal,2,3,1.4349,1.1299,1,0
Premier League,2025/2026,2026-01-04,20,Newcastle_United,Crystal_Palace,2,0,2.079,0.7016,1,0
Championship,2025/2026,2026-01-04,26,Blackburn_Rovers,Charlton_Athletic,2,2,0.7781,1.408,1,0
Championship,2025/2026,2026-01-04,26,Queens_Park_Rangers,Sheffield_Wednesday,3,0,1.4952,0.1035,1,0
Championship,2025/2026,2026-01-04,26,Birmingham_City,Coventry_City,3,2,1.497,1.3592,1,0
Championship,2025/2026,2026-01-04,26,Middlesbrough,Southampton,4,0,2.273,1.1151,1,0
Premier League,2025/2026,2026-01-04,20,Manchester_City,Chelsea,1,1,1.0173,1.8509,1,0
Premier League,2025/2026,2026-01-04,20,Fulham,Liverpool,2,2,0.7382,1.3715,1,0
Premier League,2025/2026,2026-01-04,20,Tottenham_Hotspur,Sunderland,1,1,1.1812,0.4363,1,0
Championship,2025/2026,2026-01-04,26,Bristol_City,Preston_North_End,0,2,0.4158,1.0811,1,0
Premier League,2025/2026,2026-01-04,20,Everton,Brentford,2,4,0.8898,2.6562,1,0
Premier League,2025/2026,2026-01-04,20,Leeds_United,Manchester_United,1,1,0.899,1.5849,1,0
Championship,2025/2026,2026-01-04,26,Derby_County,Wrexham,1,2,1.3549,1.003,1,0
Championship,2025/2026,2026-01-04,26,Norwich_City,Stoke_City,0,2,0.5355,2.0606,1,0
League One,2025/2026,2026-01-04,25,Bolton_Wanderers,Northampton_Town,0,0,1.4386,0.3738,1,0
League One,2025/2026,2026-01-04,25,Lincoln_City,Peterborough_United,5,2,2.5974,2.1086,1,0
League One,2025/2026,2026-01-04,25,Blackpool,Bradford_City,1,2,1.1808,0.5734,1,0
League One,2025/2026,2026-01-04,25,Cardiff_City,Wigan_Athletic,1,0,1.19,0.1314,1,0
League One,2025/2026,2026-01-04,25,Huddersfield_Town,Exeter_City,2,2,1.9078,1.2501,1,0
League One,2025/2026,2026-01-04,25,Plymouth_Argyle,Burton_Albion,3,0,2.3821,0.5358,1,0
League One,2025/2026,2026-01-04,25,Wycombe_Wanderers,AFC_Wimbledon,2,0,1.9451,0.2251,1,0
Championship,2025/2026,2026-01-04,26,Millwall,Swansea_City,2,1,1.9332,1.0456,1,0
League One,2025/2026,2026-01-04,25,Reading,Stockport_County,1,0,0.8895,1.2491,1,0
Championship,2025/2026,2026-01-05,26,Leicester_City,West_Bromwich_Albion,2,1,0.8977,1.0499,1,0
Premier League,2025/2026,2026-01-06,21,West_Ham_United,Nottingham_Forest,1,2,0.9466,1.3755,1,0
Premier League,2025/2026,2026-01-07,21,Newcastle_United,Leeds_United,4,3,2.435,1.8919,1,0
Premier League,2025/2026,2026-01-07,21,Everton,Wolverhampton_Wanderers,1,1,0.8892,0.7253,1,0
Premier League,2025/2026,2026-01-07,21,Manchester_City,Brighton_&_Hove_Albion,1,1,2.554,1.1559,1,0
Premier League,2025/2026,2026-01-07,21,Fulham,Chelsea,2,1,1.1962,2.3902,1,0
Premier League,2025/2026,2026-01-07,21,Crystal_Palace,Aston_Villa,0,0,1.5006,1.7393,1,0
Premier League,2025/2026,2026-01-07,21,AFC_Bournemouth,Tottenham_Hotspur,3,2,1.2672,1.2459,1,0
Premier League,2025/2026,2026-01-07,21,Burnley,Manchester_United,2,2,0.2366,2.5466,1,0
Premier League,2025/2026,2026-01-07,21,Brentford,Sunderland,3,0,3.2432,1.7221,1,0
Premier League,2025/2026,2026-01-08,21,Arsenal,Liverpool,0,0,0.5739,0.3146,1,0
League One,2025/2026,2026-01-10,26,Stockport_County,Huddersfield_Town,1,0,0.8003,0.328,1,0
League One,2025/2026,2026-01-10,26,Peterborough_United,Bolton_Wanderers,3,1,1.0238,2.123,1,0
League One,2025/2026,2026-01-10,26,Luton_Town,Stevenage,2,1,2.3383,1.4405,1,0
League One,2025/2026,2026-01-10,26,Leyton_Orient,Cardiff_City,1,1,1.3269,1.2458,1,0
Championship,2025/2026,2026-01-16,27,West_Bromwich_Albion,Middlesbrough,2,3,0.9285,0.989,1,0
Premier League,2025/2026,2026-01-17,22,Manchester_United,Manchester_City,2,0,2.2682,0.4484,1,0
Premier League,2025/2026,2026-01-17,22,Nottingham_Forest,Arsenal,0,0,0.3409,2.0982,1,0
Premier League,2025/2026,2026-01-17,22,Tottenham_Hotspur,West_Ham_United,1,2,1.4423,2.846,1,0
Premier League,2025/2026,2026-01-17,22,Sunderland,Crystal_Palace,2,1,1.7126,0.6107,1,0
Premier League,2025/2026,2026-01-17,22,Liverpool,Burnley,1,1,3.1811,0.3967,1,0
Premier League,2025/2026,2026-01-17,22,Leeds_United,Fulham,1,0,1.4306,0.3873,1,0
Premier League,2025/2026,2026-01-17,22,Chelsea,Brentford,2,0,1.5914,1.5161,1,0
League One,2025/2026,2026-01-17,27,Luton_Town,Lincoln_City,2,2,1.7958,1.0395,1,0
League One,2025/2026,2026-01-17,27,Wigan_Athletic,Bolton_Wanderers,0,1,0.387,1.6988,1,0
Championship,2025/2026,2026-01-17,27,Swansea_City,Birmingham_City,1,1,1.6303,1.0507,1,0
Championship,2025/2026,2026-01-17,27,Wrexham,Norwich_City,1,2,1.6113,0.719,1,0
Championship,2025/2026,2026-01-17,27,Stoke_City,Queens_Park_Rangers,0,0,0.7852,0.2746,1,0
Championship,2025/2026,2026-01-17,27,Southampton,Hull_City,1,2,2.9301,0.6249,1,0
Championship,2025/2026,2026-01-17,27,Sheffield_Wednesday,Portsmouth,0,1,0.3264,1.6509,1,0
League One,2025/2026,2026-01-17,27,Bradford_City,Cardiff_City,1,2,1.229,0.5231,1,0
Championship,2025/2026,2026-01-17,27,Preston_North_End,Derby_County,0,1,0.9946,1.7582,1,0
Championship,2025/2026,2026-01-17,27,Oxford_United,Bristol_City,0,0,1.1981,0.4441,1,0
Championship,2025/2026,2026-01-17,27,Charlton_Athletic,Sheffield_United,1,0,1.0734,0.733,1,0
Championship,2025/2026,2026-01-17,27,Watford,Millwall,0,2,0.542,1.5658,1,0
Championship,2025/2026,2026-01-17,27,Coventry_City,Leicester_City,2,1,2.4533,1.4146,1,0
Championship,2025/2026,2026-01-17,27,Ipswich_Town,Blackburn_Rovers,3,0,2.859,0.6593,1,0
League One,2025/2026,2026-01-17,27,Stockport_County,Rotherham_United,3,2,2.5337,0.8319,1,0
League One,2025/2026,2026-01-17,27,Peterborough_United,Plymouth_Argyle,0,1,0.1923,4.0392,1,0
League One,2025/2026,2026-01-17,27,Northampton_Town,Wycombe_Wanderers,1,2,0.9419,1.2626,1,0
League One,2025/2026,2026-01-17,27,Mansfield_Town,Port_Vale,3,0,2.2928,0.7448,1,0
League One,2025/2026,2026-01-17,27,Leyton_Orient,Reading,3,1,2.0796,0.3553,1,0
League One,2025/2026,2026-01-17,27,Exeter_City,Stevenage,3,0,2.6397,0.3552,1,0
League One,2025/2026,2026-01-17,27,Burton_Albion,Huddersfield_Town,3,1,1.0953,1.9877,1,0
League One,2025/2026,2026-01-17,27,Barnsley,Blackpool,2,1,1.0913,1.06,1,0
League One,2025/2026,2026-01-17,27,AFC_Wimbledon,Doncaster_Rovers,0,1,0.7682,0.8724,1,0
Premier League,2025/2026,2026-01-18,22,Aston_Villa,Everton,0,1,1.4407,0.506,1,0
Premier League,2025/2026,2026-01-18,22,Wolverhampton_Wanderers,Newcastle_United,0,0,0.2851,0.9423,1,0
Premier League,2025/2026,2026-01-19,22,Brighton_&_Hove_Albion,AFC_Bournemouth,1,1,1.0245,1.2867,1,0
Championship,2025/2026,2026-01-20,28,Oxford_United,Queens_Park_Rangers,0,0,0.8035,0.6345,1,0
Championship,2025/2026,2026-01-20,28,Coventry_City,Millwall,2,1,2.6917,1.1744,1,0
Championship,2025/2026,2026-01-20,28,Ipswich_Town,Bristol_City,2,0,1.0816,0.7145,1,0
Championship,2025/2026,2026-01-20,28,Preston_North_End,Hull_City,0,3,0.9516,1.5558,1,0
Championship,2025/2026,2026-01-20,28,West_Bromwich_Albion,Norwich_City,0,5,1.2428,1.0808,1,0
Championship,2025/2026,2026-01-20,28,Swansea_City,Blackburn_Rovers,3,1,0.8654,1.0267,1,0
Championship,2025/2026,2026-01-20,28,Charlton_Athletic,Derby_County,1,2,0.9307,1.8724,1,0
Championship,2025/2026,2026-01-20,28,Wrexham,Leicester_City,1,1,1.0755,0.522,1,0
Championship,2025/2026,2026-01-20,28,Sheffield_Wednesday,Birmingham_City,0,2,0.3696,2.7572,1,0
League One,2025/2026,2026-01-20,16,Stevenage,Bolton_Wanderers,0,0,0.9931,0.3744,1,0
Championship,2025/2026,2026-01-21,28,Southampton,Sheffield_United,1,0,1.0447,1.1321,1,0
Championship,2025/2026,2026-01-21,28,Watford,Portsmouth,1,1,0.8266,0.6404,1,0
Championship,2025/2026,2026-01-21,28,Stoke_City,Middlesbrough,1,2,0.937,1.3409,1,0
League One,2025/2026,2026-01-22,28,Lincoln_City,Burton_Albion,2,1,1.1019,1.2298,1,0
Championship,2025/2026,2026-01-23,29,Derby_County,West_Bromwich_Albion,1,1,0.3339,1.1902,1,0
Premier League,2025/2026,2026-01-24,23,Manchester_City,Wolverhampton_Wanderers,2,0,0.861,0.6072,1,0
Premier League,2025/2026,2026-01-24,23,Fulham,Brighton_&_Hove_Albion,2,1,1.0494,1.5918,1,0
Premier League,2025/2026,2026-01-24,23,Burnley,Tottenham_Hotspur,2,2,1.438,2.0479,1,0
Premier League,2025/2026,2026-01-24,23,West_Ham_United,Sunderland,3,1,1.5228,0.6697,1,0
Championship,2025/2026,2026-01-24,29,Queens_Park_Rangers,Wrexham,2,3,0.9035,0.4792,1,0
Championship,2025/2026,2026-01-24,29,Hull_City,Swansea_City,2,1,1.7989,1.9758,1,0
Championship,2025/2026,2026-01-24,29,Leicester_City,Oxford_United,1,2,0.726,1.9039,1,0
Championship,2025/2026,2026-01-24,29,Sheffield_United,Ipswich_Town,3,1,1.5919,1.9688,1,0
Championship,2025/2026,2026-01-24,29,Millwall,Charlton_Athletic,4,0,3.9703,0.1418,1,0
Championship,2025/2026,2026-01-24,29,Middlesbrough,Preston_North_End,4,0,2.7165,0.4013,1,0
Premier League,2025/2026,2026-01-24,23,AFC_Bournemouth,Liverpool,3,2,2.3452,0.9292,1,0
Championship,2025/2026,2026-01-24,29,Bristol_City,Sheffield_Wednesday,2,0,2.5595,0.7105,1,0
Championship,2025/2026,2026-01-24,29,Blackburn_Rovers,Watford,1,1,0.8909,1.4309,1,0
Championship,2025/2026,2026-01-24,29,Birmingham_City,Stoke_City,1,1,2.0473,0.3648,1,0
League One,2025/2026,2026-01-24,28,Doncaster_Rovers,Wigan_Athletic,3,3,3.044,1.6097,1,0
League One,2025/2026,2026-01-24,28,Cardiff_City,Stockport_County,1,1,1.3238,1.4609,1,0
League One,2025/2026,2026-01-24,28,Wycombe_Wanderers,Peterborough_United,0,2,1.6982,2.5085,1,0
League One,2025/2026,2026-01-24,28,Stevenage,Mansfield_Town,1,1,0.5965,0.9918,1,0
League One,2025/2026,2026-01-24,28,Huddersfield_Town,Bradford_City,1,0,1.4445,0.1379,1,0
League One,2025/2026,2026-01-24,28,Rotherham_United,AFC_Wimbledon,1,1,3.0426,0.9449,1,0
League One,2025/2026,2026-01-24,28,Reading,Barnsley,2,2,1.3751,1.0276,1,0
League One,2025/2026,2026-01-24,28,Plymouth_Argyle,Luton_Town,1,0,2.1962,1.3015,1,0
League One,2025/2026,2026-01-24,28,Blackpool,Northampton_Town,2,0,3.065,0.8315,1,0
League One,2025/2026,2026-01-24,28,Bolton_Wanderers,Leyton_Orient,2,1,2.0567,0.5684,1,0
League One,2025/2026,2026-01-24,28,Port_Vale,Exeter_City,1,3,1.3554,1.7891,1,0
Premier League,2025/2026,2026-01-25,23,Newcastle_United,Aston_Villa,0,2,2.1754,1.1571,1,0
Championship,2025/2026,2026-01-25,29,Portsmouth,Southampton,1,1,1.6561,1.1764,1,0
Premier League,2025/2026,2026-01-25,23,Brentford,Nottingham_Forest,0,2,1.8087,0.7793,1,0
Premier League,2025/2026,2026-01-25,23,Crystal_Palace,Chelsea,1,3,1.7713,2.201,1,0
Premier League,2025/2026,2026-01-25,23,Arsenal,Manchester_United,2,3,1.1937,0.7142,1,0
Premier League,2025/2026,2026-01-26,23,Everton,Leeds_United,1,1,0.6962,1.377,1,0
Championship,2025/2026,2026-01-26,29,Norwich_City,Coventry_City,2,1,1.1806,1.904,1,0
League One,2025/2026,2026-01-27,29,Stevenage,Peterborough_United,1,0,2.1849,0.1527,1,0
League One,2025/2026,2026-01-27,29,Blackpool,Stockport_County,1,2,0.5827,1.5771,1,0
League One,2025/2026,2026-01-27,29,Bolton_Wanderers,Burton_Albion,2,1,2.6253,0.3187,1,0
League One,2025/2026,2026-01-27,29,Cardiff_City,Barnsley,4,0,2.2441,0.3853,1,0
League One,2025/2026,2026-01-27,29,Huddersfield_Town,Luton_Town,1,0,0.5517,0.5843,1,0
League One,2025/2026,2026-01-27,29,Plymouth_Argyle,Mansfield_Town,1,1,1.4378,0.5178,1,0
League One,2025/2026,2026-01-27,29,Rotherham_United,Northampton_Town,2,1,2.0435,0.9138,1,0
League One,2025/2026,2026-01-27,29,Wycombe_Wanderers,Wigan_Athletic,2,0,1.4575,0.2714,1,0
League One,2025/2026,2026-01-27,29,Lincoln_City,Bradford_City,3,0,1.5771,0.0267,1,0
League One,2025/2026,2026-01-27,29,Reading,Exeter_City,2,2,1.0574,0.8776,1,0
League One,2025/2026,2026-01-27,29,Doncaster_Rovers,Leyton_Orient,3,0,3.209,0.4263,1,0
Championship,2025/2026,2026-01-30,30,Bristol_City,Derby_County,0,5,0.2208,1.9014,1,0
Premier League,2025/2026,2026-01-31,24,Brighton_&_Hove_Albion,Everton,1,1,1.4393,1.1985,1,0
Premier League,2025/2026,2026-01-31,24,Chelsea,West_Ham_United,3,2,2.7004,1.1166,1,0
Premier League,2025/2026,2026-01-31,24,Liverpool,Newcastle_United,4,1,2.2822,0.3588,1,0
Championship,2025/2026,2026-01-31,30,Leicester_City,Charlton_Athletic,0,2,1.981,1.308,1,0
Championship,2025/2026,2026-01-31,30,Sheffield_Wednesday,Wrexham,0,1,0.4466,1.759,1,0
Championship,2025/2026,2026-01-31,30,Stoke_City,Southampton,0,2,0.8667,1.9037,1,0
Championship,2025/2026,2026-01-31,30,Blackburn_Rovers,Hull_City,0,1,0.4972,1.5415,1,0
Championship,2025/2026,2026-01-31,30,Ipswich_Town,Preston_North_End,1,1,2.7853,1.1932,1,0
Championship,2025/2026,2026-01-31,30,Middlesbrough,Norwich_City,1,0,0.4994,0.5311,1,0
Championship,2025/2026,2026-01-31,30,Millwall,Sheffield_United,1,1,1.4408,1.2189,1,0
Championship,2025/2026,2026-01-31,30,Oxford_United,Birmingham_City,0,2,0.4706,1.1382,1,0
Championship,2025/2026,2026-01-31,30,Queens_Park_Rangers,Coventry_City,2,1,1.1329,0.5892,1,0
Championship,2025/2026,2026-01-31,30,Portsmouth,West_Bromwich_Albion,3,0,2.5738,0.091,1,0
League One,2025/2026,2026-01-31,30,Barnsley,Stevenage,3,1,1.4786,1.2865,1,0
League One,2025/2026,2026-01-31,30,AFC_Wimbledon,Bolton_Wanderers,0,1,0.9653,1.3652,1,0
League One,2025/2026,2026-01-31,30,Bradford_City,Doncaster_Rovers,1,0,0.8825,0.8544,1,0
League One,2025/2026,2026-01-31,30,Northampton_Town,Reading,0,2,1.7826,1.3663,1,0
Premier League,2025/2026,2026-01-31,24,Wolverhampton_Wanderers,AFC_Bournemouth,0,2,1.3804,1.3587,1,0
Championship,2025/2026,2026-01-31,30,Watford,Swansea_City,0,2,0.9111,2.6374,1,0
League One,2025/2026,2026-01-31,30,Burton_Albion,Cardiff_City,2,2,1.4051,0.4436,1,0
Premier League,2025/2026,2026-01-31,24,Leeds_United,Arsenal,0,4,0.15,2.1936,1,0
League One,2025/2026,2026-01-31,30,Leyton_Orient,Port_Vale,0,1,0.9068,0.5093,1,0
League One,2025/2026,2026-01-31,30,Luton_Town,Blackpool,1,0,1.2174,0.1875,1,0
League One,2025/2026,2026-01-31,30,Mansfield_Town,Wycombe_Wanderers,0,0,0.2798,1.3076,1,0
League One,2025/2026,2026-01-31,30,Peterborough_United,Huddersfield_Town,2,3,1.5046,1.0453,1,0
League One,2025/2026,2026-01-31,30,Stockport_County,Plymouth_Argyle,2,1,0.9244,1.6017,1,0
League One,2025/2026,2026-01-31,30,Wigan_Athletic,Lincoln_City,0,1,0.557,1.0331,1,0
League One,2025/2026,2026-01-31,30,Exeter_City,Rotherham_United,0,4,1.1065,1.8032,1,0
Premier League,2025/2026,2026-02-01,24,Tottenham_Hotspur,Manchester_City,2,2,1.0506,2.0843,1,0
Premier League,2025/2026,2026-02-01,24,Nottingham_Forest,Crystal_Palace,1,1,0.4855,1.8992,1,0
Premier League,2025/2026,2026-02-01,24,Manchester_United,Fulham,3,2,1.7939,1.9421,1,0
Premier League,2025/2026,2026-02-01,24,Aston_Villa,Brentford,0,1,2.4032,0.3764,1,0
Premier League,2025/2026,2026-02-02,24,Sunderland,Burnley,3,0,1.1975,0.0579,1,0
Championship,2025/2026,2026-02-03,26,Sheffield_United,Oxford_United,3,1,1.1776,0.973,1,0
Championship,2025/2026,2026-02-03,26,Hull_City,Watford,0,0,0.3009,1.1494,1,0
Championship,2025/2026,2026-02-03,19,Blackburn_Rovers,Sheffield_Wednesday,1,0,0.7999,0.3229,1,0
League One,2025/2026,2026-02-03,16,Barnsley,Northampton_Town,2,2,2.929,2.0401,1,0
League One,2025/2026,2026-02-03,29,Port_Vale,AFC_Wimbledon,0,1,0.6976,0.7973,1,0
League One,2025/2026,2026-02-03,26,Burton_Albion,Doncaster_Rovers,1,2,0.8056,2.8414,1,0
Premier League,2025/2026,2026-02-06,25,Leeds_United,Nottingham_Forest,3,1,2.504,1.3312,1,0
Championship,2025/2026,2026-02-06,31,Charlton_Athletic,Queens_Park_Rangers,0,0,1.1019,0.7454,1,0
Premier League,2025/2026,2026-02-07,25,Burnley,West_Ham_United,0,2,1.3373,0.6946,1,0
League One,2025/2026,2026-02-07,31,Rotherham_United,Cardiff_City,0,3,0.8316,1.3703,1,0
League One,2025/2026,2026-02-07,31,Plymouth_Argyle,Lincoln_City,1,4,0.5752,1.1992,1,0
League One,2025/2026,2026-02-07,31,Peterborough_United,Wigan_Athletic,6,1,4.5158,0.9031,1,0
League One,2025/2026,2026-02-07,31,Northampton_Town,Stevenage,3,1,2.0906,3.6172,1,0
League One,2025/2026,2026-02-07,31,Mansfield_Town,Exeter_City,0,0,1.7393,0.4566,1,0
League One,2025/2026,2026-02-07,31,Huddersfield_Town,Blackpool,2,2,1.4442,0.9221,1,0
League One,2025/2026,2026-02-07,31,Bolton_Wanderers,Barnsley,3,2,2.3164,0.506,1,0
League One,2025/2026,2026-02-07,31,Port_Vale,Burton_Albion,2,2,1.7231,1.9999,1,0
Premier League,2025/2026,2026-02-07,25,Fulham,Everton,1,2,1.9716,1.8812,1,0
League One,2025/2026,2026-02-07,31,Luton_Town,Bradford_City,2,1,1.2177,1.7078,1,0
Premier League,2025/2026,2026-02-07,25,Newcastle_United,Brentford,2,3,2.2434,1.788,1,0
Premier League,2025/2026,2026-02-07,25,Wolverhampton_Wanderers,Chelsea,1,3,1.0592,3.4388,1,0
Premier League,2025/2026,2026-02-07,25,Manchester_United,Tottenham_Hotspur,2,0,1.776,0.4861,1,0
Premier League,2025/2026,2026-02-07,25,AFC_Bournemouth,Aston_Villa,1,1,2.0624,0.5929,1,0
Premier League,2025/2026,2026-02-07,25,Arsenal,Sunderland,3,0,1.4922,0.1877,1,0
League One,2025/2026,2026-02-07,31,AFC_Wimbledon,Reading,3,2,2.71,0.9574,1,0
League One,2025/2026,2026-02-07,31,Wycombe_Wanderers,Doncaster_Rovers,4,0,2.3701,0.4029,1,0
League One,2025/2026,2026-02-07,31,Stockport_County,Leyton_Orient,0,0,1.3794,0.8562,1,0
Championship,2025/2026,2026-02-07,31,Wrexham,Millwall,0,2,1.406,0.6425,1,0
Championship,2025/2026,2026-02-07,31,Coventry_City,Oxford_United,0,0,2.2855,0.1196,1,0
Championship,2025/2026,2026-02-07,31,Hull_City,Bristol_City,2,3,1.2292,1.9355,1,0
Championship,2025/2026,2026-02-07,31,Preston_North_End,Portsmouth,1,0,0.5699,1.2036,1,0
Championship,2025/2026,2026-02-07,31,West_Bromwich_Albion,Stoke_City,0,0,0.3804,0.3892,1,0
Championship,2025/2026,2026-02-07,31,Norwich_City,Blackburn_Rovers,2,0,1.5037,0.2578,1,0
Championship,2025/2026,2026-02-07,31,Derby_County,Ipswich_Town,1,2,1.0799,1.5113,1,0
Championship,2025/2026,2026-02-07,31,Birmingham_City,Leicester_City,2,1,1.4424,0.3043,1,0
Championship,2025/2026,2026-02-07,31,Southampton,Watford,1,0,0.8711,0.6825,1,0
Premier League,2025/2026,2026-02-08,25,Brighton_&_Hove_Albion,Crystal_Palace,0,1,0.7443,1.157,1,0
Championship,2025/2026,2026-02-08,31,Swansea_City,Sheffield_Wednesday,4,0,2.3393,0.0585,1,0
Premier League,2025/2026,2026-02-08,25,Liverpool,Manchester_City,1,2,1.2096,2.7483,1,0
Championship,2025/2026,2026-02-09,31,Sheffield_United,Middlesbrough,1,2,1.1086,1.7273,1,0
League One,2025/2026,2026-02-10,16,Wigan_Athletic,Reading,1,2,0.8195,1.4746,1,0
Premier League,2025/2026,2026-02-10,26,West_Ham_United,Manchester_United,1,1,1.1087,0.5747,1,0
Championship,2025/2026,2026-02-10,32,Oxford_United,Norwich_City,0,3,0.4531,2.3888,1,0
Premier League,2025/2026,2026-02-10,26,Tottenham_Hotspur,Newcastle_United,1,2,1.8504,2.4833,1,0
League One,2025/2026,2026-02-10,16,Mansfield_Town,Peterborough_United,1,2,2.8977,0.9574,1,0
Premier League,2025/2026,2026-02-10,26,Chelsea,Leeds_United,2,2,3.1297,1.441,1,0
Premier League,2025/2026,2026-02-10,26,Everton,AFC_Bournemouth,1,2,2.9444,1.3362,1,0
Championship,2025/2026,2026-02-10,32,Birmingham_City,West_Bromwich_Albion,0,0,1.2649,0.414,1,0
Championship,2025/2026,2026-02-10,32,Leicester_City,Southampton,3,4,0.6515,2.0413,1,0
Championship,2025/2026,2026-02-11,32,Charlton_Athletic,Stoke_City,1,0,2.6723,0.4963,1,0
Premier League,2025/2026,2026-02-11,26,Aston_Villa,Brighton_&_Hove_Albion,1,0,0.7193,0.4988,1,0
Premier League,2025/2026,2026-02-11,26,Manchester_City,Fulham,3,0,1.3679,1.4178,1,0
Premier League,2025/2026,2026-02-11,26,Nottingham_Forest,Wolverhampton_Wanderers,0,0,2.5521,0.4237,1,0
Premier League,2025/2026,2026-02-11,26,Crystal_Palace,Burnley,2,3,1.7969,0.5251,1,0
Premier League,2025/2026,2026-02-11,26,Sunderland,Liverpool,0,1,0.6279,2.5286,1,0
Premier League,2025/2026,2026-02-12,26,Brentford,Arsenal,1,1,1.5068,0.6003,1,0
Championship,2025/2026,2026-02-14,32,Derby_County,Swansea_City,2,0,0.7898,1.1121,1,0
Championship,2025/2026,2026-02-14,32,Portsmouth,Sheffield_United,0,1,2.367,1.4571,1,0
Championship,2025/2026,2026-02-14,32,Preston_North_End,Watford,2,2,0.8248,0.8502,1,0
Championship,2025/2026,2026-02-14,32,Queens_Park_Rangers,Blackburn_Rovers,1,3,2.0314,1.4829,1,0
Championship,2025/2026,2026-02-14,32,Sheffield_Wednesday,Millwall,1,2,1.0323,3.0446,1,0
League One,2025/2026,2026-02-14,32,Lincoln_City,Bolton_Wanderers,1,1,2.2889,0.589,1,0
League One,2025/2026,2026-02-14,32,Exeter_City,Northampton_Town,0,0,1.1067,0.2129,1,0
League One,2025/2026,2026-02-14,32,Reading,Wycombe_Wanderers,3,2,0.967,2.0159,1,0
League One,2025/2026,2026-02-14,32,Stevenage,Huddersfield_Town,1,0,1.7234,0.2897,1,0
League One,2025/2026,2026-02-14,32,Barnsley,AFC_Wimbledon,3,3,2.4314,1.4389,1,0
League One,2025/2026,2026-02-14,32,Blackpool,Plymouth_Argyle,0,4,0.2599,2.9841,1,0
League One,2025/2026,2026-02-14,32,Cardiff_City,Luton_Town,3,1,1.519,0.8115,1,0
League One,2025/2026,2026-02-14,32,Bradford_City,Peterborough_United,2,0,3.7868,0.6435,1,0
Championship,2025/2026,2026-02-16,32,Coventry_City,Middlesbrough,3,1,1.7928,1.0813,1,0
